customer_id,company_size,industry,region,customer_type,total_months_active,is_churned,latest_plan_type,avg_monthly_revenue,avg_session_duration,total_platform_uses,avg_engagement_count,engagement_rate,latest_satisfaction_score,latest_nps_score,session_duration_decay_ratio,revenue_trend_ratio,engagement_trend_ratio,outreach_volume_trend_ratio
CUST_00001,171,Finance,Europe,Mid-market,20,0,Basic,49.0,36.285714285714285,83,0.38095238095238093,0.19047619047619047,7.0,23.0,0.717,1.0,0.0,0.0
CUST_00002,24,Finance,Europe,SMB,8,0,Basic,29.0,17.333333333333332,17,0.0,0.0,7.0,23.0,0.981,1.0,0.0,0.0
CUST_00003,2,Education,Latin America,SMB,19,0,Enterprise,299.0,27.35,35,0.05,0.0,7.0,30.0,0.512,1.0,0.0,0.0
CUST_00004,3404,Technology,Europe,Enterprise,17,0,Enterprise,999.0,72.27777777777777,113,0.9444444444444444,0.4259259259259259,7.0,23.0,0.588,1.0,1.174,2.118
CUST_00005,15,Education,Latin America,SMB,2,1,Basic,29.0,15.666666666666666,3,0.0,0.0,7.0,23.0,1.149,1.0,0.0,0.0
CUST_00006,3,Education,Europe,SMB,6,1,Basic,29.0,22.714285714285715,8,0.2857142857142857,0.07142857142857142,7.0,23.0,0.33,1.0,0.0,0.0
CUST_00007,365,Technology,Latin America,Mid-market,6,1,Basic,49.0,32.857142857142854,17,0.5714285714285714,0.2857142857142857,7.0,23.0,0.578,1.0,1.75,2.625
CUST_00008,141,Finance,North America,Mid-market,23,0,Basic,49.0,44.5,83,0.4166666666666667,0.125,9.0,33.0,0.427,1.0,0.0,0.0
CUST_00009,469,Healthcare,Latin America,Mid-market,11,1,Pro,199.0,36.8125,61,0.1875,0.09375,8.0,34.0,0.516,1.0,0.0,0.0
CUST_00010,309,E-commerce,North America,Mid-market,5,0,Basic,49.0,28.5,19,0.3333333333333333,0.16666666666666666,7.0,23.0,0.965,1.0,0.0,0.0
CUST_00011,1495,Technology,North America,Enterprise,8,0,Enterprise,999.0,55.666666666666664,56,0.2222222222222222,0.1111111111111111,7.0,23.0,0.512,1.0,0.0,0.0
CUST_00012,239,E-commerce,North America,Mid-market,15,0,Basic,49.0,43.375,46,0.25,0.1875,7.0,34.0,0.692,1.0,5.333,4.0
CUST_00013,266,Finance,Europe,Mid-market,14,0,Pro,199.0,36.6,52,0.13333333333333333,0.13333333333333333,7.0,23.0,0.847,1.0,0.0,0.0
CUST_00014,7,Finance,North America,SMB,4,1,Basic,29.0,21.8,6,0.4,0.0,7.0,28.0,0.573,1.0,0.0,0.0
CUST_00015,441,Healthcare,North America,Mid-market,6,0,Basic,49.0,34.142857142857146,11,0.2857142857142857,0.0,7.0,23.0,0.732,1.0,0.0,1.75
CUST_00016,90,Technology,North America,Mid-market,1,0,Pro,199.0,24.0,2,1.5,0.75,7.0,23.0,1.0,1.0,1.0,1.0
CUST_00017,2954,Technology,North America,Enterprise,23,0,Enterprise,999.0,82.04166666666667,153,0.375,0.125,7.0,3.0,0.488,1.0,0.0,0.0
CUST_00018,1,E-commerce,Latin America,SMB,5,0,Pro,99.0,17.0,8,0.16666666666666666,0.0,7.0,23.0,0.912,1.0,0.0,0.0
CUST_00019,4993,Finance,Europe,Enterprise,3,0,Enterprise,999.0,56.5,10,0.5,0.5,7.0,23.0,0.566,1.0,0.0,0.0
CUST_00020,112,Education,North America,Mid-market,11,0,Basic,49.0,36.416666666666664,29,0.3333333333333333,0.25,7.0,23.0,0.384,1.0,0.0,0.0
CUST_00021,39,E-commerce,North America,SMB,16,0,Basic,29.0,28.11764705882353,35,0.29411764705882354,0.08823529411764706,8.0,23.0,0.818,1.0,0.0,0.0
CUST_00022,333,Healthcare,Asia-Pacific,Mid-market,2,0,Basic,49.0,15.0,2,0.0,0.0,7.0,23.0,1.033,1.0,0.0,0.0
CUST_00023,77,Finance,Latin America,Mid-market,1,1,Basic,49.0,31.5,3,0.0,0.0,7.0,23.0,1.0,1.0,0.0,0.0
CUST_00024,28,Healthcare,North America,SMB,3,0,Pro,99.0,21.5,5,0.25,0.0,7.0,23.0,0.558,1.0,0.0,2.0
CUST_00025,13,Retail,Europe,SMB,3,1,Basic,29.0,20.0,2,0.0,0.0,7.0,23.0,0.775,1.0,0.0,0.0
CUST_00026,33,Retail,Europe,SMB,8,1,Basic,29.0,18.11111111111111,17,0.2222222222222222,0.1111111111111111,7.0,23.0,0.635,1.0,0.0,2.25
CUST_00027,24,E-commerce,North America,SMB,16,0,Pro,99.0,26.58823529411765,28,0.29411764705882354,0.058823529411764705,7.0,23.0,0.527,1.0,8.499,1.7
CUST_00028,39,Technology,Latin America,SMB,16,0,Basic,29.0,24.529411764705884,22,0.17647058823529413,0.058823529411764705,6.0,-4.0,0.591,1.0,0.0,0.0
CUST_00029,51,Retail,North America,Mid-market,11,0,Basic,49.0,38.166666666666664,34,0.25,0.16666666666666666,7.0,23.0,0.459,1.0,0.0,2.0
CUST_00030,2,Retail,Europe,SMB,2,0,Basic,29.0,10.666666666666666,2,1.3333333333333333,0.5,7.0,23.0,0.516,1.0,1.5,1.125
CUST_00031,17,Education,North America,SMB,3,1,Enterprise,299.0,13.5,2,0.0,0.0,7.0,23.0,0.741,1.0,0.0,0.0
CUST_00032,48,E-commerce,North America,SMB,14,0,Basic,29.0,23.266666666666666,30,0.13333333333333333,0.0,7.0,23.0,0.559,1.0,0.0,0.0
CUST_00033,308,E-commerce,Asia-Pacific,Mid-market,19,0,Basic,49.0,42.55,64,0.25,0.2,8.0,31.0,0.658,1.0,0.0,0.0
CUST_00034,19,Technology,Europe,SMB,2,0,Basic,29.0,11.333333333333334,0,0.0,0.0,7.0,23.0,1.324,1.0,0.0,0.0
CUST_00035,88,Retail,North America,Mid-market,19,0,Basic,49.0,40.45,61,0.0,0.0,7.0,23.0,0.383,1.0,0.0,0.0
CUST_00036,200,Retail,North America,Mid-market,12,1,Pro,199.0,45.666666666666664,45,0.4,0.08888888888888888,7.0,23.0,0.668,1.0,1.875,3.75
CUST_00037,1123,Education,North America,Enterprise,10,0,Pro,299.0,86.0,79,0.09090909090909091,0.09090909090909091,10.0,40.0,0.663,1.0,0.0,0.0
CUST_00038,37,E-commerce,Latin America,SMB,5,0,Enterprise,299.0,18.5,5,0.5,0.16666666666666666,7.0,23.0,0.486,1.0,3.0,2.0
CUST_00039,257,Healthcare,Asia-Pacific,Mid-market,7,1,Basic,49.0,43.375,23,0.25,0.25,7.0,23.0,0.841,1.0,0.0,0.0
CUST_00040,2148,Retail,Europe,Enterprise,19,0,Enterprise,999.0,63.7,111,0.6,0.35,7.0,23.0,0.408,1.0,0.0,0.0
CUST_00041,598,Healthcare,North America,Enterprise,10,0,Enterprise,999.0,73.27272727272727,70,0.18181818181818182,0.18181818181818182,7.0,23.0,0.43,1.0,0.0,0.0
CUST_00042,35,Technology,Europe,SMB,18,1,Basic,29.0,26.095238095238095,40,0.047619047619047616,0.047619047619047616,7.0,23.0,0.46,1.0,0.0,0.0
CUST_00043,1800,Education,North America,Enterprise,0,0,Pro,299.0,49.0,6,0.0,0.0,7.0,23.0,1.0,1.0,0.0,0.0
CUST_00044,225,Retail,North America,Mid-market,5,1,Enterprise,499.0,36.833333333333336,23,0.16666666666666666,0.0,7.0,23.0,0.326,1.0,0.0,0.0
CUST_00045,38,E-commerce,North America,SMB,8,1,Basic,29.0,27.636363636363637,14,0.2727272727272727,0.09090909090909091,7.0,23.0,0.615,1.0,0.0,1.833
CUST_00046,21,Healthcare,Europe,SMB,16,0,Pro,99.0,23.058823529411764,29,0.4117647058823529,0.11764705882352941,4.0,-21.0,0.781,1.0,4.25,1.214
CUST_00047,48,Finance,North America,SMB,3,1,Basic,29.0,11.25,4,0.5,0.0,7.0,23.0,0.622,1.0,0.0,2.0
CUST_00048,30,Retail,Latin America,SMB,2,0,Pro,99.0,8.333333333333334,0,0.6666666666666666,0.0,7.0,23.0,1.08,1.0,0.0,1.5
CUST_00049,24,Education,North America,SMB,8,0,Pro,99.0,23.0,15,0.2222222222222222,0.0,7.0,23.0,0.761,1.0,0.0,4.5
CUST_00050,21,Healthcare,Latin America,SMB,12,0,Enterprise,299.0,21.76923076923077,16,0.07692307692307693,0.0,7.0,23.0,0.322,1.0,0.0,0.0
CUST_00051,3,Retail,North America,SMB,18,0,Basic,29.0,29.57894736842105,31,0.3684210526315789,0.07894736842105263,7.0,32.0,0.423,1.0,0.0,0.0
CUST_00052,27,E-commerce,North America,SMB,1,0,Basic,29.0,15.0,2,0.0,0.0,7.0,23.0,1.0,1.0,0.0,0.0
CUST_00053,4841,Retail,North America,Enterprise,7,1,Enterprise,999.0,40.1,58,0.7,0.7,7.0,23.0,0.623,1.0,1.429,1.429
CUST_00054,25,Technology,Asia-Pacific,SMB,18,0,Basic,29.0,24.210526315789473,35,0.10526315789473684,0.05263157894736842,5.0,-10.0,0.434,1.0,0.0,0.0
CUST_00055,4615,Retail,Europe,Enterprise,10,0,Enterprise,999.0,61.36363636363637,60,0.2727272727272727,0.18181818181818182,7.0,23.0,0.546,1.0,0.0,0.0
CUST_00056,23,E-commerce,Latin America,SMB,3,1,Basic,29.0,20.75,6,0.0,0.0,7.0,23.0,1.133,1.0,0.0,0.0
CUST_00057,22,E-commerce,North America,SMB,19,0,Basic,29.0,22.2,36,0.4,0.075,6.0,12.0,0.473,1.0,0.0,1.25
CUST_00058,2991,Technology,Asia-Pacific,Enterprise,13,0,Pro,299.0,68.71428571428571,81,0.5714285714285714,0.2857142857142857,7.0,23.0,0.371,1.0,0.0,0.0
CUST_00059,39,Education,Latin America,SMB,3,0,Pro,99.0,12.25,6,0.75,0.25,8.0,48.0,0.735,1.0,2.0,0.667
CUST_00060,360,E-commerce,Europe,Mid-market,17,0,Basic,49.0,40.05555555555556,58,0.3888888888888889,0.16666666666666666,7.0,23.0,0.624,1.0,0.0,0.0
CUST_00061,619,E-commerce,North America,Enterprise,2,0,Enterprise,999.0,57.0,7,0.3333333333333333,0.3333333333333333,7.0,23.0,0.842,1.0,1.5,1.5
CUST_00062,328,Technology,Latin America,Mid-market,4,0,Basic,49.0,41.0,10,0.0,0.0,7.0,23.0,0.524,1.0,0.0,0.0
CUST_00063,288,Technology,Latin America,Mid-market,3,1,Pro,199.0,24.0,6,0.5,0.5,7.0,23.0,0.854,1.0,1.0,1.0
CUST_00064,16,Finance,North America,SMB,20,1,Pro,99.0,26.88,43,0.04,0.0,7.0,23.0,0.316,1.0,0.0,12.497
CUST_00065,125,E-commerce,Asia-Pacific,Mid-market,17,1,Pro,199.0,38.9,62,0.5,0.175,7.0,23.0,0.694,1.0,0.0,1.0
CUST_00066,28,Retail,North America,SMB,18,1,Pro,99.0,26.428571428571427,27,0.14285714285714285,0.0,7.0,11.0,0.851,1.0,0.0,3.5
CUST_00067,12,E-commerce,Asia-Pacific,SMB,9,1,Basic,29.0,21.8,16,0.0,0.0,7.0,3.0,0.665,1.0,0.0,0.0
CUST_00068,271,Education,North America,Mid-market,10,1,Enterprise,499.0,35.09090909090909,26,0.2727272727272727,0.09090909090909091,7.0,23.0,0.57,1.0,0.0,1.833
CUST_00069,31,Finance,Latin America,SMB,6,1,Basic,29.0,21.857142857142858,13,0.14285714285714285,0.14285714285714285,7.0,23.0,0.572,1.0,0.0,0.0
CUST_00070,16,Finance,Asia-Pacific,SMB,2,0,Pro,99.0,18.0,2,0.3333333333333333,0.0,7.0,23.0,1.0,1.0,0.0,1.5
CUST_00071,445,Healthcare,Asia-Pacific,Mid-market,12,1,Basic,49.0,43.1764705882353,52,0.35294117647058826,0.11764705882352941,7.0,23.0,0.649,1.0,0.0,0.0
CUST_00072,37,Finance,Europe,SMB,1,0,Basic,29.0,14.5,2,0.5,0.5,7.0,23.0,1.0,1.0,1.0,1.0
CUST_00073,29,Technology,North America,SMB,15,0,Enterprise,299.0,28.4375,22,0.25,0.0625,7.0,24.0,0.211,1.0,0.0,0.0
CUST_00074,35,Finance,North America,SMB,7,1,Basic,29.0,22.9,20,0.0,0.0,7.0,23.0,0.721,1.0,0.0,0.0
CUST_00075,34,Technology,Asia-Pacific,SMB,0,0,Basic,29.0,20.0,0,0.0,0.0,7.0,23.0,1.0,1.0,0.0,0.0
CUST_00076,11,Finance,North America,SMB,20,0,Basic,29.0,27.285714285714285,34,0.23809523809523808,0.09523809523809523,7.0,29.0,0.733,1.0,0.0,2.1
CUST_00077,10,Finance,North America,SMB,10,0,Basic,29.0,21.454545454545453,13,0.0,0.0,7.0,23.0,0.746,1.0,0.0,0.0
CUST_00078,18,Healthcare,Europe,SMB,8,1,Basic,29.0,24.636363636363637,15,0.09090909090909091,0.0,10.0,50.0,0.487,1.0,0.0,0.0
CUST_00079,13,Finance,North America,SMB,20,1,Pro,99.0,27.08,45,0.2,0.04,7.0,23.0,0.517,1.0,0.0,0.0
CUST_00080,133,Retail,Europe,Mid-market,14,1,Basic,49.0,43.470588235294116,59,0.47058823529411764,0.29411764705882354,7.0,23.0,0.506,1.0,0.0,0.0
CUST_00081,41,Retail,North America,SMB,0,0,Pro,99.0,16.0,1,0.0,0.0,7.0,23.0,1.0,1.0,0.0,0.0
CUST_00082,47,Education,Europe,SMB,21,0,Enterprise,299.0,22.40909090909091,42,0.36363636363636365,0.22727272727272727,7.0,23.0,0.892,1.0,2.2,1.375
CUST_00083,21,Retail,Europe,SMB,19,0,Basic,29.0,25.4,45,0.2,0.05,7.0,23.0,0.276,1.0,0.0,0.0
CUST_00084,3482,Finance,Latin America,Enterprise,8,0,Enterprise,999.0,62.0,52,0.3333333333333333,0.3333333333333333,7.0,26.0,0.726,1.0,1.5,1.5
CUST_00085,18,Finance,North America,SMB,10,1,Basic,29.0,22.076923076923077,20,0.38461538461538464,0.07692307692307693,7.0,23.0,0.408,1.0,0.0,0.0
CUST_00086,56,Retail,North America,Mid-market,2,1,Enterprise,499.0,27.666666666666668,4,0.3333333333333333,0.0,7.0,23.0,0.831,1.0,0.0,0.0
CUST_00087,243,Technology,Latin America,Mid-market,18,0,Basic,49.0,46.31578947368421,58,0.3157894736842105,0.2631578947368421,9.0,52.0,0.335,1.0,0.0,0.0
CUST_00088,17,Finance,North America,SMB,7,0,Basic,29.0,21.875,11,0.0,0.0,7.0,23.0,0.571,1.0,0.0,0.0
CUST_00089,3986,Education,North America,Enterprise,7,0,Enterprise,999.0,56.625,46,0.25,0.25,7.0,23.0,0.804,1.0,2.0,2.0
CUST_00090,39,Technology,Latin America,SMB,9,0,Pro,99.0,22.2,17,0.3,0.1,5.0,-15.0,0.923,1.0,0.0,1.667
CUST_00091,20,Education,Europe,SMB,19,1,Basic,29.0,23.25,49,0.0,0.0,7.0,23.0,0.581,1.0,0.0,0.0
CUST_00092,397,Retail,Asia-Pacific,Mid-market,5,1,Enterprise,499.0,32.0,23,0.0,0.0,7.0,23.0,0.484,1.0,0.0,0.0
CUST_00093,38,Retail,Latin America,SMB,17,1,Basic,29.0,17.75,27,0.05,0.0,6.0,28.0,0.732,1.0,0.0,0.0
CUST_00094,4675,Finance,North America,Enterprise,20,0,Basic,99.0,63.714285714285715,149,0.3333333333333333,0.16666666666666666,7.0,23.0,0.62,1.0,0.0,0.0
CUST_00095,4012,Healthcare,Asia-Pacific,Enterprise,17,0,Basic,99.0,72.22222222222223,123,0.2777777777777778,0.19444444444444445,7.0,23.0,0.471,1.0,0.0,0.0
CUST_00096,3,Retail,Europe,SMB,10,0,Basic,29.0,24.90909090909091,27,0.09090909090909091,0.0,6.0,-3.0,0.622,1.0,0.0,5.499
CUST_00097,407,Technology,Latin America,Mid-market,2,0,Enterprise,499.0,27.666666666666668,3,0.3333333333333333,0.3333333333333333,7.0,23.0,1.066,1.0,1.5,1.5
CUST_00098,185,Education,Europe,Mid-market,10,0,Basic,49.0,31.90909090909091,31,0.36363636363636365,0.18181818181818182,7.0,23.0,0.799,1.0,2.75,2.75
CUST_00099,27,Finance,Latin America,SMB,1,0,Basic,29.0,14.0,2,0.5,0.5,7.0,23.0,1.0,1.0,1.0,1.0
CUST_00100,28,Finance,Asia-Pacific,SMB,7,0,Basic,29.0,22.875,14,0.0,0.0,7.0,23.0,0.503,1.0,0.0,0.0
CUST_00101,47,Healthcare,Asia-Pacific,SMB,2,1,Pro,99.0,14.0,2,0.0,0.0,7.0,23.0,1.0,1.0,0.0,0.0
CUST_00102,33,Healthcare,North America,SMB,9,0,Pro,99.0,29.4,10,0.2,0.1,10.0,47.0,0.493,1.0,0.0,0.0
CUST_00103,331,Retail,North America,Mid-market,11,0,Enterprise,499.0,39.333333333333336,42,0.5,0.25,7.0,23.0,0.928,1.0,4.0,2.0
CUST_00104,34,Retail,Asia-Pacific,SMB,7,1,Pro,99.0,22.5,14,0.1,0.0,7.0,23.0,0.844,1.0,0.0,0.0
CUST_00105,5,E-commerce,Asia-Pacific,SMB,20,0,Basic,29.0,23.952380952380953,33,0.09523809523809523,0.047619047619047616,5.0,-3.0,0.689,1.0,0.0,0.0
CUST_00106,4678,Finance,Asia-Pacific,Enterprise,2,0,Enterprise,999.0,64.33333333333333,17,0.0,0.0,7.0,23.0,1.003,1.0,0.0,0.0
CUST_00107,13,Retail,Latin America,SMB,19,0,Basic,29.0,26.3,34,0.05,0.05,7.0,23.0,0.608,1.0,0.0,0.0
CUST_00108,2074,Technology,North America,Enterprise,9,0,Enterprise,999.0,73.9,71,0.7,0.36666666666666664,7.0,23.0,0.44,1.0,0.0,0.0
CUST_00109,12,Healthcare,Europe,SMB,18,1,Basic,29.0,22.714285714285715,43,0.09523809523809523,0.047619047619047616,7.0,23.0,0.44,1.0,0.0,0.0
CUST_00110,3314,Healthcare,Europe,Enterprise,22,0,Basic,99.0,72.0,158,0.30434782608695654,0.2608695652173913,7.0,23.0,0.562,1.0,1.917,1.643
CUST_00111,39,E-commerce,Asia-Pacific,SMB,14,0,Pro,99.0,19.733333333333334,29,0.13333333333333333,0.06666666666666667,7.0,23.0,0.659,1.0,0.0,0.0
CUST_00112,335,Technology,Europe,Mid-market,2,1,Enterprise,499.0,27.0,4,0.0,0.0,7.0,23.0,1.222,1.0,0.0,0.0
CUST_00113,33,Education,Europe,SMB,13,0,Pro,99.0,21.357142857142858,25,0.07142857142857142,0.0,8.0,19.0,0.585,1.0,0.0,0.0
CUST_00114,29,Healthcare,Asia-Pacific,SMB,9,1,Basic,29.0,24.6,17,0.2,0.0,7.0,23.0,0.386,1.0,0.0,2.5
CUST_00115,4664,Education,North America,Enterprise,19,0,Enterprise,999.0,72.65,137,0.65,0.35,7.0,23.0,0.468,1.0,0.0,0.0
CUST_00116,289,E-commerce,Europe,Mid-market,3,1,Basic,49.0,24.25,14,0.0,0.0,7.0,23.0,0.845,1.0,0.0,0.0
CUST_00117,8,Healthcare,North America,SMB,20,0,Basic,29.0,29.666666666666668,35,0.19047619047619047,0.09523809523809523,7.0,23.0,0.742,1.0,0.0,0.0
CUST_00118,209,Healthcare,Europe,Mid-market,2,1,Pro,199.0,18.666666666666668,2,0.3333333333333333,0.0,7.0,23.0,0.884,1.0,0.0,1.5
CUST_00119,42,Finance,North America,SMB,21,1,Basic,29.0,22.25,55,0.041666666666666664,0.0,8.0,14.0,0.494,1.0,0.0,0.0
CUST_00120,46,Retail,North America,SMB,6,0,Basic,29.0,24.428571428571427,14,0.2857142857142857,0.14285714285714285,7.0,23.0,0.675,1.0,0.0,0.0
CUST_00121,47,Healthcare,North America,SMB,6,0,Basic,29.0,23.0,13,0.14285714285714285,0.0,7.0,23.0,0.674,1.0,0.0,0.0
CUST_00122,110,Healthcare,Latin America,Mid-market,1,1,Pro,199.0,27.0,3,0.0,0.0,7.0,23.0,1.0,1.0,0.0,0.0
CUST_00123,15,Retail,Europe,SMB,2,1,Pro,99.0,13.0,1,1.0,0.8,7.0,23.0,0.846,1.0,1.25,1.0
CUST_00124,14,Technology,Asia-Pacific,SMB,14,0,Basic,29.0,27.8,27,0.2,0.06666666666666667,7.0,23.0,0.629,1.0,0.0,2.5
CUST_00125,56,Healthcare,North America,Mid-market,16,1,Basic,49.0,42.61904761904762,77,0.47619047619047616,0.23809523809523808,5.0,1.0,0.469,1.0,0.0,0.0
CUST_00126,2406,Education,North America,Enterprise,23,1,Enterprise,999.0,70.53846153846153,178,0.4230769230769231,0.28846153846153844,7.0,23.0,0.305,1.0,3.467,3.545
CUST_00127,17,Education,North America,SMB,23,0,Pro,99.0,28.125,51,0.20833333333333334,0.041666666666666664,7.0,26.0,0.782,1.0,0.0,0.0
CUST_00128,20,Retail,Latin America,SMB,16,0,Basic,29.0,26.235294117647058,22,0.11764705882352941,0.058823529411764705,9.0,27.0,0.858,1.0,0.0,0.0
CUST_00129,277,Finance,Europe,Mid-market,6,1,Pro,199.0,42.0,31,0.0,0.0,7.0,23.0,0.619,1.0,0.0,0.0
CUST_00130,91,Retail,Europe,Mid-market,20,0,Pro,199.0,40.80952380952381,60,0.38095238095238093,0.23809523809523808,7.0,23.0,0.686,1.0,0.0,0.0
CUST_00131,45,Technology,North America,SMB,10,0,Pro,99.0,24.545454545454547,19,0.45454545454545453,0.22727272727272727,7.0,23.0,0.448,1.0,1.1,2.2
CUST_00132,48,E-commerce,North America,SMB,11,0,Basic,29.0,20.333333333333332,17,0.08333333333333333,0.0,7.0,23.0,0.467,1.0,0.0,0.0
CUST_00133,3370,E-commerce,North America,Enterprise,7,0,Basic,99.0,62.875,61,0.25,0.25,7.0,23.0,0.429,1.0,0.0,0.0
CUST_00134,31,Finance,Latin America,SMB,19,0,Basic,29.0,22.75,41,0.2,0.1,7.0,23.0,0.703,1.0,0.0,0.0
CUST_00135,49,Education,North America,SMB,23,1,Enterprise,299.0,26.392857142857142,48,0.21428571428571427,0.03571428571428571,7.0,23.0,0.303,1.0,0.0,2.333
CUST_00136,11,Retail,Asia-Pacific,SMB,4,0,Basic,29.0,23.6,8,0.2,0.0,7.0,23.0,0.551,1.0,0.0,0.0
CUST_00137,4,Finance,North America,SMB,9,1,Pro,99.0,25.1,18,0.3,0.1,7.0,23.0,0.916,1.0,0.0,1.667
CUST_00138,38,Retail,Europe,SMB,0,0,Basic,29.0,21.0,3,0.0,0.0,7.0,23.0,1.0,1.0,0.0,0.0
CUST_00139,2539,Healthcare,North America,Enterprise,19,0,Pro,299.0,67.55,136,0.65,0.425,7.0,23.0,0.651,1.0,0.0,0.0
CUST_00140,2,Technology,North America,SMB,11,1,Basic,29.0,19.916666666666668,19,0.3333333333333333,0.05555555555555555,7.0,26.0,0.603,1.0,0.0,1.5
CUST_00141,15,Retail,North America,SMB,4,0,Basic,29.0,15.6,4,0.2,0.0,7.0,-6.0,0.577,1.0,0.0,2.5
CUST_00142,44,Retail,Latin America,SMB,5,1,Basic,29.0,20.25,5,0.0,0.0,5.0,-10.0,0.889,1.0,0.0,0.0
CUST_00143,2070,Technology,North America,Enterprise,13,0,Enterprise,999.0,80.85714285714286,102,0.5,0.5,7.0,23.0,0.736,1.0,1.0,1.0
CUST_00144,410,Finance,North America,Mid-market,7,0,Pro,199.0,40.75,28,0.375,0.25,7.0,23.0,0.454,1.0,0.0,0.0
CUST_00145,19,Finance,North America,SMB,16,0,Basic,29.0,27.11764705882353,28,0.29411764705882354,0.14705882352941177,7.0,23.0,0.738,1.0,0.0,0.0
CUST_00146,138,Retail,Latin America,Mid-market,11,0,Enterprise,499.0,39.25,41,0.16666666666666666,0.0,7.0,23.0,0.497,1.0,0.0,3.0
CUST_00147,174,E-commerce,Latin America,Mid-market,10,0,Pro,199.0,44.63636363636363,34,0.36363636363636365,0.09090909090909091,7.0,23.0,0.526,1.0,0.0,0.0
CUST_00148,33,Retail,North America,SMB,10,0,Basic,29.0,23.636363636363637,17,0.09090909090909091,0.09090909090909091,7.0,23.0,0.804,1.0,5.499,5.499
CUST_00149,6,Healthcare,Europe,SMB,3,1,Basic,29.0,22.25,0,0.5,0.5,7.0,23.0,0.899,1.0,1.0,1.0
CUST_00150,15,Technology,North America,SMB,2,0,Pro,99.0,11.333333333333334,4,0.0,0.0,7.0,23.0,1.147,1.0,0.0,0.0
CUST_00151,87,Healthcare,Asia-Pacific,Mid-market,3,0,Pro,199.0,24.75,14,0.75,0.125,7.0,23.0,0.707,1.0,2.0,1.333
CUST_00152,22,Retail,North America,SMB,9,0,Basic,29.0,22.3,10,0.1,0.0,7.0,23.0,0.628,1.0,0.0,5.0
CUST_00153,31,E-commerce,Asia-Pacific,SMB,6,0,Pro,99.0,19.571428571428573,9,0.0,0.0,7.0,23.0,0.69,1.0,0.0,0.0
CUST_00154,29,Finance,Europe,SMB,16,0,Basic,29.0,22.470588235294116,29,0.4117647058823529,0.17647058823529413,7.0,23.0,0.534,1.0,0.0,0.0
CUST_00155,36,Healthcare,Europe,SMB,22,0,Pro,99.0,27.565217391304348,40,0.30434782608695654,0.08695652173913043,7.0,23.0,0.453,1.0,0.0,0.0
CUST_00156,379,Education,North America,Mid-market,14,0,Pro,199.0,43.2,55,0.2,0.13333333333333333,9.0,34.0,0.44,1.0,0.0,0.0
CUST_00157,12,Technology,Latin America,SMB,5,1,Basic,29.0,13.5,16,0.125,0.125,7.0,23.0,1.444,1.0,0.0,0.0
CUST_00158,40,Retail,North America,SMB,2,1,Basic,29.0,12.0,6,0.0,0.0,7.0,23.0,1.25,1.0,0.0,0.0
CUST_00159,4376,Education,Asia-Pacific,Enterprise,1,0,Enterprise,999.0,43.5,18,0.0,0.0,7.0,23.0,1.0,1.0,0.0,0.0
CUST_00160,29,Technology,North America,SMB,10,1,Basic,29.0,23.384615384615383,23,0.7692307692307693,0.15384615384615385,7.0,23.0,0.47,1.0,0.0,1.3
CUST_00161,3976,Retail,North America,Enterprise,8,0,Enterprise,999.0,74.44444444444444,65,0.3333333333333333,0.2222222222222222,7.0,23.0,0.557,1.0,2.25,1.5
CUST_00162,487,Retail,North America,Mid-market,12,0,Basic,49.0,43.07692307692308,40,0.3076923076923077,0.23076923076923078,7.0,23.0,0.58,1.0,0.0,0.0
CUST_00163,10,Retail,Asia-Pacific,SMB,5,0,Basic,29.0,20.333333333333332,5,0.0,0.0,7.0,23.0,0.811,1.0,0.0,0.0
CUST_00164,74,Healthcare,North America,Mid-market,9,0,Pro,199.0,36.9,24,0.5,0.1,9.0,25.0,0.379,1.0,0.0,0.0
CUST_00165,4100,Technology,Europe,Enterprise,4,0,Pro,299.0,40.6,22,0.2,0.2,7.0,23.0,0.579,1.0,0.0,0.0
CUST_00166,25,Healthcare,North America,SMB,2,1,Basic,29.0,17.6,6,0.0,0.0,7.0,23.0,1.335,1.0,0.0,0.0
CUST_00167,43,Retail,Asia-Pacific,SMB,3,1,Pro,99.0,16.5,8,0.25,0.0,7.0,23.0,0.758,1.0,0.0,2.0
CUST_00168,20,Retail,North America,SMB,2,0,Basic,29.0,10.333333333333334,1,0.0,0.0,7.0,23.0,1.161,1.0,0.0,0.0
CUST_00169,40,Education,Europe,SMB,12,0,Basic,29.0,25.46153846153846,21,0.15384615384615385,0.07692307692307693,7.0,23.0,0.785,1.0,6.499,3.25
CUST_00170,19,E-commerce,Asia-Pacific,SMB,5,0,Basic,29.0,12.5,8,0.0,0.0,7.0,23.0,0.68,1.0,0.0,0.0
CUST_00171,16,Finance,North America,SMB,13,0,Basic,29.0,27.285714285714285,24,0.21428571428571427,0.10714285714285714,7.0,23.0,0.238,1.0,0.0,0.0
CUST_00172,2,Healthcare,Europe,SMB,10,0,Basic,29.0,20.545454545454547,14,0.18181818181818182,0.0,7.0,23.0,1.071,1.0,0.0,0.0
CUST_00173,4,E-commerce,Asia-Pacific,SMB,3,1,Basic,29.0,26.75,7,0.5,0.5,6.0,21.0,0.804,1.0,1.0,1.0
CUST_00174,2401,Technology,North America,Enterprise,15,0,Enterprise,999.0,59.5,121,0.375,0.1875,7.0,23.0,0.655,1.0,0.0,1.333
CUST_00175,7,Education,Asia-Pacific,SMB,18,0,Basic,29.0,25.57894736842105,29,0.2631578947368421,0.0,5.0,9.0,0.489,1.0,0.0,1.9
CUST_00176,8,Healthcare,North America,SMB,12,0,Basic,29.0,19.692307692307693,31,0.38461538461538464,0.07692307692307693,7.0,23.0,0.432,1.0,0.0,0.0
CUST_00177,47,Healthcare,Asia-Pacific,SMB,8,1,Basic,29.0,21.444444444444443,15,0.3333333333333333,0.0,5.0,-13.0,0.466,1.0,0.0,3.0
CUST_00178,46,E-commerce,Europe,SMB,4,1,Basic,29.0,20.4,7,0.2,0.0,7.0,23.0,0.539,1.0,0.0,2.5
CUST_00179,1322,E-commerce,North America,Enterprise,7,0,Enterprise,999.0,52.625,48,0.375,0.25,7.0,23.0,0.599,1.0,0.0,0.0
CUST_00180,430,Finance,North America,Mid-market,9,1,Pro,199.0,39.9,29,0.3,0.2,7.0,23.0,0.414,1.0,2.5,3.333
CUST_00181,453,Retail,Asia-Pacific,Mid-market,5,1,Pro,199.0,28.125,21,0.125,0.125,9.0,17.0,0.96,1.0,4.0,4.0
CUST_00182,37,Education,Asia-Pacific,SMB,6,0,Basic,29.0,18.571428571428573,4,0.0,0.0,7.0,23.0,0.969,1.0,0.0,0.0
CUST_00183,22,Education,North America,SMB,15,0,Basic,29.0,26.375,24,0.375,0.1875,7.0,23.0,0.645,1.0,0.0,0.0
CUST_00184,32,Healthcare,Latin America,SMB,12,0,Pro,99.0,23.076923076923077,24,0.38461538461538464,0.15384615384615385,7.0,23.0,0.607,1.0,0.0,1.3
CUST_00185,45,Retail,Europe,SMB,0,0,Basic,29.0,21.0,2,0.0,0.0,7.0,23.0,1.0,1.0,0.0,0.0
CUST_00186,26,Healthcare,Europe,SMB,14,0,Basic,29.0,26.4,23,0.2,0.06666666666666667,6.0,25.0,0.701,1.0,0.0,0.0
CUST_00187,2675,Finance,North America,Enterprise,9,0,Enterprise,999.0,67.4,69,0.2,0.2,7.0,23.0,0.823,1.0,2.5,2.5
CUST_00188,38,Retail,Europe,SMB,22,0,Basic,29.0,21.695652173913043,47,0.30434782608695654,0.13043478260869565,6.0,-7.0,0.737,1.0,0.0,0.0
CUST_00189,362,E-commerce,North America,Mid-market,11,0,Basic,49.0,35.25,39,0.5833333333333334,0.3333333333333333,7.0,23.0,0.894,1.0,1.5,1.714
CUST_00190,954,Education,Europe,Enterprise,9,1,Enterprise,999.0,65.7,60,0.9,0.6,10.0,54.0,0.464,1.0,0.0,0.556
CUST_00191,113,E-commerce,Europe,Mid-market,1,0,Pro,199.0,15.0,6,0.0,0.0,7.0,23.0,1.0,1.0,0.0,0.0
CUST_00192,26,Healthcare,North America,SMB,3,1,Pro,99.0,12.0,2,0.5,0.0,7.0,23.0,0.833,1.0,0.0,0.0
CUST_00193,39,Education,Asia-Pacific,SMB,10,1,Basic,29.0,21.181818181818183,16,0.36363636363636365,0.18181818181818182,7.0,23.0,0.543,1.0,2.75,1.375
CUST_00194,2285,E-commerce,North America,Enterprise,16,0,Enterprise,999.0,72.17647058823529,121,0.35294117647058826,0.29411764705882354,7.0,35.0,0.374,1.0,1.7,1.417
CUST_00195,45,Education,North America,SMB,5,1,Basic,29.0,20.75,10,0.0,0.0,7.0,21.0,0.554,1.0,0.0,0.0
CUST_00196,66,Retail,North America,Mid-market,8,0,Pro,199.0,39.333333333333336,29,0.6666666666666666,0.16666666666666666,7.0,23.0,0.547,1.0,0.0,0.0
CUST_00197,35,Technology,Europe,SMB,0,1,Basic,29.0,19.0,0,0.0,0.0,7.0,23.0,1.0,1.0,0.0,0.0
CUST_00198,34,Healthcare,North America,SMB,19,0,Basic,29.0,22.7,26,0.2,0.075,8.0,46.0,0.749,1.0,0.0,0.0
CUST_00199,17,Healthcare,Latin America,SMB,3,1,Basic,29.0,19.75,6,0.25,0.0,7.0,23.0,1.038,1.0,0.0,2.0
CUST_00200,265,Education,Europe,Mid-market,7,1,Pro,199.0,44.125,21,0.625,0.125,8.0,30.0,0.691,1.0,4.0,0.8
CUST_00201,247,Finance,Asia-Pacific,Mid-market,12,1,Enterprise,499.0,38.333333333333336,45,0.2,0.1,7.0,23.0,0.6,1.0,2.5,5.0
CUST_00202,45,Healthcare,Latin America,SMB,2,1,Basic,29.0,18.666666666666668,3,0.0,0.0,7.0,23.0,0.991,1.0,0.0,0.0
CUST_00203,21,Retail,North America,SMB,6,0,Pro,99.0,21.714285714285715,12,0.14285714285714285,0.14285714285714285,7.0,23.0,0.599,1.0,3.5,3.5
CUST_00204,3430,Finance,Asia-Pacific,Enterprise,21,0,Basic,99.0,76.18181818181819,162,0.5,0.38636363636363635,7.0,23.0,0.82,1.0,1.941,3.0
CUST_00205,30,Finance,Europe,SMB,1,0,Basic,29.0,14.5,1,0.5,0.5,7.0,23.0,1.0,1.0,1.0,1.0
CUST_00206,63,Technology,Europe,Mid-market,11,0,Basic,49.0,38.916666666666664,38,0.25,0.0,7.0,23.0,0.527,1.0,0.0,2.0
CUST_00207,37,Finance,North America,SMB,18,1,Basic,29.0,25.095238095238095,35,0.09523809523809523,0.047619047619047616,7.0,23.0,0.538,1.0,0.0,0.0
CUST_00208,49,Education,Europe,SMB,6,1,Pro,99.0,22.714285714285715,10,0.2857142857142857,0.2857142857142857,8.0,19.0,0.77,1.0,0.0,0.0
CUST_00209,475,Technology,Europe,Mid-market,7,0,Basic,49.0,42.375,19,0.5,0.1875,7.0,23.0,0.661,1.0,4.0,4.0
CUST_00210,13,Technology,Latin America,SMB,1,1,Basic,29.0,16.5,3,0.0,0.0,7.0,23.0,1.0,1.0,0.0,0.0
CUST_00211,29,Healthcare,Latin America,SMB,7,1,Pro,99.0,18.375,16,0.0,0.0,7.0,23.0,0.245,1.0,0.0,0.0
CUST_00212,10,Education,Latin America,SMB,8,0,Basic,29.0,21.77777777777778,15,0.3333333333333333,0.1111111111111111,7.0,23.0,0.528,1.0,0.0,1.5
CUST_00213,14,Retail,North America,SMB,9,1,Pro,99.0,29.3,23,0.2,0.1,7.0,23.0,0.273,1.0,0.0,0.0
CUST_00214,48,E-commerce,Europe,SMB,11,0,Basic,29.0,26.166666666666668,22,0.08333333333333333,0.0,7.0,23.0,0.497,1.0,0.0,0.0
CUST_00215,1463,Retail,North America,Enterprise,0,0,Basic,99.0,22.0,4,2.0,0.5,7.0,23.0,1.0,1.0,1.0,1.0
CUST_00216,1306,Finance,North America,Enterprise,19,0,Enterprise,999.0,74.1,137,0.3,0.3,7.0,23.0,0.661,1.0,1.667,1.667
CUST_00217,1384,E-commerce,Europe,Enterprise,9,0,Enterprise,999.0,72.0,65,1.1,0.41666666666666663,7.0,23.0,0.639,1.0,1.2,0.455
CUST_00218,41,Technology,North America,SMB,16,0,Basic,29.0,20.941176470588236,31,0.17647058823529413,0.058823529411764705,7.0,23.0,0.573,1.0,0.0,0.0
CUST_00219,264,Finance,Europe,Mid-market,7,0,Pro,199.0,42.375,27,0.25,0.25,7.0,23.0,0.519,1.0,0.0,0.0
CUST_00220,42,Retail,North America,SMB,1,0,Basic,29.0,9.0,1,0.0,0.0,7.0,23.0,1.0,1.0,0.0,0.0
CUST_00221,318,Healthcare,Asia-Pacific,Mid-market,3,1,Pro,199.0,26.0,13,0.25,0.0,7.0,23.0,0.769,1.0,0.0,0.0
CUST_00222,147,Education,Europe,Mid-market,20,0,Basic,49.0,43.38095238095238,75,0.3333333333333333,0.14285714285714285,7.0,23.0,0.369,1.0,0.0,0.0
CUST_00223,1718,Education,Europe,Enterprise,3,1,Pro,299.0,61.5,19,0.5,0.5,7.0,23.0,0.667,1.0,1.0,1.0
CUST_00224,34,Retail,Europe,SMB,13,0,Basic,29.0,22.571428571428573,20,0.35714285714285715,0.10714285714285714,7.0,7.0,0.864,1.0,2.333,2.8
CUST_00225,18,Finance,North America,SMB,19,1,Basic,29.0,25.772727272727273,42,0.18181818181818182,0.045454545454545456,7.0,13.0,0.485,1.0,0.0,0.0
CUST_00226,3611,Education,North America,Enterprise,9,0,Pro,299.0,65.9,63,0.4,0.25,7.0,23.0,0.561,1.0,0.0,0.0
CUST_00227,40,Technology,Europe,SMB,14,0,Basic,29.0,23.533333333333335,26,0.06666666666666667,0.0,7.0,23.0,0.765,1.0,0.0,0.0
CUST_00228,16,E-commerce,Europe,SMB,22,1,Basic,29.0,22.36,30,0.08,0.04,6.0,-1.0,0.581,1.0,0.0,0.0
CUST_00229,45,Retail,North America,SMB,10,1,Basic,29.0,25.0,15,0.18181818181818182,0.09090909090909091,7.0,23.0,0.42,1.0,0.0,0.0
CUST_00230,1056,Healthcare,Asia-Pacific,Enterprise,12,0,Pro,299.0,66.38461538461539,70,0.6153846153846154,0.21153846153846154,9.0,44.0,0.859,1.0,4.727,2.437
CUST_00231,88,Healthcare,North America,Mid-market,23,0,Basic,49.0,47.23076923076923,101,0.6923076923076923,0.22435897435897434,7.0,25.0,0.339,1.0,1.114,1.444
CUST_00232,499,Finance,North America,Mid-market,2,1,Enterprise,499.0,24.333333333333332,8,0.3333333333333333,0.3333333333333333,6.0,-6.0,0.925,1.0,1.5,1.5
CUST_00233,31,Retail,Europe,SMB,16,0,Basic,29.0,25.705882352941178,24,0.29411764705882354,0.11764705882352941,7.0,23.0,0.584,1.0,0.0,1.7
CUST_00234,7,E-commerce,North America,SMB,1,0,Pro,99.0,18.5,3,0.0,0.0,7.0,23.0,1.0,1.0,0.0,0.0
CUST_00235,30,Education,Europe,SMB,4,0,Pro,99.0,15.6,6,0.2,0.0,7.0,23.0,0.641,1.0,0.0,0.0
CUST_00236,27,Education,North America,SMB,22,1,Pro,99.0,27.74074074074074,45,0.25925925925925924,0.1111111111111111,7.0,23.0,0.775,1.0,4.5,1.928
CUST_00237,71,Technology,Europe,Mid-market,9,1,Basic,49.0,45.1,28,0.7,0.4,8.0,25.0,0.654,1.0,1.25,0.714
CUST_00238,29,E-commerce,Latin America,SMB,8,0,Pro,99.0,19.666666666666668,18,0.1111111111111111,0.0,9.0,37.0,0.992,1.0,0.0,0.0
CUST_00239,78,Finance,North America,Mid-market,0,0,Basic,49.0,14.0,2,0.0,0.0,7.0,23.0,1.0,1.0,0.0,0.0
CUST_00240,23,Healthcare,North America,SMB,22,1,Basic,29.0,28.32,52,0.36,0.0,7.0,13.0,0.618,1.0,0.0,0.0
CUST_00241,13,Education,Europe,SMB,6,0,Basic,29.0,23.571428571428573,8,0.2857142857142857,0.0,5.0,7.0,0.658,1.0,0.0,1.75
CUST_00242,32,Finance,North America,SMB,2,1,Pro,99.0,13.0,6,0.3333333333333333,0.3333333333333333,7.0,23.0,1.115,1.0,1.5,1.5
CUST_00243,386,Healthcare,North America,Mid-market,11,1,Basic,49.0,39.0,43,0.6666666666666666,0.25,7.0,23.0,0.577,1.0,0.0,0.0
CUST_00244,37,Finance,Latin America,SMB,11,0,Basic,29.0,27.25,21,0.0,0.0,7.0,23.0,0.789,1.0,0.0,0.0
CUST_00245,38,Healthcare,North America,SMB,7,1,Basic,29.0,23.125,16,0.125,0.125,7.0,23.0,0.67,1.0,0.0,0.0
CUST_00246,61,Retail,Asia-Pacific,Mid-market,6,0,Basic,49.0,40.0,25,0.14285714285714285,0.14285714285714285,7.0,23.0,0.612,1.0,0.0,0.0
CUST_00247,17,Education,North America,SMB,15,0,Basic,29.0,20.8125,23,0.1875,0.0625,7.0,23.0,0.697,1.0,0.0,0.0
CUST_00248,248,E-commerce,Europe,Mid-market,4,0,Pro,199.0,39.8,19,0.0,0.0,7.0,23.0,0.766,1.0,0.0,0.0
CUST_00249,453,Education,Latin America,Mid-market,11,0,Basic,49.0,43.0,49,0.16666666666666666,0.08333333333333333,7.0,23.0,0.64,1.0,0.0,0.0
CUST_00250,20,Retail,Europe,SMB,5,0,Basic,29.0,16.333333333333332,11,0.16666666666666666,0.0,7.0,23.0,0.765,1.0,0.0,0.0
CUST_00251,2,E-commerce,Europe,SMB,6,0,Basic,29.0,20.714285714285715,9,0.2857142857142857,0.14285714285714285,7.0,23.0,0.652,1.0,3.5,3.5
CUST_00252,18,Retail,North America,SMB,12,0,Enterprise,299.0,21.23076923076923,20,0.15384615384615385,0.07692307692307693,7.0,23.0,1.013,1.0,0.0,3.25
CUST_00253,45,E-commerce,North America,SMB,13,0,Enterprise,299.0,22.285714285714285,24,0.14285714285714285,0.07142857142857142,7.0,23.0,0.628,1.0,0.0,0.0
CUST_00254,2076,Healthcare,Europe,Enterprise,0,0,Enterprise,999.0,45.0,6,0.0,0.0,7.0,23.0,1.0,1.0,0.0,0.0
CUST_00255,20,E-commerce,Europe,SMB,4,1,Basic,29.0,19.0,6,0.2,0.2,7.0,23.0,0.605,1.0,0.0,0.0
CUST_00256,33,Education,North America,SMB,1,0,Basic,29.0,15.5,4,0.0,0.0,7.0,23.0,1.0,1.0,0.0,0.0
CUST_00257,26,Technology,Latin America,SMB,4,0,Basic,29.0,19.4,2,0.2,0.2,7.0,23.0,0.979,1.0,0.0,0.0
CUST_00258,354,Technology,North America,Mid-market,1,0,Enterprise,499.0,25.5,0,0.5,0.0,7.0,23.0,1.0,1.0,0.0,1.0
CUST_00259,272,E-commerce,Europe,Mid-market,13,0,Basic,49.0,40.0,44,0.5,0.21428571428571427,6.0,11.0,0.7,1.0,0.0,1.0
CUST_00260,20,Technology,Europe,SMB,10,0,Pro,99.0,23.454545454545453,23,0.45454545454545453,0.09090909090909091,7.0,19.0,0.831,1.0,0.0,1.1
CUST_00261,437,Healthcare,Latin America,Mid-market,13,0,Pro,199.0,40.214285714285715,42,0.5,0.17857142857142858,7.0,23.0,0.758,1.0,0.0,0.0
CUST_00262,237,Healthcare,North America,Mid-market,11,0,Pro,199.0,37.583333333333336,38,0.25,0.0,7.0,23.0,0.612,1.0,0.0,0.0
CUST_00263,45,Education,North America,SMB,23,0,Basic,29.0,24.375,39,0.20833333333333334,0.16666666666666666,7.0,23.0,0.349,1.0,0.0,2.4
CUST_00264,29,Education,Asia-Pacific,SMB,1,1,Enterprise,299.0,14.5,2,0.0,0.0,7.0,23.0,1.0,1.0,0.0,0.0
CUST_00265,18,Education,Europe,SMB,3,0,Basic,29.0,25.5,8,0.0,0.0,7.0,23.0,0.745,1.0,0.0,0.0
CUST_00266,28,Retail,Europe,SMB,0,0,Enterprise,299.0,27.0,1,0.0,0.0,7.0,23.0,1.0,1.0,0.0,0.0
CUST_00267,33,E-commerce,North America,SMB,0,0,Basic,29.0,7.0,1,0.0,0.0,7.0,23.0,1.0,1.0,0.0,0.0
CUST_00268,20,Technology,Asia-Pacific,SMB,13,0,Enterprise,299.0,25.5,25,0.07142857142857142,0.0,8.0,31.0,0.922,1.0,0.0,0.0
CUST_00269,226,Education,North America,Mid-market,7,0,Pro,199.0,34.25,18,0.125,0.0,7.0,23.0,0.686,1.0,0.0,4.0
CUST_00270,2,Technology,Europe,SMB,4,0,Basic,29.0,24.6,7,0.0,0.0,8.0,46.0,0.915,1.0,0.0,0.0
CUST_00271,4781,Technology,Latin America,Enterprise,11,1,Enterprise,999.0,71.58333333333333,68,0.6666666666666666,0.4166666666666667,7.0,23.0,0.489,1.0,0.0,0.0
CUST_00272,15,Technology,Europe,SMB,15,1,Basic,29.0,26.5,41,0.25,0.1,7.0,23.0,0.943,1.0,5.0,2.0
CUST_00273,14,Technology,North America,SMB,6,1,Basic,29.0,21.11111111111111,9,0.1111111111111111,0.1111111111111111,7.0,23.0,0.782,1.0,0.0,0.0
CUST_00274,47,Finance,Europe,SMB,5,1,Pro,99.0,21.875,17,0.625,0.125,7.0,23.0,0.823,1.0,0.0,1.6
CUST_00275,17,Technology,North America,SMB,1,1,Basic,29.0,5.0,2,0.0,0.0,7.0,23.0,1.0,1.0,0.0,0.0
CUST_00276,36,Retail,Asia-Pacific,SMB,12,1,Basic,29.0,21.76923076923077,25,0.46153846153846156,0.10256410256410256,7.0,23.0,0.597,1.0,0.0,1.083
CUST_00277,14,Technology,North America,SMB,14,0,Basic,29.0,29.466666666666665,21,0.3333333333333333,0.13333333333333333,7.0,23.0,0.458,1.0,0.0,0.0
CUST_00278,5,E-commerce,North America,SMB,4,0,Basic,29.0,23.8,9,1.0,0.1,7.0,23.0,0.819,1.0,2.5,1.0
CUST_00279,20,Retail,North America,SMB,8,1,Pro,99.0,25.23076923076923,21,0.07692307692307693,0.0,7.0,23.0,0.535,1.0,0.0,6.499
CUST_00280,49,Finance,Europe,SMB,14,0,Pro,99.0,21.133333333333333,28,0.06666666666666667,0.06666666666666667,7.0,23.0,0.899,1.0,0.0,0.0
CUST_00281,494,E-commerce,North America,Mid-market,1,1,Pro,199.0,29.0,5,0.5,0.5,7.0,23.0,1.0,1.0,1.0,1.0
CUST_00282,1,Education,North America,SMB,13,0,Basic,29.0,24.0,18,0.2857142857142857,0.14285714285714285,7.0,23.0,0.354,1.0,0.0,1.75
CUST_00283,49,Healthcare,North America,SMB,20,0,Basic,29.0,24.952380952380953,46,0.09523809523809523,0.047619047619047616,6.0,5.0,0.802,1.0,10.498,5.249
CUST_00284,43,Finance,Europe,SMB,1,0,Basic,29.0,15.5,2,0.5,0.5,7.0,23.0,1.0,1.0,1.0,1.0
CUST_00285,3749,Retail,Europe,Enterprise,19,1,Enterprise,999.0,72.0,175,0.7083333333333334,0.5833333333333334,7.0,23.0,0.722,1.0,0.0,0.0
CUST_00286,16,E-commerce,North America,SMB,5,1,Basic,29.0,20.625,10,0.25,0.25,7.0,23.0,1.067,1.0,0.0,0.0
CUST_00287,5,Finance,Europe,SMB,5,1,Basic,29.0,19.333333333333332,8,0.3333333333333333,0.16666666666666666,7.0,23.0,0.828,1.0,3.0,3.0
CUST_00288,30,Technology,North America,SMB,7,0,Basic,29.0,27.25,14,0.0,0.0,7.0,23.0,0.422,1.0,0.0,0.0
CUST_00289,8,Retail,North America,SMB,12,1,Pro,99.0,19.692307692307693,21,0.07692307692307693,0.0,7.0,23.0,0.508,1.0,0.0,0.0
CUST_00290,191,Healthcare,Latin America,Mid-market,12,0,Pro,199.0,40.38461538461539,35,0.15384615384615385,0.15384615384615385,7.0,23.0,0.656,1.0,0.0,0.0
CUST_00291,241,E-commerce,Asia-Pacific,Mid-market,22,0,Pro,199.0,47.34782608695652,84,0.30434782608695654,0.1956521739130435,7.0,23.0,0.718,1.0,1.278,3.286
CUST_00292,3730,Finance,Asia-Pacific,Enterprise,5,0,Enterprise,999.0,42.666666666666664,25,0.3333333333333333,0.3333333333333333,9.0,36.0,0.773,1.0,1.5,1.5
CUST_00293,38,E-commerce,North America,SMB,7,1,Basic,29.0,25.4,12,0.1,0.0,7.0,23.0,0.689,1.0,0.0,0.0
CUST_00294,414,Retail,North America,Mid-market,23,0,Pro,199.0,44.708333333333336,82,0.20833333333333334,0.0625,7.0,11.0,0.481,1.0,0.0,0.0
CUST_00295,1,Retail,North America,SMB,13,0,Basic,29.0,26.857142857142858,20,0.21428571428571427,0.07142857142857142,7.0,23.0,0.801,1.0,0.0,2.333
CUST_00296,466,Healthcare,North America,Mid-market,21,0,Pro,199.0,41.09090909090909,74,0.5,0.22727272727272727,7.0,23.0,0.402,1.0,0.0,0.0
CUST_00297,35,E-commerce,North America,SMB,7,1,Basic,29.0,21.5,9,0.25,0.125,7.0,23.0,0.302,1.0,0.0,0.0
CUST_00298,331,Retail,North America,Mid-market,3,0,Pro,199.0,36.75,10,0.25,0.25,7.0,23.0,0.667,1.0,2.0,2.0
CUST_00299,25,Finance,Asia-Pacific,SMB,13,0,Basic,29.0,24.357142857142858,20,0.07142857142857142,0.0,7.0,23.0,0.554,1.0,0.0,0.0
CUST_00300,43,Education,Europe,SMB,23,0,Basic,29.0,18.583333333333332,46,0.25,0.08333333333333333,7.0,23.0,0.834,1.0,0.0,0.0
CUST_00301,70,Healthcare,Europe,Mid-market,12,0,Pro,199.0,41.15384615384615,38,0.3076923076923077,0.07692307692307693,8.0,11.0,0.607,1.0,0.0,0.0
CUST_00302,25,Finance,Latin America,SMB,5,1,Pro,99.0,17.333333333333332,10,0.0,0.0,7.0,23.0,0.808,1.0,0.0,0.0
CUST_00303,34,Finance,North America,SMB,0,0,Basic,29.0,19.0,1,0.0,0.0,7.0,23.0,1.0,1.0,0.0,0.0
CUST_00304,29,Education,Asia-Pacific,SMB,13,0,Basic,29.0,21.571428571428573,30,0.14285714285714285,0.0,7.0,23.0,0.649,1.0,0.0,3.5
CUST_00305,2,Education,Asia-Pacific,SMB,18,1,Basic,29.0,27.434782608695652,31,0.21739130434782608,0.13043478260869565,7.0,23.0,0.638,1.0,3.833,4.6
CUST_00306,44,Healthcare,North America,SMB,4,0,Basic,29.0,21.6,5,0.2,0.2,7.0,23.0,1.019,1.0,0.0,0.0
CUST_00307,347,Retail,Europe,Mid-market,4,0,Basic,49.0,31.8,16,0.2,0.0,7.0,23.0,0.676,1.0,0.0,0.0
CUST_00308,45,E-commerce,Europe,SMB,22,1,Basic,29.0,22.703703703703702,51,0.1111111111111111,0.037037037037037035,7.0,23.0,1.101,1.0,0.0,0.0
CUST_00309,22,E-commerce,Asia-Pacific,SMB,12,0,Basic,29.0,23.307692307692307,17,0.15384615384615385,0.0,5.0,-8.0,0.601,1.0,0.0,3.25
CUST_00310,42,Technology,North America,SMB,16,1,Basic,29.0,22.31578947368421,32,0.3684210526315789,0.23684210526315788,7.0,23.0,1.165,1.0,2.111,1.357
CUST_00311,99,Healthcare,Asia-Pacific,Mid-market,4,0,Pro,199.0,30.8,14,0.2,0.2,7.0,23.0,0.617,1.0,2.5,2.5
CUST_00312,452,Technology,Asia-Pacific,Mid-market,2,0,Pro,199.0,23.666666666666668,8,0.3333333333333333,0.3333333333333333,7.0,23.0,0.803,1.0,1.5,1.5
CUST_00313,35,Finance,North America,SMB,1,0,Basic,29.0,14.0,2,0.5,0.0,7.0,23.0,1.0,1.0,0.0,1.0
CUST_00314,3352,Retail,North America,Enterprise,20,0,Pro,299.0,70.52380952380952,153,0.6666666666666666,0.42857142857142855,7.0,28.0,0.652,1.0,1.167,1.5
CUST_00315,14,Healthcare,North America,SMB,2,0,Basic,29.0,13.333333333333334,6,0.0,0.0,7.0,23.0,0.937,1.0,0.0,0.0
CUST_00316,7,Technology,North America,SMB,7,1,Basic,29.0,17.25,12,0.125,0.125,7.0,23.0,0.812,1.0,0.0,0.0
CUST_00317,290,Finance,Asia-Pacific,Mid-market,4,0,Pro,199.0,30.8,17,0.2,0.0,7.0,23.0,0.649,1.0,0.0,0.0
CUST_00318,1625,Healthcare,Europe,Enterprise,8,1,Pro,299.0,61.27272727272727,72,0.36363636363636365,0.2727272727272727,7.0,23.0,0.743,1.0,0.0,1.375
CUST_00319,4948,Education,North America,Enterprise,5,0,Enterprise,999.0,73.5,37,0.5,0.16666666666666666,9.0,41.0,0.823,1.0,0.0,1.0
CUST_00320,39,Healthcare,North America,SMB,1,0,Basic,29.0,8.0,2,0.5,0.0,7.0,23.0,1.0,1.0,0.0,1.0
CUST_00321,27,Education,Asia-Pacific,SMB,0,0,Pro,99.0,18.0,1,2.0,0.5,7.0,23.0,1.0,1.0,1.0,1.0
CUST_00322,44,Technology,Asia-Pacific,SMB,18,1,Pro,99.0,27.952380952380953,47,0.38095238095238093,0.047619047619047616,7.0,24.0,0.823,1.0,0.0,2.625
CUST_00323,2,Technology,Latin America,SMB,11,0,Basic,29.0,26.083333333333332,26,0.25,0.08333333333333333,7.0,23.0,0.671,1.0,0.0,2.0
CUST_00324,22,E-commerce,North America,SMB,2,1,Pro,99.0,18.0,1,0.6666666666666666,0.0,7.0,23.0,1.111,1.0,0.0,0.0
CUST_00325,3165,Retail,North America,Enterprise,9,0,Pro,299.0,57.2,61,0.8,0.55,7.0,23.0,0.559,1.0,1.818,1.25
CUST_00326,12,Education,North America,SMB,9,0,Pro,99.0,19.3,10,0.3,0.05,7.0,23.0,0.544,1.0,0.0,0.0
CUST_00327,164,Finance,North America,Mid-market,2,0,Enterprise,499.0,25.666666666666668,3,0.0,0.0,7.0,23.0,0.994,1.0,0.0,0.0
CUST_00328,30,Education,North America,SMB,20,0,Pro,99.0,22.80952380952381,31,0.19047619047619047,0.09523809523809523,4.0,-32.0,0.592,1.0,5.249,2.625
CUST_00329,12,Retail,Europe,SMB,3,1,Basic,29.0,20.0,3,0.25,0.25,7.0,23.0,0.75,1.0,2.0,2.0
CUST_00330,45,Education,North America,SMB,5,1,Basic,29.0,21.125,19,0.0,0.0,7.0,23.0,0.781,1.0,0.0,0.0
CUST_00331,11,Retail,Europe,SMB,2,1,Basic,29.0,10.333333333333334,4,0.3333333333333333,0.0,7.0,23.0,1.161,1.0,0.0,1.5
CUST_00332,35,Technology,Europe,SMB,18,0,Pro,99.0,26.736842105263158,27,0.10526315789473684,0.05263157894736842,7.0,23.0,0.393,1.0,0.0,0.0
CUST_00333,12,Finance,North America,SMB,10,0,Enterprise,299.0,28.636363636363637,14,0.36363636363636365,0.18181818181818182,7.0,25.0,0.646,1.0,2.75,1.375
CUST_00334,24,Finance,North America,SMB,9,1,Basic,29.0,18.4,17,0.2,0.1,6.0,2.0,1.005,1.0,0.0,0.0
CUST_00335,448,Education,Asia-Pacific,Mid-market,2,0,Basic,49.0,27.666666666666668,4,0.6666666666666666,0.3333333333333333,7.0,23.0,0.904,1.0,1.5,1.5
CUST_00336,20,Healthcare,North America,SMB,10,0,Basic,29.0,22.0,15,0.18181818181818182,0.0,7.0,23.0,0.523,1.0,0.0,2.75
CUST_00337,144,E-commerce,North America,Mid-market,15,0,Basic,49.0,34.875,55,0.0625,0.0625,8.0,21.0,0.86,1.0,0.0,0.0
CUST_00338,2460,Education,Europe,Enterprise,2,1,Enterprise,999.0,39.333333333333336,9,0.3333333333333333,0.3333333333333333,7.0,23.0,1.309,1.0,0.0,0.0
CUST_00339,74,Finance,North America,Mid-market,23,0,Basic,49.0,45.541666666666664,86,0.20833333333333334,0.10416666666666667,7.0,23.0,0.78,1.0,4.8,2.4
CUST_00340,1345,Education,North America,Enterprise,21,0,Enterprise,999.0,70.68181818181819,148,0.5454545454545454,0.36363636363636365,7.0,23.0,0.792,1.0,0.0,0.0
CUST_00341,43,E-commerce,North America,SMB,6,0,Basic,29.0,22.0,10,0.14285714285714285,0.0,7.0,23.0,0.545,1.0,0.0,0.0
CUST_00342,467,Healthcare,Europe,Mid-market,15,0,Pro,199.0,38.3125,64,0.125,0.0625,7.0,23.0,0.431,1.0,0.0,0.0
CUST_00343,15,Finance,Europe,SMB,3,1,Enterprise,299.0,16.0,9,0.5,0.5,7.0,23.0,0.469,1.0,1.0,1.0
CUST_00344,46,Finance,North America,SMB,8,1,Basic,29.0,27.181818181818183,16,0.2727272727272727,0.09090909090909091,7.0,20.0,0.405,1.0,0.0,3.667
CUST_00345,89,Education,Europe,Mid-market,15,0,Basic,49.0,40.0625,56,0.375,0.21875,7.0,23.0,0.399,1.0,1.143,2.667
CUST_00346,471,Education,Asia-Pacific,Mid-market,20,0,Basic,49.0,41.095238095238095,75,0.09523809523809523,0.0,7.0,23.0,0.9,1.0,0.0,0.0
CUST_00347,56,E-commerce,Asia-Pacific,Mid-market,16,0,Pro,199.0,38.8235294117647,54,0.5294117647058824,0.17647058823529413,7.0,23.0,0.27,1.0,2.833,2.833
CUST_00348,5,Finance,North America,SMB,7,1,Pro,99.0,19.4,22,0.0,0.0,6.0,-23.0,0.799,1.0,0.0,0.0
CUST_00349,15,Finance,North America,SMB,2,1,Basic,29.0,13.0,2,0.3333333333333333,0.0,7.0,23.0,1.115,1.0,0.0,1.5
CUST_00350,262,Finance,North America,Mid-market,2,0,Basic,49.0,22.0,5,0.0,0.0,7.0,23.0,0.955,1.0,0.0,0.0
CUST_00351,213,Finance,Latin America,Mid-market,16,0,Basic,49.0,35.588235294117645,58,0.17647058823529413,0.029411764705882353,7.0,23.0,0.464,1.0,0.0,0.0
CUST_00352,26,Finance,Asia-Pacific,SMB,2,1,Basic,29.0,13.666666666666666,5,0.0,0.0,7.0,24.0,0.988,1.0,0.0,0.0
CUST_00353,35,Education,Asia-Pacific,SMB,7,0,Basic,29.0,27.875,15,0.375,0.125,5.0,4.0,0.7,1.0,0.0,0.0
CUST_00354,4700,Technology,Latin America,Enterprise,3,1,Enterprise,999.0,32.25,20,0.0,0.0,8.0,40.0,0.822,1.0,0.0,0.0
CUST_00355,97,Retail,Asia-Pacific,Mid-market,17,0,Basic,49.0,37.27777777777778,64,0.3888888888888889,0.2037037037037037,7.0,23.0,0.832,1.0,0.0,0.0
CUST_00356,28,Education,Asia-Pacific,SMB,23,0,Pro,99.0,29.291666666666668,44,0.16666666666666666,0.041666666666666664,5.0,15.0,0.341,1.0,0.0,0.0
CUST_00357,15,E-commerce,Europe,SMB,0,0,Basic,29.0,7.0,1,0.0,0.0,7.0,23.0,1.0,1.0,0.0,0.0
CUST_00358,8,Retail,Europe,SMB,3,1,Pro,99.0,18.25,6,0.25,0.25,7.0,23.0,0.712,1.0,0.0,0.0
CUST_00359,35,Finance,Asia-Pacific,SMB,17,0,Pro,99.0,24.833333333333332,34,0.05555555555555555,0.05555555555555555,7.0,26.0,0.624,1.0,0.0,0.0
CUST_00360,36,Technology,Europe,SMB,2,0,Basic,29.0,14.0,5,0.0,0.0,7.0,23.0,1.143,1.0,0.0,0.0
CUST_00361,4062,Healthcare,North America,Enterprise,2,0,Enterprise,999.0,50.0,14,0.0,0.0,7.0,23.0,1.17,1.0,0.0,0.0
CUST_00362,32,Technology,North America,SMB,6,1,Basic,29.0,25.285714285714285,4,0.14285714285714285,0.14285714285714285,7.0,23.0,0.949,1.0,0.0,0.0
CUST_00363,3493,Retail,Latin America,Enterprise,11,1,Pro,299.0,68.07142857142857,89,0.5,0.32142857142857145,9.0,73.0,0.58,1.0,3.111,2.0
CUST_00364,10,Retail,Europe,SMB,5,0,Basic,29.0,17.5,4,0.3333333333333333,0.16666666666666666,7.0,23.0,0.571,1.0,0.0,0.0
CUST_00365,32,Technology,Europe,SMB,19,0,Basic,29.0,26.95,39,0.1,0.1,7.0,23.0,0.816,1.0,0.0,0.0
CUST_00366,15,Technology,North America,SMB,10,1,Basic,29.0,30.90909090909091,20,0.18181818181818182,0.09090909090909091,7.0,23.0,0.744,1.0,0.0,0.0
CUST_00367,4197,Retail,North America,Enterprise,15,0,Pro,299.0,78.5,121,0.4375,0.375,7.0,28.0,0.567,1.0,2.667,2.286
CUST_00368,4488,Healthcare,Latin America,Enterprise,10,0,Enterprise,999.0,60.54545454545455,63,0.5454545454545454,0.2727272727272727,7.0,23.0,0.925,1.0,1.833,1.833
CUST_00369,480,Retail,North America,Mid-market,19,1,Enterprise,499.0,44.40909090909091,87,0.3181818181818182,0.18181818181818182,7.0,23.0,0.495,1.0,0.0,0.0
CUST_00370,409,E-commerce,Asia-Pacific,Mid-market,6,0,Basic,49.0,41.0,15,0.14285714285714285,0.14285714285714285,7.0,23.0,0.549,1.0,3.5,3.5
CUST_00371,199,Healthcare,North America,Mid-market,16,0,Pro,199.0,34.0,56,0.17647058823529413,0.11764705882352941,7.0,23.0,0.397,1.0,4.25,2.833
CUST_00372,29,Finance,North America,SMB,10,1,Basic,29.0,23.545454545454547,22,0.09090909090909091,0.0,8.0,55.0,0.637,1.0,0.0,0.0
CUST_00373,93,Healthcare,North America,Mid-market,12,1,Enterprise,499.0,38.46153846153846,51,0.9230769230769231,0.34615384615384615,7.0,23.0,0.494,1.0,1.444,0.542
CUST_00374,19,Retail,Europe,SMB,7,1,Pro,99.0,24.25,14,0.375,0.0,7.0,23.0,0.557,1.0,0.0,1.333
CUST_00375,160,Retail,Asia-Pacific,Mid-market,23,0,Enterprise,499.0,42.583333333333336,91,0.25,0.0625,7.0,19.0,0.352,1.0,0.0,0.0
CUST_00376,3,Retail,Asia-Pacific,SMB,19,0,Basic,29.0,24.4,27,0.05,0.0,7.0,23.0,0.594,1.0,0.0,0.0
CUST_00377,25,Technology,Asia-Pacific,SMB,4,1,Basic,29.0,22.8,7,0.2,0.2,7.0,23.0,0.57,1.0,0.0,0.0
CUST_00378,474,Healthcare,North America,Mid-market,10,1,Enterprise,499.0,39.36363636363637,37,0.2727272727272727,0.13636363636363635,7.0,23.0,0.483,1.0,0.0,0.0
CUST_00379,363,E-commerce,Asia-Pacific,Mid-market,20,0,Pro,199.0,43.38095238095238,58,0.42857142857142855,0.14285714285714285,7.0,23.0,0.45,1.0,0.0,0.0
CUST_00380,426,Retail,Latin America,Mid-market,5,0,Basic,49.0,36.5,13,0.16666666666666666,0.0,7.0,23.0,0.767,1.0,0.0,0.0
CUST_00381,37,E-commerce,Latin America,SMB,3,1,Basic,29.0,17.5,5,0.5,0.25,7.0,23.0,0.914,1.0,0.0,0.0
CUST_00382,35,Education,Asia-Pacific,SMB,1,0,Basic,29.0,19.0,2,0.0,0.0,7.0,23.0,1.0,1.0,0.0,0.0
CUST_00383,46,Finance,North America,SMB,18,1,Basic,29.0,23.80952380952381,34,0.19047619047619047,0.047619047619047616,7.0,23.0,0.798,1.0,0.0,2.625
CUST_00384,52,Education,Europe,Mid-market,17,1,Basic,49.0,40.65,74,0.25,0.025,7.0,23.0,0.455,1.0,0.0,2.0
CUST_00385,24,Education,Europe,SMB,0,0,Basic,29.0,11.0,0,0.0,0.0,7.0,23.0,1.0,1.0,0.0,0.0
CUST_00386,49,Education,Asia-Pacific,SMB,5,1,Basic,29.0,25.0,6,0.16666666666666666,0.16666666666666666,7.0,23.0,0.68,1.0,0.0,0.0
CUST_00387,38,Finance,Asia-Pacific,SMB,13,0,Basic,29.0,27.5,18,0.2857142857142857,0.023809523809523808,6.0,13.0,0.618,1.0,0.0,0.0
CUST_00388,232,Finance,North America,Mid-market,20,0,Pro,199.0,45.0,62,0.19047619047619047,0.047619047619047616,7.0,23.0,0.456,1.0,0.0,0.0
CUST_00389,28,Education,North America,SMB,20,0,Basic,29.0,26.428571428571427,42,0.3333333333333333,0.047619047619047616,7.0,23.0,0.284,1.0,0.0,0.0
CUST_00390,4793,Finance,North America,Enterprise,3,1,Enterprise,999.0,47.5,24,0.25,0.25,7.0,23.0,0.716,1.0,2.0,2.0
CUST_00391,11,E-commerce,Latin America,SMB,15,0,Basic,29.0,22.4375,24,0.0625,0.0,7.0,23.0,0.78,1.0,0.0,0.0
CUST_00392,2597,Education,North America,Enterprise,19,0,Pro,299.0,70.3,128,0.95,0.5125,7.0,23.0,0.597,1.0,0.0,0.526
CUST_00393,45,Finance,Asia-Pacific,SMB,3,0,Pro,99.0,15.0,0,0.0,0.0,7.0,23.0,1.333,1.0,0.0,0.0
CUST_00394,2503,E-commerce,North America,Enterprise,3,1,Pro,299.0,45.0,25,0.25,0.25,7.0,23.0,0.778,1.0,2.0,2.0
CUST_00395,4,Education,North America,SMB,22,0,Pro,99.0,27.782608695652176,41,0.34782608695652173,0.15217391304347827,7.0,40.0,0.486,1.0,6.571,2.875
CUST_00396,149,Retail,Asia-Pacific,Mid-market,3,0,Pro,199.0,33.75,7,0.0,0.0,7.0,23.0,0.889,1.0,0.0,0.0
CUST_00397,24,Retail,Asia-Pacific,SMB,18,0,Basic,29.0,23.94736842105263,38,0.21052631578947367,0.15789473684210525,7.0,23.0,0.585,1.0,0.0,0.0
CUST_00398,28,Technology,North America,SMB,3,1,Basic,29.0,17.833333333333332,11,0.0,0.0,7.0,23.0,0.477,1.0,0.0,0.0
CUST_00399,31,Technology,North America,SMB,9,1,Pro,99.0,23.9,16,0.1,0.0,7.0,23.0,0.753,1.0,0.0,5.0
CUST_00400,233,Retail,Europe,Mid-market,3,0,Basic,49.0,29.75,7,0.5,0.25,7.0,23.0,0.824,1.0,2.0,1.0
CUST_00401,33,Retail,North America,SMB,3,0,Pro,99.0,27.0,0,0.0,0.0,7.0,23.0,0.907,1.0,0.0,0.0
CUST_00402,15,Healthcare,Latin America,SMB,6,1,Basic,29.0,16.22222222222222,19,0.2222222222222222,0.0,6.0,24.0,0.647,1.0,0.0,2.25
CUST_00403,21,E-commerce,Asia-Pacific,SMB,17,0,Pro,99.0,28.77777777777778,29,0.05555555555555555,0.0,7.0,23.0,0.226,1.0,0.0,0.0
CUST_00404,19,Finance,Europe,SMB,2,1,Pro,99.0,13.0,4,0.0,0.0,7.0,23.0,1.154,1.0,0.0,0.0
CUST_00405,1394,Retail,North America,Enterprise,11,0,Enterprise,999.0,78.83333333333333,74,0.3333333333333333,0.25,7.0,5.0,0.533,1.0,2.0,1.5
CUST_00406,34,Retail,Europe,SMB,7,1,Basic,29.0,18.6,15,0.1,0.0,7.0,23.0,1.183,1.0,0.0,0.0
CUST_00407,147,E-commerce,Europe,Mid-market,23,0,Basic,49.0,43.0,88,0.20833333333333334,0.14583333333333334,7.0,23.0,0.57,1.0,0.0,0.0
CUST_00408,22,Finance,North America,SMB,7,0,Basic,29.0,18.75,14,0.125,0.0,7.0,23.0,0.827,1.0,0.0,0.0
CUST_00409,22,Healthcare,Asia-Pacific,SMB,9,1,Basic,29.0,21.0,17,0.4,0.03333333333333333,7.0,26.0,0.286,1.0,0.0,0.0
CUST_00410,35,Education,North America,SMB,4,0,Basic,29.0,10.6,14,0.0,0.0,7.0,23.0,0.802,1.0,0.0,0.0
CUST_00411,432,Finance,North America,Mid-market,0,0,Pro,199.0,30.0,3,0.0,0.0,7.0,23.0,1.0,1.0,0.0,0.0
CUST_00412,165,Finance,Asia-Pacific,Mid-market,21,1,Pro,199.0,40.416666666666664,101,0.375,0.041666666666666664,8.0,28.0,0.371,1.0,0.0,0.0
CUST_00413,49,Technology,Asia-Pacific,SMB,4,0,Pro,99.0,18.2,6,0.4,0.0,7.0,23.0,0.659,1.0,0.0,1.25
CUST_00414,33,Healthcare,Latin America,SMB,3,1,Basic,29.0,28.25,6,0.25,0.0,7.0,23.0,0.956,1.0,0.0,0.0
CUST_00415,43,Education,Europe,SMB,5,0,Basic,29.0,22.666666666666668,8,0.0,0.0,8.0,36.0,0.397,1.0,0.0,0.0
CUST_00416,3055,Technology,North America,Enterprise,0,0,Pro,299.0,28.0,2,0.0,0.0,7.0,23.0,1.0,1.0,0.0,0.0
CUST_00417,481,Retail,North America,Mid-market,8,0,Basic,49.0,38.55555555555556,30,0.3333333333333333,0.05555555555555555,7.0,23.0,0.7,1.0,0.0,0.0
CUST_00418,2,Education,Europe,SMB,5,1,Basic,29.0,15.666666666666666,13,0.0,0.0,7.0,23.0,0.574,1.0,0.0,0.0
CUST_00419,33,Healthcare,Latin America,SMB,11,0,Pro,99.0,24.25,14,0.4166666666666667,0.041666666666666664,4.0,-21.0,0.577,1.0,0.0,1.2
CUST_00420,48,Finance,Asia-Pacific,SMB,16,1,Basic,29.0,26.0,26,0.0,0.0,7.0,23.0,0.865,1.0,0.0,0.0
CUST_00421,32,E-commerce,North America,SMB,3,0,Pro,99.0,19.75,5,0.0,0.0,7.0,23.0,1.316,1.0,0.0,0.0
CUST_00422,424,Retail,Europe,Mid-market,2,0,Pro,199.0,18.0,6,0.6666666666666666,0.16666666666666666,7.0,23.0,0.861,1.0,1.5,1.5
CUST_00423,272,Education,Latin America,Mid-market,6,0,Basic,49.0,23.285714285714285,26,0.42857142857142855,0.2857142857142857,7.0,23.0,0.794,1.0,1.75,1.167
CUST_00424,4,Retail,North America,SMB,5,0,Basic,29.0,20.0,15,0.0,0.0,7.0,23.0,0.725,1.0,0.0,0.0
CUST_00425,9,Finance,North America,SMB,2,0,Pro,99.0,11.0,2,0.6666666666666666,0.16666666666666666,7.0,23.0,1.227,1.0,1.5,1.5
CUST_00426,3490,Education,North America,Enterprise,11,0,Pro,299.0,68.33333333333333,93,0.3333333333333333,0.25,7.0,23.0,0.615,1.0,0.0,0.0
CUST_00427,12,Technology,Asia-Pacific,SMB,12,0,Basic,29.0,18.53846153846154,18,0.38461538461538464,0.11538461538461539,7.0,22.0,0.782,1.0,0.0,0.0
CUST_00428,33,Education,Asia-Pacific,SMB,7,1,Basic,29.0,16.75,13,0.375,0.0,7.0,23.0,0.687,1.0,0.0,2.667
CUST_00429,23,Technology,Asia-Pacific,SMB,1,0,Basic,29.0,4.5,2,0.0,0.0,7.0,23.0,1.0,1.0,0.0,0.0
CUST_00430,15,Education,Europe,SMB,18,0,Pro,99.0,20.57894736842105,31,0.3157894736842105,0.18421052631578946,7.0,23.0,0.68,1.0,0.0,0.0
CUST_00431,28,Technology,North America,SMB,5,1,Basic,29.0,21.166666666666668,5,0.0,0.0,7.0,23.0,0.614,1.0,0.0,0.0
CUST_00432,23,Education,Latin America,SMB,10,1,Pro,99.0,23.272727272727273,13,0.09090909090909091,0.09090909090909091,7.0,23.0,0.73,1.0,0.0,0.0
CUST_00433,192,Retail,North America,Mid-market,2,1,Pro,199.0,24.4,13,0.8,0.0,7.0,23.0,0.635,1.0,0.0,0.625
CUST_00434,14,Finance,Asia-Pacific,SMB,7,1,Pro,99.0,19.75,13,0.125,0.0,9.0,26.0,0.759,1.0,0.0,0.0
CUST_00435,18,Education,Asia-Pacific,SMB,8,1,Pro,99.0,22.727272727272727,20,0.18181818181818182,0.09090909090909091,7.0,23.0,0.814,1.0,0.0,0.0
CUST_00436,3097,Healthcare,North America,Enterprise,20,0,Enterprise,999.0,68.14285714285714,151,0.3333333333333333,0.19047619047619047,7.0,14.0,0.69,1.0,0.0,0.0
CUST_00437,4417,Healthcare,Europe,Enterprise,19,0,Enterprise,999.0,62.85,119,0.4,0.3,7.0,23.0,0.525,1.0,1.667,1.25
CUST_00438,23,E-commerce,Latin America,SMB,7,0,Basic,29.0,23.625,11,0.125,0.125,7.0,23.0,0.508,1.0,0.0,0.0
CUST_00439,2831,Healthcare,Asia-Pacific,Enterprise,2,0,Pro,299.0,31.0,13,0.0,0.0,7.0,23.0,0.984,1.0,0.0,0.0
CUST_00440,2031,Healthcare,Europe,Enterprise,18,0,Enterprise,999.0,74.47368421052632,136,0.5263157894736842,0.2631578947368421,7.0,23.0,0.416,1.0,1.9,0.95
CUST_00441,30,Education,North America,SMB,10,1,Basic,29.0,21.76923076923077,21,0.9230769230769231,0.0,7.0,23.0,0.666,1.0,0.0,0.0
CUST_00442,35,Retail,Asia-Pacific,SMB,5,1,Basic,29.0,17.166666666666668,8,0.0,0.0,7.0,23.0,0.757,1.0,0.0,0.0
CUST_00443,51,Education,Latin America,Mid-market,13,0,Basic,49.0,33.42857142857143,38,0.35714285714285715,0.21428571428571427,7.0,23.0,0.808,1.0,2.333,1.4
CUST_00444,48,Finance,Asia-Pacific,SMB,1,1,Pro,99.0,9.0,2,0.0,0.0,7.0,23.0,1.0,1.0,0.0,0.0
CUST_00445,21,E-commerce,Latin America,SMB,2,0,Basic,29.0,6.333333333333333,3,0.0,0.0,7.0,23.0,1.184,1.0,0.0,0.0
CUST_00446,9,Education,North America,SMB,13,0,Basic,29.0,24.642857142857142,26,0.07142857142857142,0.07142857142857142,7.0,23.0,0.426,1.0,0.0,0.0
CUST_00447,1,Technology,Latin America,SMB,9,0,Pro,99.0,25.5,28,0.1,0.1,7.0,23.0,0.49,1.0,0.0,0.0
CUST_00448,46,Education,Latin America,SMB,23,1,Basic,29.0,25.884615384615383,47,0.11538461538461539,0.07692307692307693,10.0,36.0,0.328,1.0,6.499,4.333
CUST_00449,40,Education,Europe,SMB,5,0,Basic,29.0,24.666666666666668,5,0.5,0.0,7.0,23.0,0.791,1.0,0.0,1.0
CUST_00450,360,Finance,Europe,Mid-market,6,0,Pro,199.0,31.142857142857142,24,0.2857142857142857,0.0,7.0,23.0,1.011,1.0,0.0,1.75
CUST_00451,22,Education,Europe,SMB,7,1,Basic,29.0,20.25,11,0.25,0.25,7.0,23.0,0.716,1.0,0.0,0.0
CUST_00452,1610,Retail,Europe,Enterprise,7,0,Enterprise,999.0,59.375,57,0.375,0.125,8.0,29.0,0.893,1.0,0.0,1.333
CUST_00453,1229,Finance,Europe,Enterprise,15,0,Basic,99.0,77.5625,109,0.625,0.4375,6.0,20.0,0.535,1.0,1.143,0.8
CUST_00454,45,Retail,Europe,SMB,14,0,Basic,29.0,23.266666666666666,23,0.26666666666666666,0.13333333333333333,6.0,4.0,0.752,1.0,3.75,1.875
CUST_00455,13,Education,North America,SMB,10,0,Basic,29.0,25.181818181818183,17,0.2727272727272727,0.09090909090909091,7.0,23.0,0.814,1.0,0.0,0.0
CUST_00456,20,E-commerce,Asia-Pacific,SMB,0,0,Basic,29.0,5.0,0,0.0,0.0,7.0,23.0,1.0,1.0,0.0,0.0
CUST_00457,41,E-commerce,North America,SMB,4,0,Basic,29.0,16.0,5,0.0,0.0,7.0,23.0,0.687,1.0,0.0,0.0
CUST_00458,39,Finance,North America,SMB,12,0,Basic,29.0,25.076923076923077,22,0.07692307692307693,0.0,7.0,23.0,0.658,1.0,0.0,0.0
CUST_00459,1856,Healthcare,North America,Enterprise,17,1,Enterprise,999.0,70.3,135,0.4,0.4,7.0,23.0,0.619,1.0,1.25,1.25
CUST_00460,8,Education,Asia-Pacific,SMB,11,1,Basic,29.0,23.214285714285715,29,0.21428571428571427,0.0,7.0,23.0,0.732,1.0,0.0,0.0
CUST_00461,350,Finance,North America,Mid-market,9,0,Basic,49.0,40.4,31,0.2,0.1,7.0,23.0,0.52,1.0,0.0,0.0
CUST_00462,4241,Retail,Europe,Enterprise,4,0,Enterprise,999.0,64.8,22,1.4,0.8,7.0,23.0,0.702,1.0,1.25,1.071
CUST_00463,4,Technology,North America,SMB,3,1,Basic,29.0,18.25,4,0.0,0.0,7.0,23.0,0.767,1.0,0.0,0.0
CUST_00464,40,Healthcare,Europe,SMB,1,0,Basic,29.0,15.5,3,0.5,0.5,7.0,23.0,1.0,1.0,1.0,1.0
CUST_00465,4506,Healthcare,North America,Enterprise,6,1,Enterprise,999.0,67.0,41,1.0,0.5714285714285714,7.0,23.0,0.724,1.0,1.75,1.0
CUST_00466,259,Finance,North America,Mid-market,20,0,Enterprise,499.0,42.095238095238095,80,0.47619047619047616,0.2857142857142857,10.0,49.0,0.772,1.0,0.0,0.0
CUST_00467,3001,Education,North America,Enterprise,5,0,Enterprise,999.0,61.166666666666664,35,0.6666666666666666,0.25,7.0,17.0,0.858,1.0,1.0,1.5
CUST_00468,345,Healthcare,Europe,Mid-market,2,0,Pro,199.0,18.333333333333332,3,0.3333333333333333,0.0,7.0,23.0,1.2,1.0,0.0,1.5
CUST_00469,45,Healthcare,Europe,SMB,15,0,Basic,29.0,24.375,27,0.0625,0.0,7.0,23.0,0.451,1.0,0.0,0.0
CUST_00470,38,Retail,Asia-Pacific,SMB,12,0,Basic,29.0,22.384615384615383,20,0.15384615384615385,0.0,7.0,23.0,0.782,1.0,0.0,3.25
CUST_00471,122,Healthcare,North America,Mid-market,14,1,Pro,199.0,43.05263157894737,66,0.2631578947368421,0.05263157894736842,7.0,20.0,0.732,1.0,0.0,0.0
CUST_00472,44,Healthcare,Europe,SMB,3,0,Basic,29.0,19.25,7,0.25,0.0,7.0,23.0,1.013,1.0,0.0,2.0
CUST_00473,36,Technology,North America,SMB,22,0,Basic,29.0,25.82608695652174,39,0.13043478260869565,0.043478260869565216,7.0,23.0,0.678,1.0,0.0,0.0
CUST_00474,245,Education,Europe,Mid-market,1,1,Pro,199.0,17.5,6,0.0,0.0,7.0,23.0,1.0,1.0,0.0,0.0
CUST_00475,3773,Education,North America,Enterprise,10,0,Pro,299.0,53.36363636363637,65,0.7272727272727273,0.4090909090909091,7.0,23.0,0.515,1.0,0.0,0.0
CUST_00476,49,Healthcare,Europe,SMB,9,0,Basic,29.0,23.6,12,0.1,0.0,7.0,23.0,0.699,1.0,0.0,5.0
CUST_00477,370,Education,Europe,Mid-market,5,0,Pro,199.0,28.0,17,0.16666666666666666,0.16666666666666666,7.0,23.0,0.679,1.0,3.0,3.0
CUST_00478,393,Finance,North America,Mid-market,23,0,Basic,49.0,46.22222222222222,106,0.2222222222222222,0.07407407407407407,9.0,32.0,0.552,1.0,0.0,0.0
CUST_00479,43,Technology,North America,SMB,9,0,Basic,29.0,26.1,12,0.1,0.1,7.0,23.0,0.556,1.0,0.0,0.0
CUST_00480,15,E-commerce,Asia-Pacific,SMB,9,0,Basic,29.0,21.0,13,0.2,0.0,7.0,23.0,0.619,1.0,0.0,0.0
CUST_00481,37,Finance,North America,SMB,15,1,Pro,99.0,24.833333333333332,35,0.3333333333333333,0.05555555555555555,7.0,23.0,0.624,1.0,0.0,0.0
CUST_00482,1296,Education,Europe,Enterprise,22,1,Enterprise,999.0,74.0,157,0.6,0.44,7.0,23.0,0.439,1.0,1.136,1.667
CUST_00483,327,Retail,North America,Mid-market,21,0,Basic,49.0,37.27272727272727,61,0.5,0.25,7.0,30.0,0.577,1.0,2.0,2.0
CUST_00484,2890,Finance,Europe,Enterprise,21,1,Enterprise,999.0,72.125,163,0.5416666666666666,0.375,7.0,23.0,0.298,1.0,0.0,0.0
CUST_00485,479,Technology,North America,Mid-market,5,0,Pro,199.0,37.0,16,0.16666666666666666,0.0,7.0,23.0,0.973,1.0,0.0,0.0
CUST_00486,28,Education,North America,SMB,11,0,Enterprise,299.0,22.25,15,0.16666666666666666,0.16666666666666666,7.0,13.0,0.562,1.0,0.0,0.0
CUST_00487,3670,Technology,Europe,Enterprise,14,1,Pro,299.0,71.11764705882354,117,0.29411764705882354,0.23529411764705882,7.0,23.0,0.562,1.0,2.125,1.7
CUST_00488,21,Healthcare,North America,SMB,20,0,Pro,99.0,28.952380952380953,38,0.047619047619047616,0.047619047619047616,7.0,23.0,0.397,1.0,0.0,0.0
CUST_00489,27,Education,Latin America,SMB,6,1,Basic,29.0,24.444444444444443,16,0.1111111111111111,0.1111111111111111,7.0,23.0,0.532,1.0,4.5,4.5
CUST_00490,11,Education,North America,SMB,9,1,Basic,29.0,22.5,21,0.2,0.1,7.0,25.0,0.844,1.0,0.0,2.5
CUST_00491,12,Education,Europe,SMB,7,1,Pro,99.0,23.8,6,0.2,0.1,8.0,25.0,0.504,1.0,0.0,0.0
CUST_00492,32,Education,Europe,SMB,4,0,Basic,29.0,18.2,11,0.2,0.0,7.0,23.0,0.577,1.0,0.0,0.0
CUST_00493,24,E-commerce,Europe,SMB,4,0,Basic,29.0,27.0,7,0.0,0.0,7.0,23.0,0.648,1.0,0.0,0.0
CUST_00494,17,Retail,North America,SMB,10,0,Basic,29.0,20.90909090909091,11,0.18181818181818182,0.09090909090909091,7.0,23.0,1.1,1.0,0.0,2.75
CUST_00495,4322,Education,Asia-Pacific,Enterprise,1,0,Enterprise,999.0,32.0,8,1.0,0.5,7.0,23.0,1.0,1.0,1.0,1.0
CUST_00496,17,Education,North America,SMB,12,0,Enterprise,299.0,25.923076923076923,19,0.07692307692307693,0.0,7.0,25.0,0.636,1.0,0.0,0.0
CUST_00497,46,Finance,Europe,SMB,19,0,Basic,29.0,24.25,32,0.25,0.05,7.0,23.0,0.474,1.0,0.0,0.0
CUST_00498,4406,E-commerce,Asia-Pacific,Enterprise,0,0,Basic,99.0,35.0,7,1.0,1.0,7.0,23.0,1.0,1.0,1.0,1.0
CUST_00499,2,Finance,North America,SMB,5,0,Basic,29.0,21.833333333333332,9,0.16666666666666666,0.0,7.0,23.0,0.824,1.0,0.0,0.0
CUST_00500,35,Retail,Asia-Pacific,SMB,1,0,Basic,29.0,11.5,2,0.5,0.0,7.0,23.0,1.0,1.0,0.0,1.0
CUST_00501,1,E-commerce,North America,SMB,10,1,Enterprise,299.0,16.818181818181817,20,0.09090909090909091,0.09090909090909091,7.0,23.0,0.357,1.0,0.0,0.0
CUST_00502,185,Finance,North America,Mid-market,14,0,Pro,199.0,39.53333333333333,53,0.4,0.26666666666666666,7.0,23.0,0.645,1.0,1.875,2.5
CUST_00503,240,Education,Asia-Pacific,Mid-market,3,1,Pro,199.0,19.25,7,0.25,0.0,7.0,23.0,0.935,1.0,0.0,0.0
CUST_00504,30,E-commerce,Europe,SMB,4,1,Pro,99.0,12.4,6,0.2,0.0,7.0,23.0,0.726,1.0,0.0,0.0
CUST_00505,45,E-commerce,Asia-Pacific,SMB,12,0,Basic,29.0,28.307692307692307,21,0.15384615384615385,0.07692307692307693,6.0,-1.0,0.689,1.0,0.0,0.0
CUST_00506,40,E-commerce,North America,SMB,14,0,Basic,29.0,25.6,27,0.13333333333333333,0.03333333333333333,7.0,23.0,0.566,1.0,0.0,0.0
CUST_00507,2,E-commerce,North America,SMB,2,0,Pro,99.0,11.333333333333334,4,0.3333333333333333,0.3333333333333333,7.0,9.0,1.324,1.0,1.5,1.5
CUST_00508,3,Education,Latin America,SMB,8,0,Basic,29.0,23.4,8,0.3,0.1,5.0,15.0,0.47,1.0,0.0,1.667
CUST_00509,2088,Healthcare,North America,Enterprise,16,1,Enterprise,999.0,67.3157894736842,149,0.631578947368421,0.35964912280701755,7.0,23.0,0.616,1.0,2.085,2.375
CUST_00510,19,Finance,Europe,SMB,2,1,Basic,29.0,18.0,7,0.0,0.0,7.0,23.0,1.167,1.0,0.0,0.0
CUST_00511,103,E-commerce,Europe,Mid-market,13,0,Basic,49.0,43.785714285714285,45,0.5714285714285714,0.25,7.0,23.0,0.411,1.0,0.0,0.0
CUST_00512,102,Technology,Asia-Pacific,Mid-market,5,0,Pro,199.0,46.0,12,0.3333333333333333,0.08333333333333333,7.0,23.0,0.696,1.0,0.0,0.0
CUST_00513,23,Education,North America,SMB,10,0,Basic,29.0,28.0,19,0.36363636363636365,0.09090909090909091,6.0,-1.0,0.732,1.0,0.0,0.0
CUST_00514,34,Technology,North America,SMB,8,0,Basic,29.0,25.11111111111111,8,0.1111111111111111,0.0,7.0,23.0,0.677,1.0,0.0,0.0
CUST_00515,29,Retail,North America,SMB,3,0,Pro,99.0,19.25,1,0.0,0.0,7.0,23.0,0.831,1.0,0.0,0.0
CUST_00516,355,Retail,North America,Mid-market,18,1,Pro,199.0,44.476190476190474,76,0.19047619047619047,0.09523809523809523,8.0,40.0,0.663,1.0,0.0,0.0
CUST_00517,1,Finance,Latin America,SMB,11,0,Pro,99.0,24.833333333333332,19,0.08333333333333333,0.0,7.0,23.0,0.564,1.0,0.0,0.0
CUST_00518,18,Education,Europe,SMB,3,0,Pro,99.0,16.5,6,0.0,0.0,7.0,23.0,0.333,1.0,0.0,0.0
CUST_00519,17,Education,Asia-Pacific,SMB,19,0,Basic,29.0,23.2,30,0.1,0.0,7.0,23.0,0.711,1.0,0.0,0.0
CUST_00520,10,Education,Europe,SMB,1,0,Basic,29.0,15.0,4,0.0,0.0,7.0,23.0,1.0,1.0,0.0,0.0
CUST_00521,24,Finance,North America,SMB,18,0,Pro,99.0,24.842105263157894,32,0.10526315789473684,0.0,6.0,4.0,0.463,1.0,0.0,0.0
CUST_00522,1816,E-commerce,North America,Enterprise,6,0,Enterprise,999.0,63.57142857142857,35,0.14285714285714285,0.14285714285714285,7.0,23.0,0.763,1.0,0.0,0.0
CUST_00523,48,Retail,Europe,SMB,1,1,Basic,29.0,16.5,2,0.5,0.0,7.0,23.0,1.0,1.0,0.0,1.0
CUST_00524,62,Retail,North America,Mid-market,2,0,Pro,199.0,30.666666666666668,6,0.0,0.0,7.0,23.0,1.174,1.0,0.0,0.0
CUST_00525,9,Technology,North America,SMB,10,1,Basic,29.0,18.454545454545453,23,0.0,0.0,7.0,23.0,0.813,1.0,0.0,0.0
CUST_00526,23,Retail,Asia-Pacific,SMB,7,1,Pro,99.0,23.75,9,0.25,0.125,7.0,23.0,0.653,1.0,0.0,2.0
CUST_00527,28,Education,Asia-Pacific,SMB,1,1,Basic,29.0,13.5,1,0.0,0.0,7.0,23.0,1.0,1.0,0.0,0.0
CUST_00528,405,E-commerce,North America,Mid-market,13,0,Pro,199.0,39.42857142857143,53,0.21428571428571427,0.07142857142857142,7.0,23.0,0.482,1.0,0.0,0.0
CUST_00529,10,Retail,Asia-Pacific,SMB,6,0,Basic,29.0,24.0,15,0.0,0.0,7.0,23.0,0.5,1.0,0.0,0.0
CUST_00530,38,E-commerce,North America,SMB,4,1,Pro,99.0,22.4,8,0.0,0.0,7.0,23.0,0.692,1.0,0.0,0.0
CUST_00531,24,E-commerce,Europe,SMB,4,1,Basic,29.0,21.6,5,0.0,0.0,7.0,23.0,0.903,1.0,0.0,0.0
CUST_00532,1,Education,North America,SMB,6,0,Enterprise,299.0,30.714285714285715,13,0.2857142857142857,0.0,7.0,23.0,0.537,1.0,0.0,1.75
CUST_00533,332,Education,Latin America,Mid-market,20,0,Pro,199.0,38.80952380952381,65,0.42857142857142855,0.3333333333333333,6.0,1.0,0.953,1.0,1.5,1.167
CUST_00534,37,E-commerce,North America,SMB,7,0,Pro,99.0,30.0,10,0.125,0.0,7.0,23.0,0.7,1.0,0.0,0.0
CUST_00535,7,Retail,Asia-Pacific,SMB,4,1,Basic,29.0,23.8,6,0.4,0.2,7.0,23.0,0.441,1.0,0.0,1.25
CUST_00536,7,Finance,Europe,SMB,3,0,Basic,29.0,13.5,6,0.0,0.0,7.0,23.0,0.889,1.0,0.0,0.0
CUST_00537,266,Healthcare,Asia-Pacific,Mid-market,16,0,Basic,49.0,41.470588235294116,65,0.17647058823529413,0.11764705882352941,7.0,12.0,0.567,1.0,0.0,0.0
CUST_00538,29,Education,Latin America,SMB,7,0,Basic,29.0,22.875,12,0.25,0.25,7.0,23.0,0.437,1.0,0.0,0.0
CUST_00539,1741,Finance,Asia-Pacific,Enterprise,7,1,Enterprise,999.0,64.6,75,0.3,0.2,7.0,23.0,0.519,1.0,2.5,1.667
CUST_00540,1479,Finance,Europe,Enterprise,7,0,Enterprise,999.0,58.375,40,0.5,0.5,7.0,23.0,0.6,1.0,2.0,2.0
CUST_00541,108,E-commerce,North America,Mid-market,9,0,Pro,199.0,37.4,27,0.6,0.3,7.0,23.0,0.615,1.0,1.667,1.667
CUST_00542,45,Technology,Asia-Pacific,SMB,5,1,Basic,29.0,25.833333333333332,9,0.0,0.0,7.0,23.0,0.465,1.0,0.0,0.0
CUST_00543,28,Education,North America,SMB,12,1,Pro,99.0,24.266666666666666,27,0.6666666666666666,0.06666666666666667,7.0,23.0,0.618,1.0,0.0,1.5
CUST_00544,237,E-commerce,North America,Mid-market,7,0,Enterprise,499.0,42.75,21,0.0,0.0,7.0,23.0,0.924,1.0,0.0,0.0
CUST_00545,2552,Technology,Asia-Pacific,Enterprise,5,0,Enterprise,999.0,44.5,27,0.5,0.16666666666666666,7.0,23.0,0.73,1.0,0.0,2.0
CUST_00546,471,E-commerce,Europe,Mid-market,4,0,Pro,199.0,32.2,10,0.4,0.2,8.0,33.0,1.211,1.0,2.5,1.25
CUST_00547,38,E-commerce,North America,SMB,23,0,Pro,99.0,27.458333333333332,46,0.125,0.041666666666666664,7.0,23.0,0.528,1.0,0.0,0.0
CUST_00548,272,Technology,North America,Mid-market,5,0,Pro,199.0,32.333333333333336,15,0.5,0.0,7.0,23.0,0.51,1.0,0.0,1.0
CUST_00549,44,Education,Latin America,SMB,23,1,Basic,29.0,28.46153846153846,64,0.038461538461538464,0.0,8.0,33.0,0.738,1.0,0.0,0.0
CUST_00550,28,Technology,Latin America,SMB,18,0,Enterprise,299.0,25.263157894736842,30,0.15789473684210525,0.0,9.0,51.0,0.712,1.0,0.0,0.0
CUST_00551,3243,Healthcare,Europe,Enterprise,7,0,Pro,299.0,64.375,56,0.25,0.125,7.0,23.0,0.784,1.0,4.0,4.0
CUST_00552,1369,Healthcare,Europe,Enterprise,1,0,Enterprise,999.0,39.5,9,0.0,0.0,7.0,23.0,1.0,1.0,0.0,0.0
CUST_00553,34,Finance,Latin America,SMB,18,1,Pro,99.0,24.571428571428573,23,0.23809523809523808,0.047619047619047616,5.0,17.0,0.631,1.0,0.0,2.1
CUST_00554,1019,Technology,Latin America,Enterprise,3,1,Enterprise,999.0,53.25,18,0.5,0.5,7.0,23.0,0.911,1.0,2.0,2.0
CUST_00555,4782,Education,North America,Enterprise,19,0,Enterprise,999.0,71.75,121,0.35,0.275,7.0,23.0,0.627,1.0,3.636,2.857
CUST_00556,37,E-commerce,Europe,SMB,4,0,Pro,99.0,24.0,10,0.2,0.2,7.0,23.0,0.354,1.0,0.0,0.0
CUST_00557,220,Education,North America,Mid-market,21,0,Pro,199.0,41.68181818181818,52,0.5454545454545454,0.3181818181818182,7.0,23.0,0.852,1.0,1.571,0.917
CUST_00558,204,Healthcare,North America,Mid-market,0,0,Basic,49.0,40.0,3,0.0,0.0,7.0,23.0,1.0,1.0,0.0,0.0
CUST_00559,27,Technology,Latin America,SMB,12,0,Basic,29.0,21.0,32,0.23076923076923078,0.07692307692307693,7.0,23.0,0.714,1.0,0.0,0.0
CUST_00560,4406,Finance,Europe,Enterprise,6,0,Basic,99.0,51.285714285714285,39,0.42857142857142855,0.2857142857142857,7.0,23.0,0.4,1.0,0.0,0.0
CUST_00561,395,Retail,Europe,Mid-market,9,1,Enterprise,499.0,28.3,34,0.1,0.1,7.0,23.0,0.583,1.0,0.0,0.0
CUST_00562,140,Finance,Europe,Mid-market,0,0,Enterprise,499.0,42.0,0,0.0,0.0,7.0,23.0,1.0,1.0,0.0,0.0
CUST_00563,453,Technology,Latin America,Mid-market,21,0,Basic,49.0,37.40909090909091,80,0.4090909090909091,0.3409090909090909,8.0,44.0,0.521,1.0,0.0,0.0
CUST_00564,1,Retail,North America,SMB,2,1,Pro,99.0,13.0,3,0.0,0.0,7.0,23.0,0.923,1.0,0.0,0.0
CUST_00565,5,Retail,Latin America,SMB,10,0,Basic,29.0,27.181818181818183,11,0.18181818181818182,0.045454545454545456,7.0,23.0,0.92,1.0,0.0,0.0
CUST_00566,19,Healthcare,North America,SMB,15,0,Basic,29.0,25.75,26,0.375,0.125,7.0,23.0,0.485,1.0,0.0,0.0
CUST_00567,21,Technology,Latin America,SMB,20,0,Pro,99.0,24.238095238095237,33,0.09523809523809523,0.047619047619047616,7.0,23.0,0.474,1.0,0.0,0.0
CUST_00568,270,Technology,North America,Mid-market,8,0,Pro,199.0,39.44444444444444,28,0.4444444444444444,0.07407407407407407,7.0,23.0,0.761,1.0,0.0,0.0
CUST_00569,27,E-commerce,North America,SMB,5,0,Basic,29.0,19.833333333333332,4,0.0,0.0,7.0,23.0,0.58,1.0,0.0,0.0
CUST_00570,4107,Healthcare,Asia-Pacific,Enterprise,15,0,Enterprise,999.0,67.625,117,0.375,0.25,7.0,23.0,0.311,1.0,0.0,0.0
CUST_00571,230,Retail,Europe,Mid-market,6,0,Basic,49.0,34.714285714285715,26,0.14285714285714285,0.14285714285714285,7.0,23.0,0.691,1.0,0.0,0.0
CUST_00572,41,E-commerce,Europe,SMB,15,1,Pro,99.0,28.0,21,0.3888888888888889,0.2777777777777778,7.0,23.0,0.464,1.0,0.0,0.0
CUST_00573,40,Finance,Asia-Pacific,SMB,7,0,Basic,29.0,17.75,9,0.125,0.0,7.0,23.0,0.648,1.0,0.0,0.0
CUST_00574,22,Education,North America,SMB,11,0,Basic,29.0,17.916666666666668,17,0.16666666666666666,0.08333333333333333,7.0,16.0,0.502,1.0,5.999,3.0
CUST_00575,392,Retail,Asia-Pacific,Mid-market,9,1,Pro,199.0,34.7,28,0.3,0.2,7.0,23.0,0.605,1.0,0.0,0.0
CUST_00576,3950,Healthcare,North America,Enterprise,13,1,Enterprise,999.0,65.16666666666667,130,0.8333333333333334,0.4259259259259259,7.0,23.0,0.384,1.0,0.0,0.0
CUST_00577,198,E-commerce,North America,Mid-market,22,0,Enterprise,499.0,42.43478260869565,76,0.34782608695652173,0.13043478260869565,7.0,23.0,0.577,1.0,0.0,1.437
CUST_00578,34,Technology,North America,SMB,15,0,Basic,29.0,24.125,24,0.25,0.0,7.0,23.0,0.56,1.0,0.0,0.0
CUST_00579,17,Technology,Europe,SMB,15,0,Enterprise,299.0,23.6875,27,0.125,0.125,7.0,23.0,0.823,1.0,0.0,0.0
CUST_00580,49,Finance,Europe,SMB,1,1,Pro,99.0,11.5,0,0.0,0.0,7.0,23.0,1.0,1.0,0.0,0.0
CUST_00581,2,Retail,Europe,SMB,4,1,Basic,29.0,23.0,5,0.2,0.0,7.0,23.0,0.587,1.0,0.0,2.5
CUST_00582,23,E-commerce,Latin America,SMB,20,0,Basic,29.0,26.38095238095238,26,0.3333333333333333,0.09523809523809523,7.0,23.0,0.284,1.0,0.0,3.0
CUST_00583,218,Retail,North America,Mid-market,11,0,Enterprise,499.0,36.5,47,0.16666666666666666,0.0,7.0,23.0,0.589,1.0,0.0,0.0
CUST_00584,3,Education,Latin America,SMB,4,1,Basic,29.0,23.4,3,0.4,0.0,7.0,23.0,0.812,1.0,0.0,0.0
CUST_00585,114,Finance,Latin America,Mid-market,12,1,Pro,199.0,46.23529411764706,64,0.5294117647058824,0.4411764705882353,7.0,23.0,0.606,1.0,0.567,1.889
CUST_00586,19,Education,North America,SMB,6,1,Pro,99.0,23.428571428571427,10,0.2857142857142857,0.14285714285714285,7.0,23.0,0.363,1.0,3.5,1.75
CUST_00587,211,Technology,Europe,Mid-market,22,0,Basic,49.0,46.17391304347826,68,0.391304347826087,0.2608695652173913,8.0,30.0,0.411,1.0,1.917,1.278
CUST_00588,33,Finance,Asia-Pacific,SMB,0,0,Basic,29.0,15.0,1,0.0,0.0,7.0,23.0,1.0,1.0,0.0,0.0
CUST_00589,40,Healthcare,Europe,SMB,18,0,Basic,29.0,27.42105263157895,33,0.2631578947368421,0.07894736842105263,7.0,23.0,0.529,1.0,0.0,0.0
CUST_00590,1981,Healthcare,North America,Enterprise,6,0,Enterprise,999.0,64.71428571428571,43,0.42857142857142855,0.2857142857142857,8.0,17.0,0.695,1.0,0.0,0.0
CUST_00591,37,Technology,Latin America,SMB,3,1,Basic,29.0,17.75,5,0.75,0.125,7.0,23.0,0.676,1.0,2.0,2.0
CUST_00592,19,Technology,Asia-Pacific,SMB,6,1,Pro,99.0,30.555555555555557,16,0.0,0.0,7.0,23.0,0.72,1.0,0.0,0.0
CUST_00593,12,Education,North America,SMB,18,0,Basic,29.0,26.789473684210527,30,0.15789473684210525,0.05263157894736842,7.0,23.0,0.784,1.0,0.0,0.0
CUST_00594,33,Education,Europe,SMB,19,1,Basic,29.0,25.125,53,0.625,0.125,7.0,23.0,0.398,1.0,0.0,0.8
CUST_00595,82,E-commerce,North America,Mid-market,7,0,Pro,199.0,39.5,31,0.25,0.125,7.0,23.0,0.797,1.0,0.0,0.0
CUST_00596,2,E-commerce,North America,SMB,1,1,Basic,29.0,13.0,2,0.0,0.0,7.0,23.0,1.0,1.0,0.0,0.0
CUST_00597,15,Education,Asia-Pacific,SMB,5,0,Enterprise,299.0,19.333333333333332,11,0.0,0.0,7.0,23.0,0.724,1.0,0.0,0.0
CUST_00598,20,E-commerce,Europe,SMB,0,1,Basic,29.0,28.0,1,1.0,0.0,7.0,23.0,1.0,1.0,0.0,1.0
CUST_00599,26,Retail,Latin America,SMB,23,0,Pro,99.0,27.125,48,0.2916666666666667,0.16666666666666666,7.0,23.0,0.608,1.0,0.0,0.0
CUST_00600,28,E-commerce,Europe,SMB,5,0,Basic,29.0,24.0,6,0.16666666666666666,0.0,7.0,23.0,0.667,1.0,0.0,0.0
CUST_00601,27,Education,Europe,SMB,13,0,Basic,29.0,24.857142857142858,21,0.14285714285714285,0.0,6.0,17.0,0.764,1.0,0.0,0.0
CUST_00602,35,Technology,Europe,SMB,1,0,Basic,29.0,10.0,2,0.0,0.0,7.0,23.0,1.0,1.0,0.0,0.0
CUST_00603,476,E-commerce,Latin America,Mid-market,10,1,Pro,199.0,35.36363636363637,38,0.18181818181818182,0.09090909090909091,7.0,23.0,0.339,1.0,0.0,0.0
CUST_00604,41,E-commerce,North America,SMB,9,0,Basic,29.0,22.9,14,0.2,0.1,6.0,6.0,0.699,1.0,0.0,0.0
CUST_00605,34,Technology,North America,SMB,19,0,Basic,29.0,25.95,27,0.25,0.05,8.0,38.0,0.328,1.0,0.0,0.0
CUST_00606,6,Retail,Asia-Pacific,SMB,19,0,Basic,29.0,24.0,32,0.15,0.05,7.0,18.0,0.479,1.0,0.0,0.0
CUST_00607,19,Finance,North America,SMB,9,0,Basic,29.0,24.0,18,0.2,0.1,7.0,23.0,0.875,1.0,0.0,0.0
CUST_00608,48,Healthcare,Asia-Pacific,SMB,18,1,Basic,29.0,22.904761904761905,34,0.23809523809523808,0.047619047619047616,7.0,23.0,0.568,1.0,0.0,0.0
CUST_00609,1,Retail,North America,SMB,15,1,Pro,99.0,25.61111111111111,40,0.2222222222222222,0.2222222222222222,7.0,23.0,0.625,1.0,0.0,0.0
CUST_00610,10,Education,Latin America,SMB,14,0,Basic,29.0,21.866666666666667,19,0.4,0.26666666666666666,7.0,23.0,0.892,1.0,0.0,0.0
CUST_00611,194,E-commerce,Latin America,Mid-market,10,0,Pro,199.0,35.09090909090909,25,0.09090909090909091,0.09090909090909091,7.0,23.0,0.727,1.0,0.0,0.0
CUST_00612,176,Education,Asia-Pacific,Mid-market,11,1,Basic,49.0,38.5,40,0.2857142857142857,0.07142857142857142,9.0,47.0,0.766,1.0,0.0,0.0
CUST_00613,27,Finance,Europe,SMB,10,0,Basic,29.0,21.363636363636363,13,0.18181818181818182,0.09090909090909091,7.0,23.0,0.983,1.0,0.0,0.0
CUST_00614,20,Retail,North America,SMB,4,1,Basic,29.0,20.6,9,0.2,0.2,7.0,23.0,0.752,1.0,0.0,0.0
CUST_00615,33,Education,North America,SMB,7,0,Basic,29.0,22.625,9,0.875,0.25,7.0,23.0,0.552,1.0,2.0,0.571
CUST_00616,3,Healthcare,Europe,SMB,12,0,Basic,29.0,26.866666666666667,20,0.06666666666666667,0.0,7.0,23.0,0.428,1.0,0.0,0.0
CUST_00617,10,E-commerce,Latin America,SMB,13,0,Basic,29.0,25.785714285714285,32,0.07142857142857142,0.0,7.0,2.0,0.485,1.0,0.0,0.0
CUST_00618,223,Healthcare,North America,Mid-market,12,1,Enterprise,499.0,41.333333333333336,44,0.6,0.36666666666666664,7.0,23.0,0.484,1.0,0.0,0.0
CUST_00619,228,Healthcare,Europe,Mid-market,11,0,Pro,199.0,41.333333333333336,37,0.0,0.0,7.0,23.0,0.798,1.0,0.0,0.0
CUST_00620,39,E-commerce,Asia-Pacific,SMB,7,0,Pro,99.0,20.5,9,0.0,0.0,7.0,23.0,0.488,1.0,0.0,0.0
CUST_00621,3758,Finance,Asia-Pacific,Enterprise,11,1,Enterprise,999.0,55.214285714285715,86,0.5,0.14285714285714285,7.0,23.0,0.987,1.0,0.0,1.0
CUST_00622,2967,E-commerce,Europe,Enterprise,9,0,Enterprise,999.0,74.1,60,0.6,0.3,7.0,23.0,0.371,1.0,1.667,0.833
CUST_00623,112,Education,Europe,Mid-market,3,0,Enterprise,499.0,40.5,10,0.25,0.25,7.0,23.0,0.877,1.0,0.0,0.0
CUST_00624,305,Finance,North America,Mid-market,2,0,Pro,199.0,21.666666666666668,7,0.3333333333333333,0.3333333333333333,7.0,23.0,0.646,1.0,1.5,1.5
CUST_00625,1,Education,North America,SMB,19,0,Basic,29.0,27.95,41,0.2,0.0,7.0,23.0,0.769,1.0,0.0,0.0
CUST_00626,21,Retail,Latin America,SMB,23,1,Basic,29.0,26.46153846153846,52,0.2692307692307692,0.038461538461538464,7.0,23.0,0.453,1.0,0.0,0.0
CUST_00627,158,Technology,Latin America,Mid-market,2,0,Enterprise,499.0,28.0,7,0.6666666666666666,0.0,7.0,23.0,1.125,1.0,0.0,0.75
CUST_00628,189,Finance,North America,Mid-market,7,1,Basic,49.0,34.75,25,0.125,0.125,7.0,23.0,0.734,1.0,4.0,4.0
CUST_00629,24,Retail,North America,SMB,9,0,Basic,29.0,15.9,24,0.2,0.0,7.0,23.0,0.535,1.0,0.0,0.0
CUST_00630,226,Finance,North America,Mid-market,18,1,Basic,49.0,45.61904761904762,66,0.7619047619047619,0.2619047619047619,7.0,17.0,0.406,1.0,0.955,1.312
CUST_00631,9,Retail,North America,SMB,4,1,Basic,29.0,18.0,12,0.4,0.2,7.0,23.0,0.75,1.0,2.5,2.5
CUST_00632,5,E-commerce,Europe,SMB,23,1,Basic,29.0,20.678571428571427,48,0.5,0.03571428571428571,9.0,39.0,0.919,1.0,13.996,1.0
CUST_00633,3442,Healthcare,Europe,Enterprise,9,1,Pro,299.0,59.416666666666664,74,0.5,0.375,7.0,23.0,0.597,1.0,1.333,1.0
CUST_00634,47,Finance,Asia-Pacific,SMB,0,0,Basic,29.0,17.0,1,0.0,0.0,7.0,23.0,1.0,1.0,0.0,0.0
CUST_00635,6,Finance,Asia-Pacific,SMB,3,0,Basic,29.0,16.25,3,0.5,0.0,7.0,23.0,0.862,1.0,0.0,2.0
CUST_00636,43,Retail,North America,SMB,3,0,Basic,29.0,21.5,6,0.0,0.0,6.0,9.0,0.814,1.0,0.0,0.0
CUST_00637,614,Technology,Europe,Enterprise,10,0,Pro,299.0,67.0909090909091,72,0.18181818181818182,0.09090909090909091,7.0,23.0,0.76,1.0,0.0,2.75
CUST_00638,47,E-commerce,North America,SMB,1,0,Basic,29.0,18.5,0,0.5,0.0,7.0,23.0,1.0,1.0,0.0,1.0
CUST_00639,43,Education,Europe,SMB,19,1,Basic,29.0,25.583333333333332,36,0.16666666666666666,0.0,7.0,23.0,0.215,1.0,0.0,0.0
CUST_00640,10,Retail,Europe,SMB,7,0,Pro,99.0,25.25,7,0.125,0.0,7.0,23.0,0.535,1.0,0.0,0.0
CUST_00641,295,Technology,Europe,Mid-market,18,0,Basic,49.0,39.421052631578945,56,0.3684210526315789,0.10526315789473684,6.0,8.0,0.672,1.0,0.0,1.357
CUST_00642,29,Retail,Europe,SMB,1,1,Basic,29.0,16.5,1,0.5,0.5,7.0,23.0,1.0,1.0,1.0,1.0
CUST_00643,49,Finance,North America,SMB,4,1,Basic,29.0,19.4,4,0.2,0.2,7.0,23.0,0.825,1.0,0.0,0.0
CUST_00644,17,Finance,Asia-Pacific,SMB,9,0,Basic,29.0,27.4,11,0.3,0.1,7.0,23.0,0.438,1.0,5.0,1.667
CUST_00645,32,Finance,Europe,SMB,18,0,Basic,29.0,28.105263157894736,32,0.15789473684210525,0.0,5.0,-16.0,0.391,1.0,0.0,0.0
CUST_00646,4404,Retail,Europe,Enterprise,11,0,Enterprise,999.0,67.5,77,0.3333333333333333,0.25,8.0,62.0,0.563,1.0,2.0,3.0
CUST_00647,167,Healthcare,North America,Mid-market,2,1,Enterprise,499.0,24.333333333333332,7,0.6666666666666666,0.3333333333333333,7.0,23.0,0.719,1.0,0.0,0.75
CUST_00648,15,Technology,Europe,SMB,17,0,Basic,29.0,20.0,24,0.05555555555555555,0.05555555555555555,7.0,23.0,0.375,1.0,0.0,0.0
CUST_00649,48,Technology,Latin America,SMB,19,0,Basic,29.0,27.7,39,0.25,0.1,7.0,23.0,0.614,1.0,5.0,2.0
CUST_00650,40,Education,North America,SMB,1,1,Pro,99.0,12.0,2,0.0,0.0,7.0,23.0,1.0,1.0,0.0,0.0
CUST_00651,371,Retail,North America,Mid-market,14,0,Pro,199.0,48.8,44,0.4,0.2,10.0,53.0,0.533,1.0,0.0,0.0
CUST_00652,270,Finance,Europe,Mid-market,8,1,Pro,199.0,40.111111111111114,32,0.5555555555555556,0.3333333333333333,7.0,23.0,0.337,1.0,0.0,0.0
CUST_00653,4,Healthcare,Asia-Pacific,SMB,13,0,Basic,29.0,26.428571428571427,33,0.14285714285714285,0.07142857142857142,7.0,23.0,0.568,1.0,0.0,0.0
CUST_00654,30,Healthcare,Latin America,SMB,7,0,Basic,29.0,26.25,15,0.0,0.0,5.0,5.0,0.476,1.0,0.0,0.0
CUST_00655,173,Retail,North America,Mid-market,1,1,Enterprise,499.0,22.5,0,0.0,0.0,7.0,23.0,1.0,1.0,0.0,0.0
CUST_00656,250,Retail,Europe,Mid-market,8,0,Pro,199.0,32.55555555555556,25,0.5555555555555556,0.3888888888888889,7.0,23.0,0.399,1.0,1.286,0.9
CUST_00657,17,E-commerce,Asia-Pacific,SMB,15,1,Basic,29.0,20.38888888888889,23,0.2222222222222222,0.1111111111111111,6.0,-7.0,0.392,1.0,0.0,0.0
CUST_00658,141,Finance,North America,Mid-market,12,0,Pro,199.0,40.15384615384615,36,0.07692307692307693,0.0,9.0,37.0,0.436,1.0,0.0,6.499
CUST_00659,23,Technology,Latin America,SMB,15,0,Basic,29.0,23.5,34,0.0625,0.0,7.0,23.0,0.66,1.0,0.0,0.0
CUST_00660,475,Finance,Europe,Mid-market,5,0,Enterprise,499.0,37.0,12,0.5,0.16666666666666666,7.0,23.0,0.824,1.0,3.0,1.0
CUST_00661,45,Healthcare,North America,SMB,1,0,Pro,99.0,8.0,1,0.0,0.0,7.0,23.0,1.0,1.0,0.0,0.0
CUST_00662,16,Education,Asia-Pacific,SMB,5,1,Pro,99.0,25.333333333333332,12,0.16666666666666666,0.16666666666666666,7.0,23.0,0.967,1.0,3.0,3.0
CUST_00663,18,Healthcare,Asia-Pacific,SMB,4,0,Basic,29.0,17.0,3,0.6,0.2,8.0,25.0,0.441,1.0,2.5,2.5
CUST_00664,244,E-commerce,Europe,Mid-market,13,0,Basic,49.0,47.642857142857146,48,0.2857142857142857,0.21428571428571427,7.0,23.0,0.525,1.0,0.0,1.75
CUST_00665,205,E-commerce,North America,Mid-market,1,0,Basic,49.0,20.5,4,0.0,0.0,7.0,23.0,1.0,1.0,0.0,0.0
CUST_00666,15,E-commerce,North America,SMB,8,1,Basic,29.0,21.555555555555557,15,0.0,0.0,7.0,23.0,0.557,1.0,0.0,0.0
CUST_00667,406,E-commerce,Asia-Pacific,Mid-market,17,0,Pro,199.0,41.5,47,0.16666666666666666,0.027777777777777776,9.0,30.0,0.554,1.0,0.0,0.0
CUST_00668,22,Retail,Europe,SMB,7,1,Basic,29.0,25.875,8,0.25,0.0625,7.0,23.0,0.618,1.0,3.999,4.0
CUST_00669,46,Finance,Europe,SMB,7,1,Pro,99.0,25.0,11,0.25,0.0,7.0,23.0,0.76,1.0,0.0,2.0
CUST_00670,281,E-commerce,Latin America,Mid-market,1,0,Pro,199.0,21.5,3,0.5,0.5,7.0,23.0,1.0,1.0,1.0,1.0
CUST_00671,1705,Technology,Asia-Pacific,Enterprise,9,0,Enterprise,999.0,76.2,49,0.7,0.4,7.0,23.0,0.787,1.0,1.25,0.714
CUST_00672,27,Healthcare,Latin America,SMB,5,1,Enterprise,299.0,25.875,9,0.25,0.125,7.0,23.0,0.773,1.0,0.0,2.0
CUST_00673,192,Healthcare,North America,Mid-market,8,0,Basic,49.0,40.111111111111114,33,0.3333333333333333,0.3333333333333333,7.0,33.0,0.636,1.0,0.0,0.0
CUST_00674,21,Education,Latin America,SMB,10,1,Basic,29.0,22.076923076923077,19,0.0,0.0,7.0,23.0,0.544,1.0,0.0,0.0
CUST_00675,35,Education,Asia-Pacific,SMB,7,0,Basic,29.0,22.25,9,0.5,0.125,6.0,19.0,0.764,1.0,0.0,2.0
CUST_00676,36,Technology,Asia-Pacific,SMB,4,0,Pro,99.0,14.6,10,0.0,0.0,7.0,23.0,1.336,1.0,0.0,0.0
CUST_00677,246,Healthcare,Latin America,Mid-market,1,0,Pro,199.0,27.0,2,0.0,0.0,7.0,23.0,1.0,1.0,0.0,0.0
CUST_00678,19,Finance,Europe,SMB,19,1,Basic,29.0,23.5,48,0.36363636363636365,0.09090909090909091,7.0,19.0,0.617,1.0,0.0,0.0
CUST_00679,260,Retail,North America,Mid-market,1,0,Basic,49.0,22.0,3,0.0,0.0,7.0,23.0,1.0,1.0,0.0,0.0
CUST_00680,4134,Finance,Europe,Enterprise,2,0,Pro,299.0,38.333333333333336,12,0.6666666666666666,0.3333333333333333,7.0,23.0,0.665,1.0,1.5,0.75
CUST_00681,1537,Retail,Europe,Enterprise,2,0,Enterprise,999.0,45.333333333333336,13,0.0,0.0,7.0,23.0,1.103,1.0,0.0,0.0
CUST_00682,1598,Healthcare,Asia-Pacific,Enterprise,0,0,Enterprise,999.0,65.0,4,0.0,0.0,7.0,23.0,1.0,1.0,0.0,0.0
CUST_00683,231,Healthcare,Asia-Pacific,Mid-market,14,1,Basic,49.0,38.1578947368421,65,0.47368421052631576,0.3684210526315789,9.0,28.0,0.826,1.0,0.0,0.0
CUST_00684,40,Education,Europe,SMB,8,1,Pro,99.0,22.0,11,0.09090909090909091,0.0,7.0,23.0,0.455,1.0,0.0,0.0
CUST_00685,20,Finance,Latin America,SMB,3,1,Basic,29.0,12.75,5,0.0,0.0,7.0,23.0,0.941,1.0,0.0,0.0
CUST_00686,345,Healthcare,Europe,Mid-market,9,0,Pro,199.0,31.3,27,0.4,0.2,7.0,23.0,0.767,1.0,0.0,0.0
CUST_00687,143,Education,Europe,Mid-market,20,0,Enterprise,499.0,37.95238095238095,78,0.38095238095238093,0.14285714285714285,7.0,23.0,0.474,1.0,0.0,1.312
CUST_00688,26,E-commerce,Europe,SMB,5,1,Basic,29.0,23.833333333333332,8,0.6666666666666666,0.3333333333333333,7.0,23.0,0.462,1.0,0.0,0.75
CUST_00689,29,E-commerce,Asia-Pacific,SMB,4,0,Basic,29.0,22.8,9,0.0,0.0,7.0,23.0,0.658,1.0,0.0,0.0
CUST_00690,16,Education,Latin America,SMB,14,0,Pro,99.0,26.066666666666666,18,0.26666666666666666,0.0,6.0,0.0,0.671,1.0,0.0,1.875
CUST_00691,24,Healthcare,Asia-Pacific,SMB,4,1,Enterprise,299.0,12.428571428571429,6,1.2857142857142858,0.42857142857142855,7.0,23.0,0.684,1.0,0.583,0.778
CUST_00692,288,Education,North America,Mid-market,1,1,Enterprise,499.0,22.5,3,1.0,0.25,7.0,23.0,1.0,1.0,1.0,1.0
CUST_00693,4356,Finance,North America,Enterprise,16,0,Enterprise,999.0,69.94117647058823,130,0.29411764705882354,0.17647058823529413,9.0,31.0,0.443,1.0,0.0,0.0
CUST_00694,1594,E-commerce,North America,Enterprise,21,1,Pro,299.0,73.79166666666667,176,0.375,0.3333333333333333,7.0,23.0,0.535,1.0,0.0,0.0
CUST_00695,10,Technology,North America,SMB,12,0,Basic,29.0,22.307692307692307,24,0.23076923076923078,0.07692307692307693,7.0,23.0,0.695,1.0,0.0,0.0
CUST_00696,40,Finance,Asia-Pacific,SMB,2,1,Basic,29.0,19.666666666666668,1,0.3333333333333333,0.3333333333333333,7.0,23.0,0.966,1.0,1.5,1.5
CUST_00697,8,Healthcare,North America,SMB,4,0,Basic,29.0,19.4,5,0.0,0.0,7.0,23.0,0.954,1.0,0.0,0.0
CUST_00698,13,Education,North America,SMB,20,1,Basic,29.0,24.217391304347824,33,0.2608695652173913,0.0,7.0,19.0,0.64,1.0,0.0,1.917
CUST_00699,24,Technology,North America,SMB,22,1,Pro,99.0,23.11111111111111,43,0.14814814814814814,0.037037037037037035,5.0,-13.0,0.584,1.0,0.0,0.0
CUST_00700,32,Healthcare,Europe,SMB,11,0,Basic,29.0,19.083333333333332,22,0.3333333333333333,0.08333333333333333,7.0,23.0,0.629,1.0,0.0,0.0
CUST_00701,44,E-commerce,North America,SMB,17,1,Basic,29.0,23.85,31,0.15,0.05,4.0,-18.0,0.797,1.0,0.0,0.0
CUST_00702,31,Retail,Europe,SMB,20,0,Pro,99.0,23.714285714285715,44,0.38095238095238093,0.11904761904761904,7.0,23.0,0.337,1.0,0.0,0.0
CUST_00703,446,Technology,Europe,Mid-market,7,1,Basic,49.0,42.5,16,0.0,0.0,7.0,23.0,0.906,1.0,0.0,0.0
CUST_00704,15,Retail,Latin America,SMB,7,1,Basic,29.0,20.25,10,0.25,0.0,7.0,23.0,1.012,1.0,0.0,0.0
CUST_00705,267,Retail,Latin America,Mid-market,7,0,Enterprise,499.0,35.5,24,0.875,0.25,7.0,23.0,0.873,1.0,0.0,0.571
CUST_00706,19,Education,Europe,SMB,21,0,Basic,29.0,23.636363636363637,44,0.3181818181818182,0.06818181818181818,6.0,25.0,0.804,1.0,0.0,1.571
CUST_00707,39,Technology,North America,SMB,9,0,Pro,99.0,22.6,20,0.0,0.0,7.0,23.0,0.973,1.0,0.0,0.0
CUST_00708,49,Finance,Latin America,SMB,0,0,Basic,29.0,7.0,0,1.0,1.0,7.0,23.0,1.0,1.0,1.0,1.0
CUST_00709,31,Education,Europe,SMB,16,0,Pro,99.0,29.294117647058822,27,0.29411764705882354,0.17647058823529413,5.0,-26.0,0.58,1.0,0.0,0.0
CUST_00710,38,Retail,Asia-Pacific,SMB,13,1,Basic,29.0,25.1875,26,0.375,0.03125,8.0,25.0,0.734,1.0,0.0,1.333
CUST_00711,3,E-commerce,Latin America,SMB,17,0,Basic,29.0,24.5,31,0.2222222222222222,0.16666666666666666,7.0,5.0,0.592,1.0,3.0,2.25
CUST_00712,8,Finance,Europe,SMB,2,1,Pro,99.0,18.666666666666668,4,0.0,0.0,7.0,23.0,1.152,1.0,0.0,0.0
CUST_00713,236,Technology,North America,Mid-market,17,1,Basic,49.0,42.65,70,0.3,0.06666666666666667,7.0,9.0,0.41,1.0,7.499,1.667
CUST_00714,25,Finance,North America,SMB,21,0,Pro,99.0,25.40909090909091,34,0.18181818181818182,0.045454545454545456,5.0,7.0,0.453,1.0,0.0,0.0
CUST_00715,22,Technology,Europe,SMB,19,1,Basic,29.0,22.416666666666668,58,0.08333333333333333,0.041666666666666664,7.0,23.0,0.58,1.0,0.0,0.0
CUST_00716,13,Technology,North America,SMB,11,0,Pro,99.0,24.416666666666668,19,0.25,0.08333333333333333,7.0,23.0,0.696,1.0,0.0,0.0
CUST_00717,8,Finance,North America,SMB,11,1,Basic,29.0,23.5625,14,0.3125,0.0625,4.0,-10.0,0.891,1.0,0.0,0.0
CUST_00718,3246,Healthcare,North America,Enterprise,20,0,Enterprise,999.0,71.47619047619048,146,0.3333333333333333,0.21428571428571427,7.0,23.0,0.553,1.0,0.0,0.0
CUST_00719,17,Technology,Asia-Pacific,SMB,16,0,Pro,99.0,22.352941176470587,27,0.29411764705882354,0.0,8.0,12.0,0.805,1.0,0.0,1.7
CUST_00720,3909,Finance,Asia-Pacific,Enterprise,14,0,Enterprise,999.0,52.86666666666667,123,0.3333333333333333,0.26666666666666666,7.0,23.0,0.7,1.0,0.0,1.5
CUST_00721,15,Retail,Europe,SMB,6,1,Basic,29.0,23.142857142857142,14,0.5714285714285714,0.2857142857142857,7.0,23.0,0.713,1.0,0.0,0.0
CUST_00722,30,Finance,North America,SMB,17,0,Pro,99.0,25.444444444444443,39,0.16666666666666666,0.05555555555555555,7.0,23.0,0.55,1.0,8.998,3.0
CUST_00723,4291,Retail,Asia-Pacific,Enterprise,10,0,Enterprise,999.0,59.72727272727273,79,0.45454545454545453,0.22727272727272727,7.0,23.0,0.804,1.0,2.2,2.2
CUST_00724,8,Finance,North America,SMB,15,0,Basic,29.0,24.75,41,0.1875,0.0,7.0,23.0,0.586,1.0,0.0,2.667
CUST_00725,1382,Healthcare,Asia-Pacific,Enterprise,21,0,Enterprise,999.0,66.27272727272727,136,0.5909090909090909,0.2196969696969697,8.0,26.0,0.754,1.0,2.276,0.846
CUST_00726,29,Retail,North America,SMB,1,1,Basic,29.0,16.0,1,0.0,0.0,7.0,23.0,1.0,1.0,0.0,0.0
CUST_00727,38,E-commerce,North America,SMB,0,0,Pro,99.0,28.0,1,0.0,0.0,7.0,23.0,1.0,1.0,0.0,0.0
CUST_00728,420,Retail,North America,Mid-market,7,0,Pro,199.0,37.875,27,0.375,0.25,7.0,23.0,0.607,1.0,0.0,0.0
CUST_00729,19,Technology,Asia-Pacific,SMB,19,0,Basic,29.0,24.0,28,0.25,0.1,7.0,23.0,0.354,1.0,0.0,0.0
CUST_00730,38,E-commerce,North America,SMB,2,0,Basic,29.0,18.333333333333332,1,0.3333333333333333,0.3333333333333333,7.0,23.0,0.982,1.0,1.5,1.5
CUST_00731,43,E-commerce,North America,SMB,3,1,Basic,29.0,15.0,2,0.0,0.0,7.0,23.0,0.633,1.0,0.0,0.0
CUST_00732,3247,Retail,Asia-Pacific,Enterprise,1,0,Basic,99.0,36.0,8,0.5,0.5,7.0,23.0,1.0,1.0,1.0,1.0
CUST_00733,333,E-commerce,North America,Mid-market,7,0,Basic,49.0,37.25,27,0.25,0.125,7.0,23.0,0.872,1.0,0.0,0.0
CUST_00734,4505,Education,North America,Enterprise,17,0,Enterprise,999.0,70.88888888888889,135,0.6666666666666666,0.3425925925925926,7.0,23.0,0.748,1.0,0.973,2.25
CUST_00735,14,Education,North America,SMB,7,0,Basic,29.0,27.875,12,0.25,0.125,7.0,23.0,0.61,1.0,0.0,0.0
CUST_00736,1596,E-commerce,North America,Enterprise,6,0,Pro,299.0,54.142857142857146,35,1.0,0.35714285714285715,7.0,23.0,0.748,1.0,0.7,1.5
CUST_00737,54,Healthcare,Latin America,Mid-market,14,0,Basic,49.0,33.13333333333333,61,0.4,0.26666666666666666,7.0,12.0,0.755,1.0,1.875,1.25
CUST_00738,230,Healthcare,North America,Mid-market,17,0,Basic,49.0,38.55555555555556,68,0.6666666666666666,0.3333333333333333,9.0,40.0,0.635,1.0,1.5,1.5
CUST_00739,23,Technology,Latin America,SMB,3,1,Basic,29.0,14.75,2,0.5,0.25,7.0,23.0,1.017,1.0,0.0,0.0
CUST_00740,2,Retail,Europe,SMB,19,0,Basic,29.0,24.6,31,0.15,0.05,7.0,23.0,0.833,1.0,0.0,0.0
CUST_00741,4297,Education,Asia-Pacific,Enterprise,2,0,Enterprise,999.0,52.666666666666664,14,0.0,0.0,7.0,23.0,1.092,1.0,0.0,0.0
CUST_00742,299,E-commerce,Asia-Pacific,Mid-market,8,0,Pro,199.0,40.22222222222222,35,0.4444444444444444,0.1111111111111111,8.0,28.0,0.373,1.0,0.0,0.0
CUST_00743,162,Technology,Europe,Mid-market,14,0,Pro,199.0,40.6,62,0.4666666666666667,0.16666666666666666,7.0,23.0,0.419,1.0,0.0,1.071
CUST_00744,28,Healthcare,Latin America,SMB,20,0,Basic,29.0,26.952380952380953,28,0.19047619047619047,0.09523809523809523,7.0,23.0,0.835,1.0,0.0,0.0
CUST_00745,49,Technology,Europe,SMB,0,0,Basic,29.0,20.0,0,0.0,0.0,7.0,23.0,1.0,1.0,0.0,0.0
CUST_00746,230,Finance,North America,Mid-market,0,0,Enterprise,499.0,17.0,2,0.0,0.0,7.0,23.0,1.0,1.0,0.0,0.0
CUST_00747,9,E-commerce,North America,SMB,6,1,Basic,29.0,27.428571428571427,11,0.2857142857142857,0.0,7.0,23.0,0.346,1.0,0.0,1.75
CUST_00748,11,Education,Europe,SMB,5,0,Pro,99.0,24.666666666666668,4,0.16666666666666666,0.16666666666666666,7.0,23.0,0.872,1.0,0.0,0.0
CUST_00749,28,Healthcare,Asia-Pacific,SMB,20,0,Basic,29.0,27.19047619047619,34,0.09523809523809523,0.0,7.0,23.0,0.552,1.0,0.0,0.0
CUST_00750,34,Finance,North America,SMB,4,0,Enterprise,299.0,24.4,10,0.0,0.0,9.0,45.0,0.779,1.0,0.0,0.0
CUST_00751,40,Retail,Europe,SMB,6,1,Basic,29.0,23.555555555555557,10,0.0,0.0,7.0,23.0,1.061,1.0,0.0,0.0
CUST_00752,454,Technology,North America,Mid-market,3,0,Basic,49.0,31.5,9,0.75,0.5,7.0,23.0,0.619,1.0,1.0,1.333
CUST_00753,239,Finance,Asia-Pacific,Mid-market,13,0,Pro,199.0,38.0,46,0.42857142857142855,0.25,7.0,23.0,0.408,1.0,0.0,0.0
CUST_00754,17,Finance,North America,SMB,1,0,Basic,29.0,10.0,4,0.0,0.0,7.0,23.0,1.0,1.0,0.0,0.0
CUST_00755,8,E-commerce,North America,SMB,7,0,Pro,99.0,23.875,11,0.5,0.0625,7.0,23.0,0.586,1.0,0.0,1.0
CUST_00756,35,Finance,Europe,SMB,9,0,Pro,99.0,23.7,13,0.3,0.0,7.0,23.0,0.633,1.0,0.0,3.333
CUST_00757,34,Retail,Europe,SMB,4,1,Pro,99.0,18.0,8,0.2,0.2,7.0,23.0,0.972,1.0,2.5,2.5
CUST_00758,1911,E-commerce,North America,Enterprise,23,0,Pro,299.0,72.0,150,0.5416666666666666,0.2777777777777778,9.0,61.0,0.514,1.0,0.0,0.923
CUST_00759,68,Education,North America,Mid-market,15,1,Basic,49.0,40.666666666666664,55,0.16666666666666666,0.16666666666666666,7.0,23.0,0.357,1.0,0.0,0.0
CUST_00760,2439,Retail,Europe,Enterprise,5,0,Enterprise,999.0,58.5,34,1.1666666666666667,0.6666666666666666,7.0,23.0,0.333,1.0,1.5,1.286
CUST_00761,366,Education,Asia-Pacific,Mid-market,3,0,Enterprise,499.0,33.75,17,0.0,0.0,7.0,23.0,0.904,1.0,0.0,0.0
CUST_00762,36,Retail,Europe,SMB,11,0,Basic,29.0,25.5,23,0.3333333333333333,0.16666666666666666,7.0,23.0,0.588,1.0,0.0,1.5
CUST_00763,47,Finance,North America,SMB,5,1,Basic,29.0,17.166666666666668,9,0.0,0.0,7.0,23.0,0.583,1.0,0.0,0.0
CUST_00764,28,Education,Europe,SMB,17,1,Pro,99.0,24.681818181818183,33,0.3181818181818182,0.0,7.0,23.0,0.628,1.0,0.0,0.0
CUST_00765,94,Healthcare,North America,Mid-market,16,0,Basic,49.0,41.0,61,0.47058823529411764,0.17647058823529413,7.0,23.0,0.5,1.0,0.0,0.0
CUST_00766,4566,Technology,North America,Enterprise,4,0,Enterprise,999.0,40.2,23,0.6,0.6,9.0,37.0,0.784,1.0,0.833,0.833
CUST_00767,34,Finance,Europe,SMB,4,1,Basic,29.0,16.0,6,0.14285714285714285,0.14285714285714285,7.0,23.0,0.781,1.0,0.0,0.0
CUST_00768,2157,E-commerce,Europe,Enterprise,18,0,Enterprise,999.0,66.84210526315789,142,0.6842105263157895,0.4473684210526316,7.0,21.0,0.322,1.0,1.118,1.462
CUST_00769,18,E-commerce,North America,SMB,7,0,Pro,99.0,19.875,7,0.0,0.0,7.0,23.0,0.629,1.0,0.0,0.0
CUST_00770,48,Technology,Europe,SMB,10,0,Basic,29.0,24.818181818181817,15,0.36363636363636365,0.09090909090909091,7.0,23.0,0.484,1.0,0.0,1.375
CUST_00771,32,Healthcare,Asia-Pacific,SMB,11,0,Basic,29.0,26.083333333333332,17,0.5,0.16666666666666666,7.0,23.0,0.709,1.0,0.0,1.0
CUST_00772,22,Healthcare,North America,SMB,11,0,Basic,29.0,21.916666666666668,15,0.16666666666666666,0.08333333333333333,7.0,23.0,0.707,1.0,0.0,0.0
CUST_00773,296,Education,North America,Mid-market,7,0,Enterprise,499.0,37.5,19,0.25,0.25,7.0,23.0,0.453,1.0,0.0,0.0
CUST_00774,1340,E-commerce,Asia-Pacific,Enterprise,7,0,Pro,299.0,50.875,45,0.25,0.25,7.0,23.0,0.767,1.0,2.0,2.0
CUST_00775,79,Education,Europe,Mid-market,0,0,Basic,49.0,26.0,4,0.0,0.0,7.0,23.0,1.0,1.0,0.0,0.0
CUST_00776,42,Retail,Asia-Pacific,SMB,14,0,Basic,29.0,26.066666666666666,16,0.13333333333333333,0.06666666666666667,7.0,23.0,0.441,1.0,0.0,0.0
CUST_00777,35,Retail,North America,SMB,7,0,Basic,29.0,24.25,14,0.25,0.0,7.0,23.0,0.66,1.0,0.0,2.0
CUST_00778,21,Healthcare,North America,SMB,20,0,Basic,29.0,22.333333333333332,38,0.09523809523809523,0.09523809523809523,6.0,17.0,0.582,1.0,0.0,0.0
CUST_00779,1477,E-commerce,Latin America,Enterprise,16,1,Pro,299.0,78.6842105263158,143,0.5263157894736842,0.21929824561403505,7.0,23.0,0.451,1.0,0.0,0.0
CUST_00780,26,Healthcare,North America,SMB,22,0,Basic,29.0,25.782608695652176,43,0.13043478260869565,0.021739130434782608,8.0,32.0,0.698,1.0,0.0,3.833
CUST_00781,13,Technology,Europe,SMB,2,0,Pro,99.0,15.333333333333334,4,0.0,0.0,7.0,23.0,0.75,1.0,0.0,0.0
CUST_00782,12,E-commerce,North America,SMB,2,0,Basic,29.0,17.666666666666668,2,0.6666666666666666,0.16666666666666666,7.0,23.0,1.047,1.0,1.5,1.5
CUST_00783,341,Finance,North America,Mid-market,19,0,Enterprise,499.0,45.19047619047619,75,0.38095238095238093,0.1746031746031746,6.0,21.0,0.376,1.0,0.0,0.0
CUST_00784,4671,Education,North America,Enterprise,6,1,Basic,99.0,61.77777777777778,49,0.3333333333333333,0.1111111111111111,7.0,23.0,0.639,1.0,4.5,3.0
CUST_00785,37,Technology,Asia-Pacific,SMB,3,0,Basic,29.0,23.5,4,0.0,0.0,7.0,23.0,0.957,1.0,0.0,0.0
CUST_00786,42,Education,North America,SMB,17,0,Basic,29.0,28.444444444444443,27,0.2222222222222222,0.1111111111111111,7.0,23.0,0.686,1.0,4.5,2.25
CUST_00787,330,Education,Europe,Mid-market,23,0,Pro,199.0,44.5,86,0.20833333333333334,0.20833333333333334,8.0,18.0,0.303,1.0,2.4,2.4
CUST_00788,36,Technology,North America,SMB,18,0,Basic,29.0,27.68421052631579,36,0.15789473684210525,0.05263157894736842,6.0,27.0,0.488,1.0,0.0,3.166
CUST_00789,29,Finance,North America,SMB,23,0,Basic,29.0,18.25,35,0.125,0.041666666666666664,7.0,23.0,0.795,1.0,0.0,0.0
CUST_00790,19,Retail,North America,SMB,6,0,Basic,29.0,26.142857142857142,11,0.2857142857142857,0.14285714285714285,7.0,23.0,0.478,1.0,0.0,0.0
CUST_00791,32,Retail,North America,SMB,5,1,Basic,29.0,12.75,18,0.0,0.0,7.0,23.0,0.549,1.0,0.0,0.0
CUST_00792,22,E-commerce,Europe,SMB,5,1,Basic,29.0,27.166666666666668,8,0.0,0.0,7.0,23.0,0.773,1.0,0.0,0.0
CUST_00793,4,Technology,Europe,SMB,14,0,Enterprise,299.0,26.733333333333334,33,0.3333333333333333,0.03333333333333333,7.0,23.0,0.786,1.0,0.0,1.5
CUST_00794,31,Healthcare,Europe,SMB,19,0,Basic,29.0,26.4,21,0.15,0.1,7.0,23.0,0.72,1.0,0.0,0.0
CUST_00795,629,Healthcare,Europe,Enterprise,12,1,Enterprise,999.0,63.8,96,0.4666666666666667,0.3333333333333333,7.0,23.0,0.494,1.0,1.5,1.071
CUST_00796,31,E-commerce,North America,SMB,7,1,Basic,29.0,20.0,12,0.25,0.0,7.0,23.0,0.45,1.0,0.0,0.0
CUST_00797,26,Finance,Asia-Pacific,SMB,20,0,Basic,29.0,25.80952380952381,37,0.19047619047619047,0.0,7.0,23.0,0.601,1.0,0.0,0.0
CUST_00798,1,Healthcare,Latin America,SMB,13,1,Basic,29.0,25.22222222222222,38,0.16666666666666666,0.05555555555555555,7.0,23.0,0.733,1.0,0.0,3.0
CUST_00799,4,Technology,Europe,SMB,5,0,Pro,99.0,25.333333333333332,9,0.0,0.0,7.0,23.0,0.553,1.0,0.0,0.0
CUST_00800,45,Technology,Asia-Pacific,SMB,7,1,Basic,29.0,19.25,12,0.125,0.0,7.0,23.0,0.753,1.0,0.0,0.0
CUST_00801,49,Retail,Latin America,SMB,17,0,Basic,29.0,27.666666666666668,25,0.2222222222222222,0.1111111111111111,7.0,23.0,0.434,1.0,0.0,0.0
CUST_00802,25,Education,North America,SMB,2,0,Basic,29.0,14.666666666666666,1,0.0,0.0,7.0,23.0,1.125,1.0,0.0,0.0
CUST_00803,41,Retail,Europe,SMB,5,1,Basic,29.0,18.666666666666668,8,0.0,0.0,7.0,23.0,0.696,1.0,0.0,0.0
CUST_00804,20,Finance,Europe,SMB,11,0,Basic,29.0,25.5,25,0.08333333333333333,0.08333333333333333,7.0,23.0,0.843,1.0,0.0,0.0
CUST_00805,12,Technology,Europe,SMB,12,0,Enterprise,299.0,23.46153846153846,20,0.38461538461538464,0.15384615384615385,7.0,23.0,0.448,1.0,0.0,0.0
CUST_00806,34,Technology,North America,SMB,7,1,Basic,29.0,19.875,11,0.125,0.0,7.0,23.0,0.956,1.0,0.0,4.0
CUST_00807,36,Retail,Asia-Pacific,SMB,1,0,Basic,29.0,6.0,1,0.0,0.0,7.0,23.0,1.0,1.0,0.0,0.0
CUST_00808,29,Retail,Latin America,SMB,2,1,Basic,29.0,16.333333333333332,3,0.0,0.0,7.0,23.0,0.796,1.0,0.0,0.0
CUST_00809,3464,Finance,North America,Enterprise,6,0,Enterprise,999.0,63.285714285714285,32,0.7142857142857143,0.5714285714285714,7.0,23.0,0.632,1.0,1.75,2.1
CUST_00810,12,E-commerce,Asia-Pacific,SMB,3,0,Basic,29.0,19.0,8,0.0,0.0,7.0,23.0,0.895,1.0,0.0,0.0
CUST_00811,16,Education,Asia-Pacific,SMB,19,0,Pro,99.0,27.8,32,0.3,0.0,7.0,23.0,0.683,1.0,0.0,1.667
CUST_00812,67,Finance,Asia-Pacific,Mid-market,12,0,Basic,49.0,38.76923076923077,35,0.38461538461538464,0.11538461538461539,9.0,47.0,0.464,1.0,0.0,0.0
CUST_00813,5,Healthcare,North America,SMB,14,0,Basic,29.0,25.8,31,0.13333333333333333,0.0,7.0,31.0,0.252,1.0,0.0,3.75
CUST_00814,16,E-commerce,Asia-Pacific,SMB,8,1,Basic,29.0,21.77777777777778,13,0.3333333333333333,0.0,7.0,23.0,0.597,1.0,0.0,0.0
CUST_00815,93,E-commerce,North America,Mid-market,12,1,Pro,199.0,33.294117647058826,61,0.23529411764705882,0.17647058823529413,7.0,23.0,0.721,1.0,2.833,2.125
CUST_00816,332,Technology,North America,Mid-market,10,0,Enterprise,499.0,39.36363636363637,30,0.45454545454545453,0.18181818181818182,7.0,23.0,0.724,1.0,0.0,0.0
CUST_00817,402,E-commerce,North America,Mid-market,8,1,Basic,49.0,32.44444444444444,34,0.2222222222222222,0.2222222222222222,7.0,23.0,0.801,1.0,2.25,2.25
CUST_00818,239,Healthcare,North America,Mid-market,15,1,Pro,199.0,50.94444444444444,51,0.16666666666666666,0.1111111111111111,7.0,23.0,0.442,1.0,0.0,0.0
CUST_00819,458,Finance,North America,Mid-market,15,0,Enterprise,499.0,42.4375,59,0.1875,0.0,7.0,23.0,0.577,1.0,0.0,0.0
CUST_00820,8,Education,North America,SMB,4,0,Basic,29.0,16.8,11,0.2,0.2,7.0,23.0,0.893,1.0,2.5,2.5
CUST_00821,24,Healthcare,Asia-Pacific,SMB,15,1,Basic,29.0,25.45,35,0.2,0.05,7.0,23.0,0.668,1.0,0.0,0.0
CUST_00822,4466,E-commerce,Europe,Enterprise,22,0,Enterprise,999.0,63.82608695652174,157,0.34782608695652173,0.17391304347826086,7.0,23.0,0.682,1.0,0.0,0.0
CUST_00823,6,Technology,Asia-Pacific,SMB,22,0,Basic,29.0,26.304347826086957,37,0.34782608695652173,0.10869565217391304,7.0,23.0,0.209,1.0,0.0,0.0
CUST_00824,5,Healthcare,Asia-Pacific,SMB,6,1,Basic,29.0,15.714285714285714,13,0.0,0.0,7.0,23.0,0.923,1.0,0.0,0.0
CUST_00825,4,Education,Asia-Pacific,SMB,8,0,Basic,29.0,26.0,19,0.0,0.0,7.0,23.0,0.481,1.0,0.0,0.0
CUST_00826,13,Finance,Asia-Pacific,SMB,16,0,Pro,99.0,27.88235294117647,21,0.17647058823529413,0.11764705882352941,8.0,23.0,0.502,1.0,4.25,2.833
CUST_00827,92,Finance,Asia-Pacific,Mid-market,3,1,Basic,49.0,22.75,5,0.25,0.0,7.0,23.0,0.637,1.0,0.0,2.0
CUST_00828,26,Technology,North America,SMB,17,0,Basic,29.0,23.72222222222222,31,0.16666666666666666,0.027777777777777776,7.0,22.0,0.485,1.0,8.997,6.0
CUST_00829,12,Healthcare,Asia-Pacific,SMB,4,1,Pro,99.0,24.4,4,0.0,0.0,7.0,23.0,0.799,1.0,0.0,0.0
CUST_00830,11,Technology,North America,SMB,17,0,Basic,29.0,26.833333333333332,29,0.2222222222222222,0.05555555555555555,7.0,23.0,0.447,1.0,0.0,0.0
CUST_00831,49,E-commerce,Europe,SMB,3,1,Basic,29.0,20.0,7,0.8333333333333334,0.16666666666666666,7.0,23.0,1.375,1.0,3.0,1.2
CUST_00832,2466,Healthcare,North America,Enterprise,16,1,Enterprise,999.0,59.10526315789474,118,0.7368421052631579,0.2631578947368421,7.0,23.0,0.677,1.0,1.9,1.357
CUST_00833,26,Education,North America,SMB,7,1,Pro,99.0,19.75,11,0.0,0.0,5.0,-2.0,0.532,1.0,0.0,0.0
CUST_00834,16,E-commerce,Asia-Pacific,SMB,2,0,Pro,99.0,18.333333333333332,6,0.6666666666666666,0.16666666666666666,7.0,23.0,1.2,1.0,1.5,1.5
CUST_00835,309,Retail,Latin America,Mid-market,15,0,Pro,199.0,40.9375,48,0.375,0.25,9.0,30.0,0.635,1.0,2.0,2.667
CUST_00836,2976,Technology,Europe,Enterprise,21,0,Enterprise,999.0,66.13636363636364,139,0.5454545454545454,0.3977272727272727,7.0,23.0,0.567,1.0,1.257,0.917
CUST_00837,29,Technology,Asia-Pacific,SMB,7,0,Enterprise,299.0,24.0,10,0.125,0.125,7.0,23.0,0.396,1.0,0.0,0.0
CUST_00838,17,Healthcare,Asia-Pacific,SMB,1,1,Basic,29.0,18.5,2,0.5,0.5,7.0,23.0,1.0,1.0,1.0,1.0
CUST_00839,25,Finance,North America,SMB,0,0,Pro,99.0,19.0,3,1.0,0.0,7.0,23.0,1.0,1.0,0.0,1.0
CUST_00840,38,E-commerce,Europe,SMB,12,0,Basic,29.0,22.76923076923077,21,0.23076923076923078,0.07692307692307693,7.0,23.0,0.769,1.0,0.0,2.167
CUST_00841,218,E-commerce,North America,Mid-market,13,0,Enterprise,499.0,36.714285714285715,56,0.14285714285714285,0.0,7.0,23.0,0.613,1.0,0.0,0.0
CUST_00842,27,Finance,North America,SMB,12,1,Basic,29.0,21.923076923076923,21,0.15384615384615385,0.07692307692307693,7.0,23.0,0.775,1.0,0.0,3.25
CUST_00843,4,Technology,North America,SMB,1,0,Basic,29.0,12.5,1,1.0,0.5,7.0,23.0,1.0,1.0,1.0,1.0
CUST_00844,238,E-commerce,North America,Mid-market,9,1,Basic,49.0,43.5,46,0.5833333333333334,0.3333333333333333,7.0,23.0,0.563,1.0,0.0,0.0
CUST_00845,43,Education,Europe,SMB,14,0,Basic,29.0,25.333333333333332,16,0.13333333333333333,0.06666666666666667,7.0,23.0,0.612,1.0,7.499,3.75
CUST_00846,16,Education,North America,SMB,14,0,Basic,29.0,25.866666666666667,29,0.2,0.0,7.0,23.0,0.754,1.0,0.0,0.0
CUST_00847,39,Education,Europe,SMB,12,0,Basic,29.0,22.23076923076923,11,0.38461538461538464,0.07692307692307693,7.0,23.0,0.675,1.0,0.0,1.3
CUST_00848,30,Retail,Asia-Pacific,SMB,14,0,Basic,29.0,21.866666666666667,24,0.26666666666666666,0.13333333333333333,7.0,23.0,0.663,1.0,3.75,1.875
CUST_00849,26,E-commerce,North America,SMB,14,1,Basic,29.0,17.58823529411765,30,0.29411764705882354,0.17647058823529413,8.0,44.0,0.938,1.0,2.833,1.7
CUST_00850,26,Technology,Latin America,SMB,1,0,Basic,29.0,21.5,0,0.0,0.0,7.0,23.0,1.0,1.0,0.0,0.0
CUST_00851,451,E-commerce,Europe,Mid-market,11,0,Basic,49.0,42.25,28,0.4166666666666667,0.25,7.0,23.0,0.391,1.0,0.0,0.0
CUST_00852,2047,Technology,Europe,Enterprise,4,0,Basic,99.0,55.2,18,0.2,0.2,7.0,23.0,0.453,1.0,0.0,0.0
CUST_00853,296,E-commerce,North America,Mid-market,3,0,Basic,49.0,28.0,9,0.5,0.5,7.0,23.0,0.911,1.0,1.0,1.0
CUST_00854,44,Technology,Europe,SMB,6,0,Basic,29.0,22.428571428571427,10,0.42857142857142855,0.2857142857142857,7.0,23.0,0.446,1.0,1.75,1.167
CUST_00855,33,Education,Asia-Pacific,SMB,15,0,Pro,99.0,23.125,30,0.0,0.0,6.0,9.0,0.303,1.0,0.0,0.0
CUST_00856,4,Education,North America,SMB,12,0,Pro,99.0,28.23076923076923,22,0.07692307692307693,0.0,7.0,23.0,0.62,1.0,0.0,0.0
CUST_00857,475,Education,Latin America,Mid-market,11,1,Pro,199.0,41.333333333333336,54,0.3333333333333333,0.16666666666666666,7.0,23.0,0.556,1.0,0.0,0.0
CUST_00858,14,Healthcare,Latin America,SMB,1,1,Basic,29.0,20.0,0,0.0,0.0,7.0,23.0,1.0,1.0,0.0,0.0
CUST_00859,478,Retail,Europe,Mid-market,1,0,Basic,49.0,40.5,1,0.0,0.0,7.0,23.0,1.0,1.0,0.0,0.0
CUST_00860,10,Technology,North America,SMB,2,0,Basic,29.0,11.333333333333334,2,0.3333333333333333,0.0,7.0,23.0,1.103,1.0,0.0,1.5
CUST_00861,436,Finance,North America,Mid-market,15,0,Basic,49.0,39.75,56,0.25,0.0625,7.0,23.0,0.365,1.0,0.0,2.0
CUST_00862,160,Healthcare,North America,Mid-market,12,1,Basic,49.0,46.2,48,0.4666666666666667,0.4,7.0,23.0,0.346,1.0,1.25,1.071
CUST_00863,4,Technology,North America,SMB,14,0,Basic,29.0,23.933333333333334,17,0.26666666666666666,0.1,7.0,23.0,0.919,1.0,0.0,0.0
CUST_00864,9,Finance,Latin America,SMB,1,0,Basic,29.0,19.5,3,0.0,0.0,7.0,23.0,1.0,1.0,0.0,0.0
CUST_00865,2313,E-commerce,Asia-Pacific,Enterprise,13,0,Basic,99.0,68.71428571428571,107,0.7142857142857143,0.2857142857142857,8.0,53.0,0.742,1.0,1.75,0.7
CUST_00866,46,Technology,Latin America,SMB,10,0,Basic,29.0,24.181818181818183,18,0.18181818181818182,0.0,6.0,30.0,0.744,1.0,0.0,0.0
CUST_00867,26,Education,Latin America,SMB,0,0,Basic,29.0,6.0,0,0.0,0.0,7.0,23.0,1.0,1.0,0.0,0.0
CUST_00868,6,Retail,North America,SMB,7,0,Basic,29.0,21.5,12,0.125,0.125,7.0,23.0,0.488,1.0,0.0,0.0
CUST_00869,18,Healthcare,Europe,SMB,1,1,Pro,99.0,14.0,4,0.0,0.0,7.0,23.0,1.0,1.0,0.0,0.0
CUST_00870,32,Healthcare,North America,SMB,13,0,Basic,29.0,23.714285714285715,25,0.14285714285714285,0.0,7.0,26.0,0.611,1.0,0.0,3.5
CUST_00871,46,Education,North America,SMB,20,0,Basic,29.0,25.333333333333332,30,0.14285714285714285,0.09523809523809523,7.0,23.0,0.474,1.0,0.0,3.5
CUST_00872,48,E-commerce,Asia-Pacific,SMB,9,1,Enterprise,299.0,29.4,12,0.3,0.1,7.0,23.0,0.646,1.0,0.0,1.667
CUST_00873,18,Retail,North America,SMB,1,1,Basic,29.0,11.5,2,0.0,0.0,7.0,23.0,1.0,1.0,0.0,0.0
CUST_00874,12,Finance,Europe,SMB,9,1,Basic,29.0,25.285714285714285,29,0.42857142857142855,0.07142857142857142,7.0,23.0,0.653,1.0,6.999,1.167
CUST_00875,39,Healthcare,Asia-Pacific,SMB,5,1,Basic,29.0,24.666666666666668,16,0.0,0.0,7.0,23.0,0.628,1.0,0.0,0.0
CUST_00876,282,Finance,North America,Mid-market,13,1,Enterprise,499.0,44.6875,60,0.1875,0.1875,7.0,23.0,0.436,1.0,0.0,0.0
CUST_00877,12,E-commerce,North America,SMB,0,0,Enterprise,299.0,11.0,1,0.0,0.0,7.0,23.0,1.0,1.0,0.0,0.0
CUST_00878,49,Retail,Asia-Pacific,SMB,9,0,Pro,99.0,20.9,11,0.1,0.1,7.0,23.0,0.861,1.0,0.0,0.0
CUST_00879,343,Healthcare,Europe,Mid-market,10,1,Basic,49.0,37.0,35,0.18181818181818182,0.18181818181818182,7.0,23.0,0.473,1.0,0.0,0.0
CUST_00880,45,Education,Asia-Pacific,SMB,3,0,Enterprise,299.0,19.0,7,0.0,0.0,7.0,23.0,0.816,1.0,0.0,0.0
CUST_00881,40,E-commerce,Latin America,SMB,5,0,Pro,99.0,13.833333333333334,6,0.16666666666666666,0.0,7.0,1.0,0.542,1.0,0.0,3.0
CUST_00882,1875,Healthcare,Asia-Pacific,Enterprise,7,1,Pro,299.0,56.25,48,0.375,0.0625,6.0,1.0,0.382,1.0,0.0,1.333
CUST_00883,2382,Retail,Asia-Pacific,Enterprise,4,1,Pro,299.0,54.8,23,0.6,0.4,7.0,23.0,0.575,1.0,2.5,1.667
CUST_00884,48,Healthcare,North America,SMB,8,0,Pro,99.0,21.444444444444443,8,0.2222222222222222,0.0,7.0,23.0,0.769,1.0,0.0,2.25
CUST_00885,336,Finance,Europe,Mid-market,12,1,Basic,49.0,40.06666666666667,44,0.4,0.06666666666666667,7.0,23.0,0.424,1.0,0.0,1.25
CUST_00886,197,Finance,Europe,Mid-market,6,0,Pro,199.0,36.714285714285715,27,0.0,0.0,7.0,23.0,0.708,1.0,0.0,0.0
CUST_00887,4653,Education,Europe,Enterprise,20,0,Basic,99.0,67.66666666666667,142,0.047619047619047616,0.047619047619047616,7.0,23.0,1.116,1.0,0.0,0.0
CUST_00888,45,Finance,Asia-Pacific,SMB,7,0,Pro,99.0,22.5,6,0.125,0.0,7.0,23.0,0.422,1.0,0.0,4.0
CUST_00889,24,Finance,Europe,SMB,21,0,Pro,99.0,27.0,42,0.18181818181818182,0.09090909090909091,7.0,23.0,0.926,1.0,0.0,0.0
CUST_00890,84,Finance,North America,Mid-market,6,0,Pro,199.0,35.0,19,0.2857142857142857,0.14285714285714285,7.0,23.0,0.629,1.0,3.5,1.75
CUST_00891,394,Retail,Latin America,Mid-market,0,0,Basic,49.0,38.0,6,0.0,0.0,7.0,23.0,1.0,1.0,0.0,0.0
CUST_00892,178,E-commerce,Latin America,Mid-market,16,0,Pro,199.0,37.64705882352941,57,0.5294117647058824,0.35294117647058826,7.0,23.0,0.757,1.0,1.417,0.944
CUST_00893,18,Education,Asia-Pacific,SMB,22,0,Basic,29.0,26.695652173913043,39,0.17391304347826086,0.08695652173913043,8.0,48.0,0.393,1.0,0.0,0.0
CUST_00894,32,Finance,Europe,SMB,6,0,Basic,29.0,24.0,11,0.14285714285714285,0.0,7.0,23.0,0.396,1.0,0.0,3.5
CUST_00895,18,Technology,Europe,SMB,22,0,Pro,99.0,26.52173913043478,37,0.08695652173913043,0.043478260869565216,7.0,23.0,0.452,1.0,0.0,0.0
CUST_00896,9,Education,Europe,SMB,4,0,Pro,99.0,19.6,8,0.2,0.2,7.0,23.0,1.097,1.0,0.0,0.0
CUST_00897,118,Healthcare,Europe,Mid-market,3,0,Enterprise,499.0,23.25,12,0.25,0.25,7.0,23.0,1.032,1.0,0.0,0.0
CUST_00898,309,Technology,Asia-Pacific,Mid-market,15,1,Enterprise,499.0,42.3,78,0.3,0.18333333333333332,7.0,23.0,0.556,1.0,0.0,0.0
CUST_00899,415,Healthcare,North America,Mid-market,3,0,Basic,49.0,29.75,12,0.75,0.5,7.0,23.0,0.723,1.0,1.0,1.333
CUST_00900,13,Finance,North America,SMB,1,1,Basic,29.0,12.0,2,0.0,0.0,7.0,23.0,1.0,1.0,0.0,0.0
CUST_00901,9,Technology,Latin America,SMB,18,0,Basic,29.0,27.94736842105263,31,0.05263157894736842,0.05263157894736842,7.0,23.0,0.716,1.0,0.0,0.0
CUST_00902,40,Education,North America,SMB,4,1,Basic,29.0,18.8,1,0.4,0.1,7.0,23.0,0.824,1.0,0.0,0.0
CUST_00903,31,Technology,Asia-Pacific,SMB,7,1,Basic,29.0,19.3,27,0.0,0.0,7.0,23.0,0.596,1.0,0.0,0.0
CUST_00904,25,Retail,North America,SMB,21,0,Basic,29.0,25.954545454545453,37,0.045454545454545456,0.045454545454545456,7.0,23.0,0.867,1.0,10.998,10.998
CUST_00905,35,E-commerce,North America,SMB,23,0,Basic,29.0,28.458333333333332,31,0.2916666666666667,0.10416666666666667,7.0,23.0,0.439,1.0,0.0,0.0
CUST_00906,19,Finance,North America,SMB,4,0,Basic,29.0,21.0,6,0.4,0.2,7.0,23.0,0.595,1.0,0.0,1.25
CUST_00907,4812,Retail,North America,Enterprise,11,1,Enterprise,999.0,61.8125,86,0.3125,0.1875,7.0,23.0,0.542,1.0,0.0,0.0
CUST_00908,2852,Retail,Asia-Pacific,Enterprise,7,0,Enterprise,999.0,55.25,58,0.125,0.125,7.0,23.0,0.615,1.0,4.0,4.0
CUST_00909,19,Technology,North America,SMB,19,0,Basic,29.0,26.6,34,0.15,0.0,7.0,23.0,0.357,1.0,0.0,0.0
CUST_00910,36,Healthcare,Asia-Pacific,SMB,5,0,Pro,99.0,15.166666666666666,10,0.16666666666666666,0.0,7.0,23.0,0.956,1.0,0.0,0.0
CUST_00911,488,Finance,North America,Mid-market,6,1,Enterprise,499.0,41.333333333333336,18,0.0,0.0,6.0,12.0,0.399,1.0,0.0,0.0
CUST_00912,333,Healthcare,North America,Mid-market,1,0,Pro,199.0,25.0,2,0.5,0.5,7.0,23.0,1.0,1.0,1.0,1.0
CUST_00913,1707,Technology,North America,Enterprise,21,0,Pro,299.0,70.86363636363636,166,0.4090909090909091,0.29545454545454547,7.0,23.0,0.727,1.0,1.692,2.444
CUST_00914,2144,E-commerce,Latin America,Enterprise,16,0,Enterprise,999.0,80.94117647058823,123,0.47058823529411764,0.35294117647058826,8.0,46.0,0.778,1.0,0.0,0.0
CUST_00915,436,Education,Europe,Mid-market,2,0,Pro,199.0,32.0,4,0.0,0.0,7.0,23.0,1.047,1.0,0.0,0.0
CUST_00916,7,Healthcare,North America,SMB,16,0,Pro,99.0,23.11764705882353,18,0.058823529411764705,0.0,8.0,20.0,0.649,1.0,0.0,8.499
CUST_00917,36,Technology,Europe,SMB,18,0,Pro,99.0,21.94736842105263,34,0.21052631578947367,0.05263157894736842,7.0,23.0,0.433,1.0,0.0,0.0
CUST_00918,48,Healthcare,Asia-Pacific,SMB,18,0,Basic,29.0,25.894736842105264,26,0.15789473684210525,0.0,7.0,23.0,0.714,1.0,0.0,3.166
CUST_00919,946,Healthcare,Asia-Pacific,Enterprise,16,0,Enterprise,999.0,66.11764705882354,129,0.5882352941176471,0.4117647058823529,7.0,23.0,0.446,1.0,1.214,0.85
CUST_00920,165,Retail,North America,Mid-market,11,1,Pro,199.0,33.357142857142854,48,0.2857142857142857,0.10714285714285714,7.0,23.0,0.779,1.0,0.0,0.0
CUST_00921,119,Technology,North America,Mid-market,2,0,Basic,49.0,27.0,2,0.0,0.0,7.0,23.0,1.185,1.0,0.0,0.0
CUST_00922,410,Healthcare,Europe,Mid-market,23,0,Pro,199.0,39.541666666666664,80,0.25,0.20833333333333334,7.0,23.0,0.721,1.0,0.0,0.0
CUST_00923,13,E-commerce,Latin America,SMB,7,1,Basic,29.0,19.4,9,0.4,0.1,7.0,23.0,0.773,1.0,5.0,1.25
CUST_00924,34,E-commerce,North America,SMB,23,1,Basic,29.0,26.035714285714285,48,0.03571428571428571,0.0,7.0,23.0,0.48,1.0,0.0,0.0
CUST_00925,14,Finance,Europe,SMB,21,0,Pro,99.0,24.454545454545453,39,0.18181818181818182,0.045454545454545456,7.0,23.0,0.491,1.0,0.0,0.0
CUST_00926,30,Finance,Asia-Pacific,SMB,11,0,Basic,29.0,24.5,18,0.08333333333333333,0.0,7.0,23.0,0.571,1.0,0.0,0.0
CUST_00927,16,E-commerce,North America,SMB,20,1,Basic,29.0,24.82608695652174,54,0.13043478260869565,0.043478260869565216,7.0,23.0,0.363,1.0,0.0,3.833
CUST_00928,179,Retail,North America,Mid-market,13,1,Pro,199.0,42.05555555555556,44,0.16666666666666666,0.16666666666666666,7.0,23.0,0.832,1.0,6.0,6.0
CUST_00929,25,E-commerce,North America,SMB,19,0,Basic,29.0,20.95,42,0.15,0.025,7.0,23.0,0.286,1.0,0.0,0.0
CUST_00930,40,Healthcare,North America,SMB,13,0,Basic,29.0,23.357142857142858,26,0.21428571428571427,0.0,7.0,23.0,0.642,1.0,0.0,0.0
CUST_00931,22,Retail,Europe,SMB,0,0,Basic,29.0,22.0,1,0.0,0.0,7.0,23.0,1.0,1.0,0.0,0.0
CUST_00932,146,E-commerce,Asia-Pacific,Mid-market,0,0,Basic,49.0,33.0,2,0.0,0.0,7.0,23.0,1.0,1.0,0.0,0.0
CUST_00933,309,Retail,North America,Mid-market,6,0,Basic,49.0,39.142857142857146,13,0.14285714285714285,0.0,7.0,23.0,0.664,1.0,0.0,3.5
CUST_00934,41,Retail,Asia-Pacific,SMB,19,1,Basic,29.0,25.363636363636363,41,0.36363636363636365,0.0,7.0,28.0,0.532,1.0,0.0,1.375
CUST_00935,42,Technology,North America,SMB,9,0,Enterprise,299.0,25.7,13,0.2,0.1,7.0,23.0,0.467,1.0,0.0,0.0
CUST_00936,49,Technology,Europe,SMB,8,0,Basic,29.0,23.555555555555557,12,0.2222222222222222,0.0,7.0,23.0,0.934,1.0,0.0,2.25
CUST_00937,456,Retail,Latin America,Mid-market,8,1,Enterprise,499.0,41.111111111111114,34,0.6666666666666666,0.5555555555555556,7.0,23.0,0.572,1.0,0.9,0.75
CUST_00938,7,Technology,North America,SMB,18,0,Pro,99.0,24.263157894736842,30,0.3157894736842105,0.05263157894736842,7.0,20.0,0.289,1.0,0.0,1.583
CUST_00939,1,E-commerce,North America,SMB,15,1,Basic,29.0,26.055555555555557,36,0.6666666666666666,0.05555555555555555,7.0,23.0,0.537,1.0,0.0,0.0
CUST_00940,3021,Healthcare,North America,Enterprise,21,1,Enterprise,999.0,67.04166666666667,170,0.3333333333333333,0.20833333333333334,9.0,39.0,0.44,1.0,2.4,1.5
CUST_00941,6,Healthcare,North America,SMB,6,0,Basic,29.0,19.142857142857142,11,0.0,0.0,7.0,23.0,0.784,1.0,0.0,0.0
CUST_00942,3940,Retail,Latin America,Enterprise,19,1,Basic,99.0,67.13636363636364,131,0.45454545454545453,0.2727272727272727,7.0,23.0,0.715,1.0,1.833,2.2
CUST_00943,35,E-commerce,Europe,SMB,6,0,Basic,29.0,17.571428571428573,16,0.0,0.0,7.0,23.0,1.423,1.0,0.0,0.0
CUST_00944,41,Education,Asia-Pacific,SMB,1,1,Pro,99.0,16.5,3,0.0,0.0,7.0,23.0,1.0,1.0,0.0,0.0
CUST_00945,17,Technology,North America,SMB,3,1,Enterprise,299.0,13.5,3,0.25,0.0,7.0,23.0,1.185,1.0,0.0,2.0
CUST_00946,3,E-commerce,Latin America,SMB,12,1,Basic,29.0,28.0,22,0.3076923076923077,0.07692307692307693,7.0,23.0,0.339,1.0,0.0,1.625
CUST_00947,1,Technology,Latin America,SMB,5,0,Basic,29.0,19.333333333333332,6,0.0,0.0,7.0,23.0,0.853,1.0,0.0,0.0
CUST_00948,16,Retail,North America,SMB,2,1,Basic,29.0,12.666666666666666,2,0.0,0.0,7.0,23.0,0.868,1.0,0.0,0.0
CUST_00949,1,Technology,Europe,SMB,3,1,Basic,29.0,14.0,1,0.5,0.25,7.0,23.0,0.75,1.0,0.0,0.0
CUST_00950,3962,Retail,Asia-Pacific,Enterprise,3,0,Enterprise,999.0,54.25,19,0.0,0.0,7.0,23.0,0.507,1.0,0.0,0.0
CUST_00951,14,E-commerce,Latin America,SMB,1,0,Basic,29.0,13.0,2,0.0,0.0,7.0,23.0,1.0,1.0,0.0,0.0
CUST_00952,17,Technology,North America,SMB,4,0,Basic,29.0,23.6,5,0.4,0.0,7.0,23.0,0.784,1.0,0.0,0.0
CUST_00953,487,Retail,Europe,Mid-market,8,0,Pro,199.0,47.22222222222222,25,0.4444444444444444,0.2222222222222222,7.0,25.0,0.879,1.0,0.0,1.125
CUST_00954,23,E-commerce,Europe,SMB,7,0,Pro,99.0,19.75,7,0.125,0.0,6.0,5.0,0.658,1.0,0.0,0.0
CUST_00955,33,Education,Latin America,SMB,1,1,Enterprise,299.0,11.0,1,0.0,0.0,7.0,23.0,1.0,1.0,0.0,0.0
CUST_00956,2,Retail,Asia-Pacific,SMB,5,1,Basic,29.0,15.222222222222221,11,0.4444444444444444,0.0,6.0,-2.0,0.953,1.0,0.0,0.0
CUST_00957,383,E-commerce,North America,Mid-market,5,0,Pro,199.0,30.166666666666668,17,0.16666666666666666,0.16666666666666666,7.0,23.0,0.564,1.0,0.0,0.0
CUST_00958,218,Finance,North America,Mid-market,18,1,Pro,199.0,36.666666666666664,71,0.14285714285714285,0.047619047619047616,7.0,23.0,0.845,1.0,0.0,0.0
CUST_00959,1116,Technology,Latin America,Enterprise,1,0,Enterprise,999.0,54.0,11,0.0,0.0,7.0,23.0,1.0,1.0,0.0,0.0
CUST_00960,7,E-commerce,North America,SMB,10,1,Basic,29.0,31.6,18,0.6666666666666666,0.23333333333333334,7.0,23.0,0.443,1.0,1.071,1.5
CUST_00961,33,E-commerce,North America,SMB,7,1,Pro,99.0,21.375,7,0.0,0.0,7.0,23.0,0.468,1.0,0.0,0.0
CUST_00962,4651,Healthcare,Europe,Enterprise,21,0,Enterprise,999.0,82.13636363636364,151,0.5454545454545454,0.4090909090909091,8.0,21.0,0.457,1.0,2.444,2.75
CUST_00963,369,Healthcare,Asia-Pacific,Mid-market,0,0,Pro,199.0,25.0,3,0.0,0.0,7.0,23.0,1.0,1.0,0.0,0.0
CUST_00964,13,Education,Europe,SMB,7,0,Basic,29.0,20.375,22,0.0,0.0,7.0,23.0,0.957,1.0,0.0,0.0
CUST_00965,10,Technology,North America,SMB,8,1,Basic,29.0,20.11111111111111,12,0.1111111111111111,0.0,7.0,23.0,0.92,1.0,0.0,4.5
CUST_00966,393,E-commerce,North America,Mid-market,6,0,Basic,49.0,42.142857142857146,23,0.5714285714285714,0.14285714285714285,7.0,23.0,0.546,1.0,3.5,1.75
CUST_00967,32,Finance,Asia-Pacific,SMB,10,0,Basic,29.0,21.272727272727273,17,0.2727272727272727,0.09090909090909091,7.0,23.0,0.87,1.0,0.0,1.833
CUST_00968,417,Retail,North America,Mid-market,13,0,Basic,49.0,39.42857142857143,51,0.14285714285714285,0.14285714285714285,7.0,23.0,0.621,1.0,0.0,0.0
CUST_00969,29,Finance,Europe,SMB,20,1,Pro,99.0,30.130434782608695,38,0.043478260869565216,0.043478260869565216,7.0,23.0,0.68,1.0,0.0,0.0
CUST_00970,37,Technology,North America,SMB,19,0,Pro,99.0,25.5,39,0.15,0.1,7.0,23.0,0.431,1.0,5.0,6.666
CUST_00971,4,Retail,North America,SMB,5,0,Basic,29.0,18.666666666666668,13,0.5,0.16666666666666666,7.0,23.0,0.75,1.0,0.0,0.0
CUST_00972,13,Healthcare,North America,SMB,1,1,Basic,29.0,17.0,0,0.0,0.0,8.0,30.0,1.0,1.0,0.0,0.0
CUST_00973,26,Healthcare,North America,SMB,21,0,Basic,29.0,26.454545454545453,60,0.0,0.0,7.0,23.0,0.548,1.0,0.0,0.0
CUST_00974,230,Retail,Europe,Mid-market,0,0,Basic,49.0,14.0,3,0.0,0.0,7.0,23.0,1.0,1.0,0.0,0.0
CUST_00975,12,Retail,North America,SMB,19,0,Pro,99.0,22.45,36,0.15,0.05,7.0,23.0,0.512,1.0,0.0,0.0
CUST_00976,35,Retail,Asia-Pacific,SMB,18,0,Pro,99.0,22.473684210526315,30,0.42105263157894735,0.05263157894736842,7.0,16.0,0.823,1.0,0.0,0.0
CUST_00977,449,E-commerce,Asia-Pacific,Mid-market,0,0,Enterprise,499.0,15.0,3,0.0,0.0,7.0,23.0,1.0,1.0,0.0,0.0
CUST_00978,167,Retail,North America,Mid-market,10,0,Pro,199.0,35.63636363636363,34,0.45454545454545453,0.2727272727272727,7.0,23.0,0.533,1.0,1.833,1.1
CUST_00979,20,Education,Europe,SMB,8,0,Basic,29.0,20.77777777777778,18,0.4444444444444444,0.2222222222222222,7.0,23.0,0.914,1.0,0.0,1.125
CUST_00980,248,Technology,North America,Mid-market,12,1,Basic,49.0,31.470588235294116,55,0.8235294117647058,0.5882352941176471,7.0,27.0,0.477,1.0,1.7,1.214
CUST_00981,302,Healthcare,Latin America,Mid-market,2,1,Pro,199.0,32.0,7,0.3333333333333333,0.0,7.0,23.0,0.75,1.0,0.0,1.5
CUST_00982,93,Retail,Latin America,Mid-market,8,1,Enterprise,499.0,36.54545454545455,27,0.18181818181818182,0.0,7.0,23.0,0.52,1.0,0.0,2.75
CUST_00983,48,Technology,Europe,SMB,4,0,Basic,29.0,17.8,11,0.0,0.0,7.0,23.0,0.702,1.0,0.0,0.0
CUST_00984,48,Finance,Asia-Pacific,SMB,5,0,Basic,29.0,22.0,8,0.16666666666666666,0.0,7.0,22.0,0.886,1.0,0.0,0.0
CUST_00985,317,E-commerce,Europe,Mid-market,11,0,Enterprise,499.0,36.583333333333336,33,0.3333333333333333,0.041666666666666664,6.0,3.0,0.424,1.0,0.0,0.0
CUST_00986,2032,Healthcare,North America,Enterprise,13,0,Enterprise,999.0,66.57142857142857,98,0.6428571428571429,0.42857142857142855,6.0,4.0,0.511,1.0,1.167,0.778
CUST_00987,30,E-commerce,North America,SMB,8,1,Pro,99.0,22.0,12,0.1111111111111111,0.1111111111111111,7.0,23.0,0.659,1.0,0.0,0.0
CUST_00988,27,Healthcare,North America,SMB,7,1,Basic,29.0,23.75,14,0.0,0.0,7.0,23.0,0.653,1.0,0.0,0.0
CUST_00989,15,Healthcare,Asia-Pacific,SMB,5,0,Pro,99.0,19.666666666666668,9,0.16666666666666666,0.16666666666666666,8.0,29.0,0.407,1.0,0.0,0.0
CUST_00990,320,Finance,Europe,Mid-market,17,0,Pro,199.0,40.666666666666664,61,0.4444444444444444,0.2037037037037037,9.0,41.0,0.775,1.0,2.454,1.125
CUST_00991,11,Finance,Asia-Pacific,SMB,11,0,Basic,29.0,26.25,19,0.08333333333333333,0.0,9.0,30.0,0.705,1.0,0.0,0.0
CUST_00992,3325,Healthcare,North America,Enterprise,10,0,Enterprise,999.0,65.36363636363636,81,0.6363636363636364,0.5454545454545454,7.0,23.0,0.696,1.0,0.917,0.786
CUST_00993,17,Technology,North America,SMB,2,0,Basic,29.0,12.333333333333334,2,0.3333333333333333,0.0,7.0,23.0,0.892,1.0,0.0,1.5
CUST_00994,53,Retail,Europe,Mid-market,2,0,Enterprise,499.0,15.333333333333334,5,0.3333333333333333,0.0,7.0,23.0,0.848,1.0,0.0,1.5
CUST_00995,246,Retail,Latin America,Mid-market,1,1,Pro,199.0,33.0,1,0.0,0.0,7.0,23.0,1.0,1.0,0.0,0.0
CUST_00996,2854,Technology,North America,Enterprise,23,0,Enterprise,999.0,70.04166666666667,182,0.3333333333333333,0.2916666666666667,8.0,42.0,0.414,1.0,1.714,1.5
CUST_00997,299,Retail,Europe,Mid-market,15,0,Pro,199.0,42.6875,57,0.375,0.125,7.0,23.0,0.539,1.0,0.0,0.0
CUST_00998,8,Finance,Asia-Pacific,SMB,1,1,Pro,99.0,12.0,2,0.5,0.0,7.0,23.0,1.0,1.0,0.0,1.0
CUST_00999,22,E-commerce,Asia-Pacific,SMB,5,1,Basic,29.0,22.5,8,0.0,0.0,7.0,23.0,0.556,1.0,0.0,0.0
CUST_01000,7,Education,Latin America,SMB,2,0,Basic,29.0,13.666666666666666,4,0.0,0.0,7.0,23.0,1.171,1.0,0.0,0.0
CUST_01001,93,Finance,Europe,Mid-market,19,1,Enterprise,499.0,44.18181818181818,71,0.18181818181818182,0.0,7.0,23.0,0.328,1.0,0.0,0.0
CUST_01002,24,Healthcare,Asia-Pacific,SMB,11,0,Basic,29.0,22.916666666666668,11,0.08333333333333333,0.0,7.0,23.0,0.785,1.0,0.0,0.0
CUST_01003,39,E-commerce,Europe,SMB,4,1,Enterprise,299.0,20.4,6,0.4,0.1,7.0,23.0,0.76,1.0,0.0,0.0
CUST_01004,353,Education,Asia-Pacific,Mid-market,9,0,Pro,199.0,31.3,33,0.0,0.0,8.0,36.0,1.07,1.0,0.0,0.0
CUST_01005,42,Education,North America,SMB,14,0,Basic,29.0,23.2,29,0.13333333333333333,0.06666666666666667,6.0,6.0,0.539,1.0,0.0,0.0
CUST_01006,23,Education,Europe,SMB,11,1,Basic,29.0,28.75,23,0.0,0.0,7.0,23.0,0.417,1.0,0.0,0.0
CUST_01007,67,Retail,Asia-Pacific,Mid-market,8,0,Pro,199.0,43.111111111111114,18,0.0,0.0,7.0,23.0,0.51,1.0,0.0,0.0
CUST_01008,18,Healthcare,Latin America,SMB,1,0,Basic,29.0,12.0,1,1.0,0.25,7.0,23.0,1.0,1.0,1.0,1.0
CUST_01009,10,E-commerce,North America,SMB,1,1,Basic,29.0,15.5,3,0.5,0.0,7.0,23.0,1.0,1.0,0.0,1.0
CUST_01010,210,Technology,Europe,Mid-market,12,0,Enterprise,499.0,40.30769230769231,42,0.3076923076923077,0.23076923076923078,7.0,23.0,0.484,1.0,2.167,1.625
CUST_01011,399,Healthcare,Asia-Pacific,Mid-market,6,0,Basic,49.0,34.0,28,0.14285714285714285,0.14285714285714285,7.0,23.0,0.676,1.0,3.5,3.5
CUST_01012,34,Retail,North America,SMB,14,1,Basic,29.0,22.941176470588236,18,0.11764705882352941,0.058823529411764705,7.0,23.0,0.414,1.0,0.0,0.0
CUST_01013,1862,E-commerce,North America,Enterprise,6,0,Enterprise,999.0,67.42857142857143,35,0.8571428571428571,0.35714285714285715,7.0,-3.0,0.593,1.0,0.0,0.583
CUST_01014,3445,Technology,Asia-Pacific,Enterprise,5,1,Enterprise,999.0,65.5,36,0.8333333333333334,0.27777777777777773,7.0,23.0,0.817,1.0,1.8,0.6
CUST_01015,4877,E-commerce,Asia-Pacific,Enterprise,9,1,Enterprise,999.0,68.9,50,0.6,0.4,7.0,23.0,0.443,1.0,1.25,0.833
CUST_01016,32,E-commerce,Asia-Pacific,SMB,21,0,Basic,29.0,22.181818181818183,33,0.09090909090909091,0.045454545454545456,7.0,23.0,0.518,1.0,0.0,0.0
CUST_01017,415,Finance,North America,Mid-market,11,0,Enterprise,499.0,43.57142857142857,46,0.21428571428571427,0.0,7.0,23.0,0.677,1.0,0.0,0.0
CUST_01018,304,Education,Asia-Pacific,Mid-market,18,0,Pro,199.0,37.473684210526315,82,0.5263157894736842,0.18421052631578946,7.0,22.0,0.414,1.0,0.0,0.95
CUST_01019,44,Retail,North America,SMB,5,1,Pro,99.0,19.333333333333332,8,0.0,0.0,7.0,23.0,0.647,1.0,0.0,0.0
CUST_01020,1508,Finance,Europe,Enterprise,23,0,Enterprise,999.0,71.0,172,0.5,0.2916666666666667,7.0,23.0,0.859,1.0,1.714,1.0
CUST_01021,238,Healthcare,North America,Mid-market,16,1,Basic,49.0,34.89473684210526,76,0.2631578947368421,0.18421052631578946,7.0,23.0,0.301,1.0,0.0,0.0
CUST_01022,44,Finance,North America,SMB,6,1,Basic,29.0,23.0,17,0.14285714285714285,0.0,7.0,23.0,0.326,1.0,0.0,0.0
CUST_01023,374,Education,Europe,Mid-market,4,0,Enterprise,499.0,34.2,18,0.8,0.3,7.0,23.0,0.804,1.0,0.0,0.625
CUST_01024,382,Technology,Latin America,Mid-market,1,0,Basic,49.0,22.5,1,0.5,0.0,7.0,23.0,1.0,1.0,0.0,1.0
CUST_01025,921,E-commerce,North America,Enterprise,3,0,Enterprise,999.0,48.0,22,0.5,0.5,7.0,23.0,0.875,1.0,2.0,2.0
CUST_01026,10,Finance,Latin America,SMB,18,0,Pro,99.0,24.105263157894736,33,0.05263157894736842,0.05263157894736842,7.0,23.0,0.83,1.0,0.0,0.0
CUST_01027,231,Finance,North America,Mid-market,1,0,Pro,199.0,25.0,4,0.5,0.0,7.0,23.0,1.0,1.0,0.0,1.0
CUST_01028,36,Technology,North America,SMB,13,1,Enterprise,299.0,30.833333333333332,30,0.3333333333333333,0.2222222222222222,7.0,23.0,0.649,1.0,0.0,0.0
CUST_01029,18,Finance,Europe,SMB,14,0,Basic,29.0,26.266666666666666,31,0.13333333333333333,0.06666666666666667,7.0,23.0,0.704,1.0,0.0,3.75
CUST_01030,29,Retail,Europe,SMB,7,0,Basic,29.0,24.125,13,0.375,0.0,7.0,23.0,0.891,1.0,0.0,0.0
CUST_01031,12,Education,North America,SMB,10,0,Basic,29.0,27.90909090909091,20,0.09090909090909091,0.09090909090909091,7.0,23.0,0.717,1.0,0.0,0.0
CUST_01032,27,Technology,North America,SMB,3,0,Basic,29.0,22.25,1,0.75,0.375,7.0,23.0,0.697,1.0,0.667,1.333
CUST_01033,1418,Retail,North America,Enterprise,1,0,Pro,299.0,60.0,8,1.0,0.5,7.0,23.0,1.0,1.0,1.0,1.0
CUST_01034,2,Education,Europe,SMB,19,0,Basic,29.0,23.2,20,0.1,0.0,7.0,23.0,0.388,1.0,0.0,0.0
CUST_01035,488,Healthcare,Europe,Mid-market,4,1,Pro,199.0,32.2,17,0.6,0.4,7.0,23.0,0.823,1.0,1.25,0.833
CUST_01036,15,Retail,Asia-Pacific,SMB,0,0,Basic,29.0,15.0,0,0.0,0.0,7.0,23.0,1.0,1.0,0.0,0.0
CUST_01037,3,Education,Europe,SMB,6,0,Basic,29.0,24.0,11,0.14285714285714285,0.0,7.0,23.0,0.75,1.0,0.0,0.0
CUST_01038,354,Technology,Europe,Mid-market,8,1,Enterprise,499.0,37.45454545454545,39,0.0,0.0,7.0,23.0,0.627,1.0,0.0,0.0
CUST_01039,23,Education,North America,SMB,1,1,Basic,29.0,17.5,2,0.0,0.0,7.0,23.0,1.0,1.0,0.0,0.0
CUST_01040,21,Education,North America,SMB,5,1,Basic,29.0,26.25,9,0.0,0.0,7.0,23.0,0.838,1.0,0.0,0.0
CUST_01041,14,E-commerce,Europe,SMB,19,0,Pro,99.0,28.3,37,0.2,0.1,9.0,37.0,0.636,1.0,0.0,0.0
CUST_01042,7,Healthcare,Europe,SMB,21,1,Pro,99.0,23.0,46,0.375,0.2916666666666667,7.0,23.0,0.391,1.0,0.0,0.0
CUST_01043,10,Technology,North America,SMB,9,1,Basic,29.0,28.5,12,0.0,0.0,7.0,-2.0,0.544,1.0,0.0,0.0
CUST_01044,38,Technology,Europe,SMB,22,0,Basic,29.0,26.782608695652176,34,0.2608695652173913,0.13043478260869565,7.0,23.0,0.784,1.0,0.0,0.0
CUST_01045,280,Retail,Asia-Pacific,Mid-market,9,0,Pro,199.0,32.9,33,0.1,0.0,7.0,23.0,1.064,1.0,0.0,0.0
CUST_01046,31,Retail,North America,SMB,11,1,Basic,29.0,21.083333333333332,17,0.5,0.125,7.0,23.0,0.83,1.0,2.0,3.0
CUST_01047,945,Healthcare,Asia-Pacific,Enterprise,9,0,Enterprise,999.0,61.2,63,0.6,0.25,7.0,23.0,0.417,1.0,0.0,1.667
CUST_01048,311,Education,North America,Mid-market,16,0,Enterprise,499.0,42.35294117647059,66,0.29411764705882354,0.0,7.0,17.0,0.378,1.0,0.0,0.0
CUST_01049,20,E-commerce,Europe,SMB,21,0,Basic,29.0,23.0,38,0.5454545454545454,0.1590909090909091,9.0,22.0,0.696,1.0,3.143,0.917
CUST_01050,6,Finance,Europe,SMB,6,1,Enterprise,299.0,21.714285714285715,12,0.14285714285714285,0.14285714285714285,7.0,23.0,0.852,1.0,0.0,0.0
CUST_01051,42,Retail,Europe,SMB,22,0,Basic,29.0,27.82608695652174,39,0.30434782608695654,0.13043478260869565,8.0,18.0,0.557,1.0,3.833,3.286
CUST_01052,38,Retail,Europe,SMB,14,1,Basic,29.0,25.0,22,0.3157894736842105,0.15789473684210525,5.0,2.0,0.54,1.0,3.166,1.583
CUST_01053,48,Technology,North America,SMB,22,0,Basic,29.0,26.608695652173914,41,0.13043478260869565,0.043478260869565216,6.0,13.0,0.639,1.0,0.0,0.0
CUST_01054,2,Retail,North America,SMB,1,1,Basic,29.0,14.0,2,0.0,0.0,7.0,23.0,1.0,1.0,0.0,0.0
CUST_01055,2876,Technology,Latin America,Enterprise,14,1,Basic,99.0,64.41176470588235,101,0.4117647058823529,0.08823529411764706,7.0,23.0,0.605,1.0,0.0,0.0
CUST_01056,17,E-commerce,Asia-Pacific,SMB,23,0,Basic,29.0,27.166666666666668,43,0.2916666666666667,0.125,7.0,10.0,0.571,1.0,0.0,0.0
CUST_01057,3959,Retail,Latin America,Enterprise,4,1,Enterprise,999.0,53.4,25,0.2,0.2,7.0,23.0,0.702,1.0,0.0,0.0
CUST_01058,24,Finance,North America,SMB,0,0,Pro,99.0,5.0,0,0.0,0.0,7.0,23.0,1.0,1.0,0.0,0.0
CUST_01059,17,Healthcare,Europe,SMB,23,0,Basic,29.0,22.708333333333332,34,0.20833333333333334,0.041666666666666664,7.0,23.0,0.837,1.0,0.0,0.0
CUST_01060,301,Retail,North America,Mid-market,12,0,Basic,49.0,49.76923076923077,50,0.6153846153846154,0.34615384615384615,7.0,23.0,0.633,1.0,0.722,1.625
CUST_01061,332,Finance,Europe,Mid-market,15,0,Pro,199.0,39.5,69,0.3125,0.21875,7.0,23.0,0.582,1.0,0.0,0.0
CUST_01062,1,Finance,North America,SMB,17,0,Pro,99.0,24.27777777777778,32,0.0,0.0,7.0,23.0,0.577,1.0,0.0,0.0
CUST_01063,22,E-commerce,North America,SMB,6,0,Basic,29.0,25.142857142857142,15,0.2857142857142857,0.14285714285714285,7.0,23.0,0.895,1.0,0.0,0.0
CUST_01064,216,Education,Latin America,Mid-market,19,0,Basic,49.0,44.55,68,0.55,0.05,6.0,25.0,0.483,1.0,0.0,1.818
CUST_01065,1925,E-commerce,Asia-Pacific,Enterprise,21,0,Enterprise,999.0,64.0909090909091,133,0.5909090909090909,0.4090909090909091,7.0,18.0,0.53,1.0,0.0,0.0
CUST_01066,8,Healthcare,Asia-Pacific,SMB,2,1,Basic,29.0,13.666666666666666,5,0.0,0.0,7.0,23.0,0.951,1.0,0.0,0.0
CUST_01067,4,E-commerce,North America,SMB,15,0,Basic,29.0,25.3125,26,0.3125,0.125,3.0,-33.0,0.731,1.0,0.0,1.6
CUST_01068,3265,Education,North America,Enterprise,18,0,Enterprise,999.0,74.57894736842105,126,0.5263157894736842,0.23684210526315788,7.0,23.0,0.483,1.0,0.0,0.0
CUST_01069,4,Finance,North America,SMB,19,0,Basic,29.0,24.55,27,0.1,0.0,7.0,23.0,0.692,1.0,0.0,0.0
CUST_01070,42,Retail,North America,SMB,1,1,Basic,29.0,20.5,1,0.5,0.5,7.0,23.0,1.0,1.0,1.0,1.0
CUST_01071,195,Education,Latin America,Mid-market,19,0,Basic,49.0,44.25,63,0.2,0.15,7.0,23.0,0.61,1.0,0.0,0.0
CUST_01072,7,Technology,Asia-Pacific,SMB,6,1,Basic,29.0,25.714285714285715,13,0.5714285714285714,0.07142857142857142,7.0,23.0,0.681,1.0,3.5,1.75
CUST_01073,34,Healthcare,North America,SMB,9,1,Pro,99.0,26.1,13,0.3,0.1,7.0,23.0,0.67,1.0,0.0,1.667
CUST_01074,44,Healthcare,North America,SMB,0,0,Enterprise,299.0,17.0,1,0.0,0.0,7.0,23.0,1.0,1.0,0.0,0.0
CUST_01075,391,Healthcare,Latin America,Mid-market,21,0,Pro,199.0,39.0,67,0.3181818181818182,0.13636363636363635,7.0,23.0,0.321,1.0,0.0,0.0
CUST_01076,7,Finance,North America,SMB,21,0,Basic,29.0,26.59090909090909,38,0.13636363636363635,0.045454545454545456,7.0,23.0,0.752,1.0,0.0,0.0
CUST_01077,19,Retail,North America,SMB,3,1,Basic,29.0,16.25,2,0.0,0.0,7.0,23.0,0.862,1.0,0.0,0.0
CUST_01078,73,Finance,North America,Mid-market,13,0,Basic,49.0,44.785714285714285,52,0.35714285714285715,0.10714285714285714,8.0,12.0,0.893,1.0,0.0,0.0
CUST_01079,1691,Healthcare,Europe,Enterprise,8,0,Enterprise,999.0,72.88888888888889,47,0.2222222222222222,0.2222222222222222,7.0,23.0,0.775,1.0,0.0,0.0
CUST_01080,13,Education,Europe,SMB,1,0,Basic,29.0,15.0,2,0.5,0.5,7.0,23.0,1.0,1.0,1.0,1.0
CUST_01081,281,E-commerce,Asia-Pacific,Mid-market,13,0,Basic,49.0,42.642857142857146,42,0.5,0.19047619047619047,7.0,23.0,0.668,1.0,0.0,0.0
CUST_01082,2,Retail,Asia-Pacific,SMB,16,0,Pro,99.0,21.41176470588235,28,0.23529411764705882,0.058823529411764705,7.0,23.0,0.42,1.0,0.0,2.125
CUST_01083,276,Healthcare,Asia-Pacific,Mid-market,2,1,Pro,199.0,22.0,11,0.0,0.0,7.0,23.0,1.114,1.0,0.0,0.0
CUST_01084,13,Education,Latin America,SMB,1,1,Pro,99.0,9.0,6,0.0,0.0,7.0,23.0,1.0,1.0,0.0,0.0
CUST_01085,40,Technology,North America,SMB,1,0,Basic,29.0,12.5,3,0.0,0.0,7.0,23.0,1.0,1.0,0.0,0.0
CUST_01086,7,Finance,Europe,SMB,12,1,Basic,29.0,27.764705882352942,37,0.35294117647058826,0.23529411764705882,8.0,19.0,0.648,1.0,0.0,0.0
CUST_01087,31,Technology,Europe,SMB,20,0,Basic,29.0,28.952380952380953,40,0.09523809523809523,0.047619047619047616,7.0,23.0,0.57,1.0,0.0,0.0
CUST_01088,32,E-commerce,North America,SMB,4,0,Basic,29.0,16.8,4,0.2,0.0,7.0,23.0,0.655,1.0,0.0,0.0
CUST_01089,39,Retail,Europe,SMB,6,0,Basic,29.0,23.142857142857142,11,0.14285714285714285,0.0,7.0,23.0,0.713,1.0,0.0,0.0
CUST_01090,38,Healthcare,Europe,SMB,2,0,Basic,29.0,14.0,2,0.0,0.0,6.0,-22.0,0.536,1.0,0.0,0.0
CUST_01091,2107,Education,North America,Enterprise,2,0,Enterprise,999.0,40.666666666666664,11,0.3333333333333333,0.3333333333333333,7.0,23.0,1.02,1.0,1.5,1.5
CUST_01092,323,Technology,Europe,Mid-market,1,0,Basic,49.0,25.0,1,0.5,0.0,7.0,23.0,1.0,1.0,0.0,1.0
CUST_01093,10,Healthcare,North America,SMB,18,0,Pro,99.0,28.789473684210527,34,0.15789473684210525,0.10526315789473684,7.0,23.0,0.59,1.0,0.0,0.0
CUST_01094,16,Technology,North America,SMB,4,0,Basic,29.0,13.4,10,0.0,0.0,7.0,23.0,1.082,1.0,0.0,0.0
CUST_01095,16,E-commerce,Asia-Pacific,SMB,12,0,Pro,99.0,23.23076923076923,25,0.07692307692307693,0.0,7.0,23.0,0.603,1.0,0.0,6.499
CUST_01096,27,Education,Europe,SMB,10,1,Basic,29.0,21.363636363636363,12,0.0,0.0,7.0,23.0,0.281,1.0,0.0,0.0
CUST_01097,236,Technology,Latin America,Mid-market,13,0,Basic,49.0,37.857142857142854,53,0.35714285714285715,0.17857142857142858,7.0,23.0,0.674,1.0,0.0,0.0
CUST_01098,26,Finance,Asia-Pacific,SMB,1,1,Pro,99.0,15.5,3,0.0,0.0,7.0,23.0,1.0,1.0,0.0,0.0
CUST_01099,39,Finance,Latin America,SMB,4,1,Pro,99.0,21.8,12,0.0,0.0,7.0,23.0,1.101,1.0,0.0,0.0
CUST_01100,491,Healthcare,North America,Mid-market,23,1,Pro,199.0,42.65384615384615,89,0.34615384615384615,0.17307692307692307,7.0,23.0,0.68,1.0,0.0,0.0
CUST_01101,140,E-commerce,Latin America,Mid-market,17,0,Enterprise,499.0,36.611111111111114,65,0.16666666666666666,0.05555555555555555,7.0,23.0,0.451,1.0,0.0,0.0
CUST_01102,340,Retail,Europe,Mid-market,18,0,Pro,199.0,41.94736842105263,75,0.3684210526315789,0.18421052631578946,7.0,23.0,0.727,1.0,2.714,1.357
CUST_01103,3,Healthcare,Europe,SMB,0,1,Pro,99.0,6.0,0,0.0,0.0,7.0,23.0,1.0,1.0,0.0,0.0
CUST_01104,10,Education,Europe,SMB,0,0,Pro,99.0,17.0,0,0.0,0.0,7.0,23.0,1.0,1.0,0.0,0.0
CUST_01105,3685,E-commerce,Latin America,Enterprise,4,0,Enterprise,999.0,56.2,26,0.4,0.4,7.0,23.0,0.792,1.0,2.5,2.5
CUST_01106,3,E-commerce,Latin America,SMB,1,1,Pro,99.0,11.5,1,0.0,0.0,7.0,23.0,1.0,1.0,0.0,0.0
CUST_01107,44,Finance,Asia-Pacific,SMB,11,0,Basic,29.0,22.583333333333332,16,0.3333333333333333,0.041666666666666664,7.0,23.0,0.598,1.0,5.999,3.0
CUST_01108,16,Healthcare,North America,SMB,23,0,Basic,29.0,26.666666666666668,46,0.125,0.0,7.0,23.0,0.544,1.0,0.0,0.0
CUST_01109,43,Finance,Europe,SMB,10,0,Pro,99.0,23.454545454545453,18,0.0,0.0,7.0,23.0,0.576,1.0,0.0,0.0
CUST_01110,4953,Technology,North America,Enterprise,19,0,Enterprise,999.0,63.2,154,0.4,0.25,7.0,23.0,0.641,1.0,0.0,0.0
CUST_01111,985,Retail,Europe,Enterprise,18,0,Enterprise,999.0,73.15789473684211,122,0.47368421052631576,0.3684210526315789,7.0,23.0,0.458,1.0,0.0,0.0
CUST_01112,20,Finance,Asia-Pacific,SMB,6,0,Basic,29.0,24.714285714285715,14,0.14285714285714285,0.0,7.0,23.0,0.728,1.0,0.0,0.0
CUST_01113,314,Retail,Europe,Mid-market,15,0,Pro,199.0,42.5,44,0.1875,0.125,8.0,16.0,0.682,1.0,0.0,0.0
CUST_01114,133,E-commerce,North America,Mid-market,12,1,Pro,199.0,32.0,36,0.07692307692307693,0.07692307692307693,7.0,23.0,0.906,1.0,0.0,0.0
CUST_01115,16,Retail,Asia-Pacific,SMB,11,1,Basic,29.0,26.083333333333332,18,0.08333333333333333,0.0,7.0,23.0,0.403,1.0,0.0,0.0
CUST_01116,9,E-commerce,Latin America,SMB,2,1,Basic,29.0,12.0,3,0.0,0.0,7.0,23.0,1.125,1.0,0.0,0.0
CUST_01117,49,Technology,Europe,SMB,4,1,Basic,29.0,24.6,5,0.4,0.4,7.0,23.0,0.447,1.0,1.25,1.25
CUST_01118,213,Technology,North America,Mid-market,16,1,Pro,199.0,35.31578947368421,51,0.15789473684210525,0.10526315789473684,7.0,23.0,0.694,1.0,0.0,0.0
CUST_01119,178,Retail,Latin America,Mid-market,14,0,Basic,49.0,45.53333333333333,44,0.4,0.13333333333333333,7.0,23.0,0.637,1.0,0.0,0.0
CUST_01120,55,E-commerce,North America,Mid-market,4,0,Basic,49.0,34.0,11,0.2,0.0,7.0,23.0,0.794,1.0,0.0,2.5
CUST_01121,23,Technology,Asia-Pacific,SMB,3,0,Pro,99.0,14.25,3,0.25,0.0,7.0,23.0,0.947,1.0,0.0,2.0
CUST_01122,17,Education,Europe,SMB,23,1,Pro,99.0,27.73076923076923,43,0.11538461538461539,0.07692307692307693,7.0,23.0,0.288,1.0,0.0,0.0
CUST_01123,11,Healthcare,Asia-Pacific,SMB,12,1,Basic,29.0,23.615384615384617,21,0.07692307692307693,0.0,7.0,23.0,0.445,1.0,0.0,0.0
CUST_01124,24,Technology,Europe,SMB,16,1,Basic,29.0,23.19047619047619,45,0.2857142857142857,0.0,7.0,23.0,0.949,1.0,0.0,1.75
CUST_01125,2563,Education,Latin America,Enterprise,7,0,Enterprise,999.0,59.25,41,0.5,0.375,10.0,49.0,0.7,1.0,2.667,2.0
CUST_01126,242,Retail,North America,Mid-market,5,0,Basic,49.0,41.833333333333336,14,0.16666666666666666,0.16666666666666666,7.0,23.0,0.669,1.0,3.0,3.0
CUST_01127,11,Healthcare,North America,SMB,0,0,Basic,29.0,22.0,2,0.0,0.0,7.0,23.0,1.0,1.0,0.0,0.0
CUST_01128,12,Healthcare,Europe,SMB,8,0,Basic,29.0,22.77777777777778,16,0.4444444444444444,0.0,7.0,23.0,0.395,1.0,0.0,1.125
CUST_01129,3002,Technology,Latin America,Enterprise,23,1,Pro,299.0,68.14285714285714,189,0.6785714285714286,0.375,7.0,23.0,0.418,1.0,1.333,0.737
CUST_01130,35,Education,Europe,SMB,2,0,Basic,29.0,11.666666666666666,0,0.0,0.0,5.0,7.0,1.071,1.0,0.0,0.0
CUST_01131,132,Retail,Europe,Mid-market,20,0,Basic,49.0,45.95238095238095,73,0.23809523809523808,0.14285714285714285,8.0,26.0,0.729,1.0,7.0,6.3
CUST_01132,37,Healthcare,Asia-Pacific,SMB,5,0,Basic,29.0,19.166666666666668,3,0.16666666666666666,0.16666666666666666,6.0,-9.0,0.522,1.0,0.0,0.0
CUST_01133,16,Education,Asia-Pacific,SMB,18,0,Basic,29.0,23.842105263157894,28,0.15789473684210525,0.0,7.0,23.0,0.419,1.0,0.0,0.0
CUST_01134,39,Education,Asia-Pacific,SMB,1,0,Basic,29.0,10.0,3,0.0,0.0,7.0,23.0,1.0,1.0,0.0,0.0
CUST_01135,31,Finance,Europe,SMB,5,0,Basic,29.0,25.833333333333332,10,0.3333333333333333,0.3333333333333333,7.0,23.0,0.735,1.0,1.5,1.5
CUST_01136,225,Finance,North America,Mid-market,16,0,Enterprise,499.0,45.76470588235294,53,0.4117647058823529,0.11764705882352941,7.0,23.0,0.513,1.0,2.125,2.429
CUST_01137,47,Technology,Asia-Pacific,SMB,16,0,Basic,29.0,25.529411764705884,30,0.29411764705882354,0.08823529411764706,7.0,11.0,0.509,1.0,0.0,0.0
CUST_01138,4,Finance,Asia-Pacific,SMB,7,0,Pro,99.0,21.625,10,0.0,0.0,7.0,23.0,0.902,1.0,0.0,0.0
CUST_01139,17,Education,North America,SMB,19,0,Basic,29.0,27.85,40,0.2,0.05,7.0,23.0,0.521,1.0,0.0,2.5
CUST_01140,861,Retail,Latin America,Enterprise,7,0,Enterprise,999.0,65.0,43,0.75,0.625,7.0,23.0,0.823,1.0,1.6,2.0
CUST_01141,234,Technology,North America,Mid-market,2,0,Pro,199.0,31.0,6,0.3333333333333333,0.3333333333333333,7.0,23.0,0.984,1.0,1.5,1.5
CUST_01142,206,E-commerce,Asia-Pacific,Mid-market,23,0,Pro,199.0,40.208333333333336,87,0.375,0.20833333333333334,6.0,-14.0,0.672,1.0,2.4,1.333
CUST_01143,39,Retail,North America,SMB,13,0,Basic,29.0,26.714285714285715,28,0.14285714285714285,0.0,7.0,23.0,0.599,1.0,0.0,0.0
CUST_01144,819,Technology,Europe,Enterprise,0,0,Enterprise,999.0,73.0,4,0.0,0.0,7.0,23.0,1.0,1.0,0.0,0.0
CUST_01145,25,Education,Asia-Pacific,SMB,20,0,Pro,99.0,24.142857142857142,31,0.19047619047619047,0.0,7.0,23.0,0.663,1.0,0.0,0.0
CUST_01146,37,E-commerce,Asia-Pacific,SMB,6,1,Basic,29.0,21.428571428571427,12,0.14285714285714285,0.0,7.0,23.0,0.793,1.0,0.0,0.0
CUST_01147,45,E-commerce,Latin America,SMB,6,1,Pro,99.0,17.555555555555557,11,0.5555555555555556,0.1111111111111111,7.0,23.0,0.883,1.0,0.0,0.9
CUST_01148,12,Healthcare,North America,SMB,2,0,Pro,99.0,17.0,1,0.0,0.0,7.0,23.0,1.206,1.0,0.0,0.0
CUST_01149,435,E-commerce,North America,Mid-market,23,0,Pro,199.0,43.958333333333336,77,0.3333333333333333,0.16666666666666666,8.0,-1.0,0.432,1.0,0.0,1.5
CUST_01150,44,Healthcare,North America,SMB,5,1,Basic,29.0,12.875,7,0.25,0.0625,7.0,23.0,1.087,1.0,3.999,4.0
CUST_01151,221,Finance,North America,Mid-market,1,0,Basic,49.0,19.0,4,0.0,0.0,7.0,23.0,1.0,1.0,0.0,0.0
CUST_01152,118,Technology,North America,Mid-market,5,0,Pro,199.0,27.833333333333332,13,0.0,0.0,7.0,23.0,0.647,1.0,0.0,0.0
CUST_01153,34,Healthcare,North America,SMB,22,0,Basic,29.0,25.608695652173914,36,0.21739130434782608,0.043478260869565216,6.0,17.0,0.703,1.0,11.497,2.3
CUST_01154,26,Healthcare,Latin America,SMB,14,0,Basic,29.0,25.666666666666668,26,0.26666666666666666,0.0,7.0,23.0,0.409,1.0,0.0,1.875
CUST_01155,354,Healthcare,North America,Mid-market,13,0,Pro,199.0,38.714285714285715,44,0.2857142857142857,0.14285714285714285,7.0,23.0,0.53,1.0,0.0,0.0
CUST_01156,21,Technology,Europe,SMB,0,0,Basic,29.0,24.0,2,0.0,0.0,7.0,23.0,1.0,1.0,0.0,0.0
CUST_01157,30,E-commerce,North America,SMB,20,1,Basic,29.0,23.652173913043477,32,0.391304347826087,0.2608695652173913,6.0,-1.0,0.74,1.0,1.917,1.278
CUST_01158,47,E-commerce,Europe,SMB,3,0,Basic,29.0,18.25,4,0.5,0.125,7.0,23.0,0.575,1.0,2.0,2.0
CUST_01159,15,Healthcare,Europe,SMB,13,0,Pro,99.0,26.428571428571427,22,0.0,0.0,7.0,23.0,0.586,1.0,0.0,0.0
CUST_01160,132,Technology,Europe,Mid-market,7,1,Enterprise,499.0,41.125,28,0.125,0.0,7.0,23.0,0.742,1.0,0.0,4.0
CUST_01161,146,Retail,Europe,Mid-market,1,0,Pro,199.0,22.0,5,0.0,0.0,7.0,23.0,1.0,1.0,0.0,0.0
CUST_01162,2653,Education,North America,Enterprise,11,1,Enterprise,999.0,79.0,112,0.25,0.125,7.0,23.0,0.525,1.0,4.0,6.0
CUST_01163,43,Finance,North America,SMB,1,0,Basic,29.0,15.0,1,0.0,0.0,7.0,23.0,1.0,1.0,0.0,0.0
CUST_01164,26,Finance,Latin America,SMB,23,0,Basic,29.0,25.208333333333332,43,0.16666666666666666,0.08333333333333333,7.0,23.0,0.694,1.0,0.0,3.0
CUST_01165,38,Retail,Latin America,SMB,1,0,Basic,29.0,10.5,5,0.0,0.0,7.0,23.0,1.0,1.0,0.0,0.0
CUST_01166,296,Education,North America,Mid-market,3,1,Pro,199.0,27.25,15,0.0,0.0,7.0,23.0,0.44,1.0,0.0,0.0
CUST_01167,26,E-commerce,Europe,SMB,2,1,Pro,99.0,17.666666666666668,3,0.0,0.0,7.0,23.0,0.962,1.0,0.0,0.0
CUST_01168,262,Technology,Latin America,Mid-market,2,0,Pro,199.0,17.0,7,0.3333333333333333,0.3333333333333333,7.0,23.0,0.912,1.0,1.5,1.5
CUST_01169,2,Retail,North America,SMB,16,0,Basic,29.0,23.823529411764707,34,0.23529411764705882,0.058823529411764705,7.0,28.0,0.378,1.0,0.0,0.0
CUST_01170,169,E-commerce,North America,Mid-market,16,0,Pro,199.0,39.8235294117647,56,0.5882352941176471,0.23529411764705882,7.0,23.0,0.816,1.0,2.125,0.85
CUST_01171,259,Retail,Asia-Pacific,Mid-market,9,0,Basic,49.0,40.6,29,0.2,0.1,7.0,23.0,0.702,1.0,0.0,2.5
CUST_01172,30,Healthcare,North America,SMB,3,0,Enterprise,299.0,15.25,1,0.0,0.0,7.0,23.0,0.689,1.0,0.0,0.0
CUST_01173,382,Finance,Latin America,Mid-market,9,0,Pro,199.0,41.9,30,0.3,0.2,7.0,23.0,0.597,1.0,0.0,0.0
CUST_01174,11,Healthcare,Europe,SMB,14,0,Basic,29.0,22.066666666666666,28,0.26666666666666666,0.13333333333333333,7.0,23.0,0.657,1.0,0.0,0.0
CUST_01175,400,E-commerce,North America,Mid-market,7,0,Enterprise,499.0,41.625,21,0.5,0.125,7.0,23.0,0.36,1.0,0.0,1.0
CUST_01176,2611,Retail,Latin America,Enterprise,5,0,Enterprise,999.0,60.0,23,0.3333333333333333,0.16666666666666666,7.0,23.0,0.258,1.0,3.0,1.5
CUST_01177,29,Healthcare,Europe,SMB,2,0,Basic,29.0,20.333333333333332,3,0.3333333333333333,0.3333333333333333,7.0,23.0,0.959,1.0,0.0,0.0
CUST_01178,395,Retail,North America,Mid-market,17,0,Pro,199.0,38.333333333333336,62,0.3888888888888889,0.16666666666666666,6.0,3.0,0.509,1.0,0.0,0.0
CUST_01179,411,Retail,Europe,Mid-market,11,0,Basic,49.0,36.166666666666664,37,0.4166666666666667,0.25,7.0,23.0,0.802,1.0,0.0,0.0
CUST_01180,17,Education,North America,SMB,1,1,Pro,99.0,16.0,2,0.0,0.0,7.0,23.0,1.0,1.0,0.0,0.0
CUST_01181,253,Healthcare,Asia-Pacific,Mid-market,3,0,Basic,49.0,25.75,11,0.5,0.25,7.0,23.0,1.243,1.0,2.0,1.0
CUST_01182,11,Finance,North America,SMB,15,1,Enterprise,299.0,27.555555555555557,24,0.1111111111111111,0.05555555555555555,7.0,23.0,0.363,1.0,8.998,4.5
CUST_01183,46,Retail,North America,SMB,21,1,Basic,29.0,24.208333333333332,55,0.4166666666666667,0.125,7.0,23.0,0.785,1.0,0.0,0.0
CUST_01184,4571,Healthcare,North America,Enterprise,1,0,Enterprise,999.0,18.0,5,0.5,0.5,7.0,23.0,1.0,1.0,1.0,1.0
CUST_01185,5,Finance,Asia-Pacific,SMB,3,0,Basic,29.0,24.25,6,0.0,0.0,7.0,23.0,1.113,1.0,0.0,0.0
CUST_01186,25,Finance,North America,SMB,1,0,Basic,29.0,14.0,3,0.0,0.0,7.0,23.0,1.0,1.0,0.0,0.0
CUST_01187,274,Retail,North America,Mid-market,11,0,Basic,49.0,45.5,37,0.3333333333333333,0.08333333333333333,7.0,23.0,0.484,1.0,0.0,0.0
CUST_01188,35,Education,Europe,SMB,7,0,Pro,99.0,23.75,13,0.0,0.0,7.0,23.0,0.589,1.0,0.0,0.0
CUST_01189,487,Finance,North America,Mid-market,13,0,Pro,199.0,38.5,55,0.42857142857142855,0.14285714285714285,8.0,25.0,0.481,1.0,0.0,2.333
CUST_01190,295,Finance,Europe,Mid-market,11,0,Enterprise,499.0,42.083333333333336,26,0.3333333333333333,0.16666666666666666,7.0,23.0,0.618,1.0,0.0,0.0
CUST_01191,12,Education,Asia-Pacific,SMB,18,0,Basic,29.0,23.842105263157894,34,0.21052631578947367,0.0,7.0,23.0,0.273,1.0,0.0,4.75
CUST_01192,1227,E-commerce,Latin America,Enterprise,0,0,Enterprise,999.0,24.0,3,0.0,0.0,7.0,23.0,1.0,1.0,0.0,0.0
CUST_01193,32,Technology,Europe,SMB,18,0,Pro,99.0,25.0,30,0.21052631578947367,0.15789473684210525,5.0,-9.0,0.34,1.0,3.166,2.375
CUST_01194,10,E-commerce,North America,SMB,6,0,Basic,29.0,21.0,10,0.42857142857142855,0.42857142857142855,7.0,23.0,0.619,1.0,0.0,0.0
CUST_01195,109,Education,Europe,Mid-market,14,1,Pro,199.0,39.294117647058826,53,0.5294117647058824,0.29411764705882354,5.0,-2.0,0.394,1.0,1.7,0.944
CUST_01196,14,Technology,Europe,SMB,13,0,Basic,29.0,26.642857142857142,29,0.21428571428571427,0.07142857142857142,7.0,23.0,0.638,1.0,6.999,2.333
CUST_01197,43,Retail,Europe,SMB,21,0,Pro,99.0,26.0,38,0.18181818181818182,0.0,7.0,23.0,0.519,1.0,0.0,0.0
CUST_01198,13,Healthcare,Asia-Pacific,SMB,17,1,Basic,29.0,24.227272727272727,35,0.045454545454545456,0.0,6.0,8.0,0.64,1.0,0.0,0.0
CUST_01199,32,Technology,Europe,SMB,8,0,Pro,99.0,24.22222222222222,10,0.3333333333333333,0.0,7.0,23.0,0.578,1.0,0.0,0.0
CUST_01200,150,E-commerce,Asia-Pacific,Mid-market,0,0,Enterprise,499.0,19.0,1,0.0,0.0,7.0,23.0,1.0,1.0,0.0,0.0
CUST_01201,11,Technology,Asia-Pacific,SMB,6,0,Basic,29.0,25.285714285714285,19,0.0,0.0,7.0,23.0,0.712,1.0,0.0,0.0
CUST_01202,16,Retail,North America,SMB,10,1,Basic,29.0,22.846153846153847,19,0.3076923076923077,0.0,7.0,23.0,0.81,1.0,0.0,1.625
CUST_01203,43,Retail,Asia-Pacific,SMB,23,0,Basic,29.0,24.25,29,0.041666666666666664,0.0,7.0,23.0,0.577,1.0,0.0,0.0
CUST_01204,20,E-commerce,Europe,SMB,7,1,Basic,29.0,27.875,9,0.25,0.0,7.0,23.0,0.413,1.0,0.0,0.0
CUST_01205,20,Finance,North America,SMB,2,0,Pro,99.0,19.666666666666668,1,0.0,0.0,7.0,23.0,0.763,1.0,0.0,0.0
CUST_01206,47,E-commerce,Latin America,SMB,9,1,Basic,29.0,20.5,25,0.0,0.0,7.0,23.0,0.585,1.0,0.0,0.0
CUST_01207,46,Technology,Latin America,SMB,3,1,Pro,99.0,15.25,7,0.25,0.0,7.0,23.0,0.852,1.0,0.0,0.0
CUST_01208,17,Finance,North America,SMB,3,0,Basic,29.0,22.25,4,0.0,0.0,7.0,23.0,0.944,1.0,0.0,0.0
CUST_01209,27,Finance,Europe,SMB,16,0,Basic,29.0,22.823529411764707,24,0.23529411764705882,0.11764705882352941,7.0,23.0,0.635,1.0,0.0,0.0
CUST_01210,26,E-commerce,North America,SMB,10,1,Basic,29.0,29.0,16,0.18181818181818182,0.0,7.0,23.0,0.586,1.0,0.0,2.75
CUST_01211,135,Education,Asia-Pacific,Mid-market,19,0,Enterprise,499.0,40.3,69,0.3,0.05,7.0,23.0,0.571,1.0,0.0,0.0
CUST_01212,31,Healthcare,Latin America,SMB,8,0,Basic,29.0,22.0,17,0.2222222222222222,0.0,7.0,22.0,0.341,1.0,0.0,2.25
CUST_01213,464,Healthcare,North America,Mid-market,9,0,Pro,199.0,30.8,32,0.3,0.15,7.0,23.0,0.568,1.0,0.0,0.0
CUST_01214,2,Healthcare,North America,SMB,3,0,Pro,99.0,21.0,3,0.0,0.0,7.0,23.0,0.429,1.0,0.0,0.0
CUST_01215,26,Technology,North America,SMB,21,0,Basic,29.0,25.363636363636363,28,0.13636363636363635,0.09090909090909091,8.0,40.0,0.591,1.0,0.0,0.0
CUST_01216,2986,Healthcare,Asia-Pacific,Enterprise,7,0,Enterprise,999.0,77.125,54,0.5,0.125,7.0,23.0,0.791,1.0,0.0,0.0
CUST_01217,44,Retail,Latin America,SMB,5,0,Basic,29.0,22.0,14,0.16666666666666666,0.0,7.0,23.0,0.523,1.0,0.0,0.0
CUST_01218,25,Education,Asia-Pacific,SMB,8,1,Pro,99.0,14.636363636363637,16,0.18181818181818182,0.0,7.0,23.0,0.581,1.0,0.0,5.5
CUST_01219,421,E-commerce,Europe,Mid-market,23,0,Enterprise,499.0,43.583333333333336,97,0.4166666666666667,0.19444444444444442,5.0,-6.0,0.493,1.0,2.571,1.2
CUST_01220,8,Education,North America,SMB,8,0,Basic,29.0,19.333333333333332,15,0.0,0.0,7.0,23.0,0.75,1.0,0.0,0.0
CUST_01221,33,Finance,North America,SMB,6,0,Basic,29.0,27.714285714285715,12,0.2857142857142857,0.14285714285714285,9.0,26.0,0.613,1.0,3.5,1.75
CUST_01222,14,Technology,Latin America,SMB,12,1,Basic,29.0,23.307692307692307,25,0.23076923076923078,0.07692307692307693,8.0,14.0,0.837,1.0,0.0,0.0
CUST_01223,906,Technology,North America,Enterprise,21,1,Enterprise,999.0,80.3076923076923,163,0.8846153846153846,0.5,7.0,23.0,0.579,1.0,1.0,0.565
CUST_01224,32,Education,North America,SMB,6,1,Enterprise,299.0,21.142857142857142,15,0.0,0.0,7.0,23.0,0.497,1.0,0.0,0.0
CUST_01225,24,Technology,North America,SMB,13,0,Basic,29.0,21.571428571428573,30,0.14285714285714285,0.07142857142857142,7.0,25.0,0.927,1.0,0.0,0.0
CUST_01226,820,E-commerce,North America,Enterprise,14,0,Basic,99.0,64.6,105,0.8,0.5,9.0,55.0,0.495,1.0,2.0,1.875
CUST_01227,248,Education,Europe,Mid-market,15,0,Basic,49.0,37.0,57,0.3125,0.15625,7.0,23.0,0.365,1.0,0.0,0.0
CUST_01228,28,Education,Latin America,SMB,1,0,Basic,29.0,16.0,2,0.0,0.0,7.0,23.0,1.0,1.0,0.0,0.0
CUST_01229,8,Technology,Latin America,SMB,2,1,Basic,29.0,10.666666666666666,3,0.3333333333333333,0.0,7.0,23.0,0.703,1.0,0.0,1.5
CUST_01230,3674,Technology,North America,Enterprise,8,0,Pro,299.0,50.22222222222222,61,0.6666666666666666,0.3333333333333333,7.0,23.0,0.836,1.0,0.0,0.0
CUST_01231,40,Technology,North America,SMB,21,1,Basic,29.0,28.25,38,0.125,0.0,7.0,13.0,0.531,1.0,0.0,4.0
CUST_01232,181,E-commerce,North America,Mid-market,20,1,Pro,199.0,38.34782608695652,75,0.13043478260869565,0.043478260869565216,7.0,23.0,0.404,1.0,0.0,0.0
CUST_01233,372,E-commerce,Latin America,Mid-market,7,1,Pro,199.0,38.0,24,0.6,0.4,7.0,23.0,0.5,1.0,1.25,0.833
CUST_01234,3,Education,Asia-Pacific,SMB,11,1,Pro,99.0,26.5625,33,0.0625,0.0,8.0,33.0,0.621,1.0,0.0,0.0
CUST_01235,4998,E-commerce,North America,Enterprise,8,0,Enterprise,999.0,68.22222222222223,47,0.2222222222222222,0.1111111111111111,9.0,10.0,0.704,1.0,4.5,4.5
CUST_01236,42,Retail,North America,SMB,22,0,Basic,29.0,26.91304347826087,43,0.17391304347826086,0.08695652173913043,7.0,23.0,0.52,1.0,0.0,0.0
CUST_01237,4,Healthcare,North America,SMB,4,0,Basic,29.0,19.6,5,0.0,0.0,7.0,23.0,0.842,1.0,0.0,0.0
CUST_01238,443,E-commerce,North America,Mid-market,19,0,Pro,199.0,38.65,70,0.35,0.25,7.0,23.0,0.453,1.0,4.0,2.857
CUST_01239,4393,Retail,Europe,Enterprise,12,1,Pro,299.0,65.2,100,0.3333333333333333,0.26666666666666666,7.0,23.0,0.775,1.0,1.875,1.5
CUST_01240,9,Healthcare,North America,SMB,3,0,Pro,99.0,23.0,4,0.25,0.0,7.0,23.0,0.87,1.0,0.0,0.0
CUST_01241,8,Technology,Latin America,SMB,10,1,Basic,29.0,21.8,20,0.0,0.0,7.0,23.0,0.665,1.0,0.0,0.0
CUST_01242,204,Finance,Europe,Mid-market,9,0,Enterprise,499.0,36.0,37,0.3,0.2,7.0,23.0,0.792,1.0,2.5,3.333
CUST_01243,313,Finance,North America,Mid-market,15,0,Basic,49.0,38.8125,48,0.6875,0.21875,8.0,34.0,0.425,1.0,2.286,0.727
CUST_01244,15,Healthcare,Latin America,SMB,5,0,Basic,29.0,24.5,11,0.3333333333333333,0.0,7.0,23.0,0.449,1.0,0.0,0.0
CUST_01245,3489,Healthcare,North America,Enterprise,9,0,Enterprise,999.0,76.2,62,0.4,0.4,7.0,23.0,0.453,1.0,2.5,2.5
CUST_01246,46,Healthcare,Europe,SMB,19,0,Basic,29.0,24.8,32,0.2,0.075,7.0,23.0,0.464,1.0,0.0,0.0
CUST_01247,32,Education,North America,SMB,6,1,Basic,29.0,18.714285714285715,14,0.14285714285714285,0.0,7.0,23.0,0.668,1.0,0.0,3.5
CUST_01248,270,E-commerce,Asia-Pacific,Mid-market,6,1,Pro,199.0,37.285714285714285,24,0.14285714285714285,0.14285714285714285,7.0,23.0,0.738,1.0,0.0,0.0
CUST_01249,21,Finance,Europe,SMB,1,1,Basic,29.0,17.0,1,0.0,0.0,7.0,23.0,1.0,1.0,0.0,0.0
CUST_01250,20,Retail,North America,SMB,17,0,Basic,29.0,26.11111111111111,39,0.2777777777777778,0.2222222222222222,7.0,23.0,0.957,1.0,0.0,0.0
CUST_01251,11,Retail,North America,SMB,16,0,Basic,29.0,28.176470588235293,24,0.11764705882352941,0.0,7.0,23.0,0.444,1.0,0.0,0.0
CUST_01252,4759,Retail,Asia-Pacific,Enterprise,23,0,Pro,299.0,66.25,162,1.0,0.5277777777777778,7.0,23.0,0.717,1.0,0.0,0.0
CUST_01253,4,Retail,North America,SMB,5,0,Basic,29.0,25.333333333333332,6,0.0,0.0,7.0,23.0,0.612,1.0,0.0,0.0
CUST_01254,38,Finance,Asia-Pacific,SMB,15,0,Basic,29.0,24.0,22,0.125,0.0,7.0,23.0,0.417,1.0,0.0,0.0
CUST_01255,489,E-commerce,Europe,Mid-market,16,0,Enterprise,499.0,39.05882352941177,65,0.6470588235294118,0.20588235294117646,7.0,23.0,0.525,1.0,0.0,0.773
CUST_01256,104,Education,North America,Mid-market,5,0,Basic,49.0,40.833333333333336,17,0.16666666666666666,0.16666666666666666,7.0,23.0,0.71,1.0,3.0,3.0
CUST_01257,1504,Retail,Europe,Enterprise,16,0,Enterprise,999.0,70.0,112,0.4117647058823529,0.29411764705882354,7.0,23.0,0.864,1.0,0.0,0.0
CUST_01258,190,Education,North America,Mid-market,13,0,Basic,49.0,45.357142857142854,38,0.7142857142857143,0.32142857142857145,8.0,20.0,0.386,1.0,0.0,0.7
CUST_01259,40,Healthcare,Europe,SMB,10,0,Basic,29.0,23.90909090909091,20,0.36363636363636365,0.18181818181818182,7.0,23.0,0.837,1.0,0.0,0.0
CUST_01260,8,Finance,North America,SMB,8,0,Pro,99.0,28.0,14,0.2222222222222222,0.1111111111111111,7.0,23.0,0.893,1.0,0.0,0.0
CUST_01261,37,Finance,Europe,SMB,15,0,Basic,29.0,25.0625,31,0.1875,0.0,8.0,33.0,0.638,1.0,0.0,0.0
CUST_01262,25,Finance,Europe,SMB,16,0,Basic,29.0,23.764705882352942,20,0.17647058823529413,0.058823529411764705,7.0,23.0,0.863,1.0,0.0,0.0
CUST_01263,45,E-commerce,Europe,SMB,11,0,Basic,29.0,23.25,17,0.25,0.08333333333333333,7.0,23.0,0.366,1.0,0.0,0.0
CUST_01264,27,E-commerce,Europe,SMB,1,0,Basic,29.0,9.5,4,0.0,0.0,7.0,23.0,1.0,1.0,0.0,0.0
CUST_01265,289,E-commerce,Europe,Mid-market,14,0,Enterprise,499.0,42.8,56,0.3333333333333333,0.13333333333333333,7.0,23.0,0.607,1.0,0.0,1.5
CUST_01266,29,Retail,Europe,SMB,19,0,Pro,99.0,22.1,25,0.3,0.1,8.0,38.0,0.588,1.0,0.0,0.0
CUST_01267,4761,Healthcare,Europe,Enterprise,20,0,Basic,99.0,75.80952380952381,153,0.23809523809523808,0.07142857142857142,7.0,23.0,0.752,1.0,0.0,0.0
CUST_01268,12,Technology,North America,SMB,5,1,Pro,99.0,18.625,11,0.0,0.0,7.0,23.0,0.537,1.0,0.0,0.0
CUST_01269,32,Technology,Latin America,SMB,1,1,Basic,29.0,8.0,4,0.0,0.0,7.0,23.0,1.0,1.0,0.0,0.0
CUST_01270,165,Technology,Latin America,Mid-market,20,0,Pro,199.0,39.04761904761905,69,0.47619047619047616,0.23809523809523808,7.0,23.0,0.755,1.0,1.05,2.1
CUST_01271,18,Retail,North America,SMB,8,1,Basic,29.0,25.88888888888889,14,0.2222222222222222,0.05555555555555555,7.0,23.0,0.695,1.0,4.499,4.5
CUST_01272,464,Technology,North America,Mid-market,2,0,Basic,49.0,24.0,4,0.6666666666666666,0.3333333333333333,7.0,23.0,1.062,1.0,1.5,1.5
CUST_01273,2439,Education,Europe,Enterprise,11,0,Enterprise,999.0,69.5,92,1.0833333333333333,0.513888888888889,7.0,23.0,0.367,1.0,0.973,0.462
CUST_01274,46,Finance,Europe,SMB,9,1,Enterprise,299.0,26.2,21,0.4,0.0,7.0,23.0,0.515,1.0,0.0,1.25
CUST_01275,34,E-commerce,Europe,SMB,17,0,Basic,29.0,22.22222222222222,33,0.2222222222222222,0.08333333333333333,9.0,60.0,0.517,1.0,0.0,0.0
CUST_01276,83,Healthcare,Europe,Mid-market,13,0,Pro,199.0,37.92857142857143,36,0.07142857142857142,0.07142857142857142,7.0,2.0,0.422,1.0,6.999,6.999
CUST_01277,3689,E-commerce,Europe,Enterprise,16,0,Enterprise,999.0,68.3529411764706,105,0.29411764705882354,0.11764705882352941,7.0,23.0,0.878,1.0,0.0,0.0
CUST_01278,44,Technology,Latin America,SMB,0,0,Basic,29.0,25.0,2,0.0,0.0,7.0,23.0,1.0,1.0,0.0,0.0
CUST_01279,2592,Education,Asia-Pacific,Enterprise,18,1,Pro,299.0,74.23809523809524,151,0.5238095238095238,0.42857142857142855,7.0,7.0,0.33,1.0,1.167,0.955
CUST_01280,23,Retail,Asia-Pacific,SMB,20,0,Basic,29.0,27.19047619047619,37,0.19047619047619047,0.09523809523809523,7.0,23.0,0.662,1.0,5.249,2.625
CUST_01281,224,Healthcare,Europe,Mid-market,1,0,Pro,199.0,8.5,1,0.0,0.0,7.0,23.0,1.0,1.0,0.0,0.0
CUST_01282,89,E-commerce,Asia-Pacific,Mid-market,14,0,Pro,199.0,42.0,50,0.4,0.3333333333333333,9.0,62.0,0.607,1.0,0.0,0.0
CUST_01283,16,Healthcare,Latin America,SMB,13,0,Basic,29.0,24.071428571428573,25,0.35714285714285715,0.09523809523809523,7.0,23.0,0.54,1.0,1.75,4.2
CUST_01284,49,Healthcare,Europe,SMB,17,0,Basic,29.0,22.833333333333332,41,0.16666666666666666,0.16666666666666666,7.0,23.0,0.613,1.0,0.0,0.0
CUST_01285,21,Retail,North America,SMB,2,1,Pro,99.0,14.6,3,0.8,0.0,7.0,23.0,1.027,1.0,0.0,1.25
CUST_01286,2874,Technology,Asia-Pacific,Enterprise,14,0,Enterprise,999.0,64.73333333333333,92,0.4,0.3333333333333333,7.0,23.0,0.294,1.0,1.5,2.5
CUST_01287,4023,Retail,North America,Enterprise,10,1,Enterprise,999.0,60.18181818181818,72,0.2727272727272727,0.2727272727272727,7.0,23.0,0.673,1.0,0.0,0.0
CUST_01288,4939,Technology,Latin America,Enterprise,16,1,Enterprise,999.0,60.578947368421055,127,0.5263157894736842,0.34210526315789475,10.0,66.0,0.85,1.0,1.461,0.95
CUST_01289,3456,Healthcare,Europe,Enterprise,21,0,Basic,99.0,64.4090909090909,189,0.36363636363636365,0.22727272727272727,7.0,23.0,0.66,1.0,0.0,0.0
CUST_01290,245,Healthcare,Asia-Pacific,Mid-market,6,0,Enterprise,499.0,34.857142857142854,15,0.5714285714285714,0.35714285714285715,7.0,23.0,0.689,1.0,1.4,0.875
CUST_01291,454,Finance,Latin America,Mid-market,23,0,Basic,49.0,41.416666666666664,82,0.4166666666666667,0.25,8.0,35.0,0.338,1.0,0.0,0.0
CUST_01292,346,Finance,Latin America,Mid-market,3,0,Pro,199.0,21.5,14,0.25,0.25,7.0,23.0,0.791,1.0,0.0,0.0
CUST_01293,39,Technology,North America,SMB,2,1,Basic,29.0,15.333333333333334,4,0.3333333333333333,0.0,7.0,23.0,0.913,1.0,0.0,1.5
CUST_01294,6,Technology,Europe,SMB,13,0,Basic,29.0,24.714285714285715,23,0.14285714285714285,0.14285714285714285,7.0,21.0,0.749,1.0,3.5,3.5
CUST_01295,25,E-commerce,Europe,SMB,3,0,Basic,29.0,14.5,2,0.5,0.25,7.0,23.0,0.621,1.0,0.0,0.0
CUST_01296,498,Technology,Europe,Mid-market,19,1,Basic,49.0,39.75,74,0.375,0.16666666666666666,7.0,23.0,0.792,1.0,0.0,0.0
CUST_01297,14,Healthcare,Asia-Pacific,SMB,13,0,Basic,29.0,27.142857142857142,26,0.21428571428571427,0.0,7.0,23.0,0.682,1.0,0.0,0.0
CUST_01298,17,Education,Latin America,SMB,8,0,Basic,29.0,18.88888888888889,16,0.1111111111111111,0.1111111111111111,7.0,23.0,0.556,1.0,0.0,0.0
CUST_01299,213,E-commerce,North America,Mid-market,4,0,Pro,199.0,22.6,10,0.2,0.0,7.0,23.0,0.996,1.0,0.0,0.0
CUST_01300,203,Finance,North America,Mid-market,23,1,Pro,199.0,40.214285714285715,90,0.42857142857142855,0.10714285714285714,9.0,30.0,0.783,1.0,4.666,1.167
CUST_01301,46,Education,Europe,SMB,1,0,Basic,29.0,15.0,3,0.0,0.0,7.0,23.0,1.0,1.0,0.0,0.0
CUST_01302,393,Finance,North America,Mid-market,19,0,Basic,49.0,43.35,70,0.55,0.4,7.0,15.0,0.311,1.0,2.5,1.818
CUST_01303,4549,E-commerce,North America,Enterprise,4,1,Enterprise,999.0,57.8,33,0.4,0.2,7.0,23.0,0.458,1.0,2.5,2.5
CUST_01304,13,Retail,North America,SMB,2,0,Basic,29.0,17.666666666666668,2,0.0,0.0,7.0,23.0,0.849,1.0,0.0,0.0
CUST_01305,49,Healthcare,North America,SMB,10,0,Basic,29.0,27.545454545454547,18,0.09090909090909091,0.0,7.0,23.0,0.672,1.0,0.0,5.499
CUST_01306,29,Education,North America,SMB,4,0,Pro,99.0,22.8,6,0.0,0.0,7.0,11.0,0.833,1.0,0.0,0.0
CUST_01307,34,Education,North America,SMB,8,1,Basic,29.0,21.88888888888889,14,0.4444444444444444,0.16666666666666666,7.0,23.0,0.822,1.0,0.0,0.0
CUST_01308,43,Education,Latin America,SMB,17,0,Pro,99.0,27.27777777777778,39,0.0,0.0,7.0,23.0,0.733,1.0,0.0,0.0
CUST_01309,6,Finance,North America,SMB,4,1,Basic,29.0,19.4,8,0.2,0.0,7.0,23.0,1.057,1.0,0.0,0.0
CUST_01310,100,Finance,Europe,Mid-market,9,0,Basic,49.0,35.9,42,0.4,0.3,7.0,23.0,0.724,1.0,1.667,1.25
CUST_01311,1,E-commerce,Asia-Pacific,SMB,0,0,Basic,29.0,10.0,0,0.0,0.0,7.0,23.0,1.0,1.0,0.0,0.0
CUST_01312,3741,E-commerce,Asia-Pacific,Enterprise,13,0,Pro,299.0,67.28571428571429,92,0.2857142857142857,0.14285714285714285,8.0,6.0,0.438,1.0,7.0,5.25
CUST_01313,41,Retail,Latin America,SMB,5,0,Pro,99.0,27.0,11,0.0,0.0,7.0,23.0,0.667,1.0,0.0,0.0
CUST_01314,2,Finance,North America,SMB,13,0,Basic,29.0,23.071428571428573,26,0.07142857142857142,0.07142857142857142,9.0,27.0,0.607,1.0,0.0,0.0
CUST_01315,11,E-commerce,Latin America,SMB,16,0,Basic,29.0,25.88235294117647,38,0.23529411764705882,0.029411764705882353,7.0,23.0,0.773,1.0,0.0,0.0
CUST_01316,4485,Retail,Latin America,Enterprise,1,1,Enterprise,999.0,27.5,6,0.0,0.0,7.0,23.0,1.0,1.0,0.0,0.0
CUST_01317,26,Education,Europe,SMB,4,0,Basic,29.0,17.2,4,0.2,0.2,7.0,23.0,1.105,1.0,2.5,2.5
CUST_01318,19,Technology,North America,SMB,1,1,Basic,29.0,11.5,1,0.0,0.0,7.0,23.0,1.0,1.0,0.0,0.0
CUST_01319,327,Education,North America,Mid-market,6,1,Enterprise,499.0,36.857142857142854,24,0.14285714285714285,0.0,7.0,23.0,0.638,1.0,0.0,3.5
CUST_01320,36,Retail,Europe,SMB,10,0,Basic,29.0,18.363636363636363,20,0.09090909090909091,0.0,7.0,23.0,0.327,1.0,0.0,0.0
CUST_01321,13,Finance,Europe,SMB,9,0,Pro,99.0,22.9,17,0.1,0.0,9.0,32.0,0.459,1.0,0.0,0.0
CUST_01322,4068,E-commerce,Asia-Pacific,Enterprise,2,0,Basic,99.0,51.666666666666664,6,1.3333333333333333,0.3333333333333333,7.0,23.0,0.871,1.0,1.5,1.5
CUST_01323,2447,Finance,Europe,Enterprise,4,0,Pro,299.0,48.0,26,1.2,0.6,7.0,23.0,0.625,1.0,1.667,1.25
CUST_01324,12,Healthcare,Asia-Pacific,SMB,12,1,Basic,29.0,25.923076923076923,26,0.07692307692307693,0.0,7.0,23.0,0.559,1.0,0.0,0.0
CUST_01325,1,Technology,Asia-Pacific,SMB,9,0,Basic,29.0,20.2,24,0.0,0.0,7.0,23.0,0.47,1.0,0.0,0.0
CUST_01326,280,Retail,Europe,Mid-market,3,1,Pro,199.0,31.25,6,0.5,0.5,7.0,23.0,1.136,1.0,2.0,2.0
CUST_01327,9,E-commerce,Asia-Pacific,SMB,13,1,Basic,29.0,25.1875,36,0.0625,0.0,7.0,23.0,0.615,1.0,0.0,0.0
CUST_01328,41,Finance,North America,SMB,12,1,Basic,29.0,24.333333333333332,32,0.13333333333333333,0.03333333333333333,7.0,23.0,0.863,1.0,0.0,0.0
CUST_01329,48,Retail,North America,SMB,2,1,Basic,29.0,14.333333333333334,5,0.3333333333333333,0.0,7.0,23.0,0.942,1.0,0.0,1.5
CUST_01330,39,Retail,Latin America,SMB,3,0,Basic,29.0,21.75,2,0.5,0.0,7.0,23.0,0.989,1.0,0.0,2.0
CUST_01331,377,Technology,Asia-Pacific,Mid-market,6,1,Basic,49.0,24.428571428571427,18,0.2857142857142857,0.2857142857142857,9.0,38.0,0.942,1.0,0.0,0.0
CUST_01332,1886,Education,North America,Enterprise,11,0,Enterprise,999.0,69.16666666666667,85,0.4166666666666667,0.16666666666666666,7.0,23.0,0.564,1.0,0.0,0.0
CUST_01333,25,Finance,Europe,SMB,7,0,Basic,29.0,27.625,8,0.125,0.0,7.0,23.0,0.326,1.0,0.0,4.0
CUST_01334,1724,Retail,Asia-Pacific,Enterprise,10,0,Enterprise,999.0,68.36363636363636,83,0.36363636363636365,0.2727272727272727,7.0,23.0,0.958,1.0,0.0,0.0
CUST_01335,134,Technology,Latin America,Mid-market,3,1,Enterprise,499.0,25.0,14,0.0,0.0,8.0,4.0,1.3,1.0,0.0,0.0
CUST_01336,22,Retail,Asia-Pacific,SMB,6,1,Enterprise,299.0,20.285714285714285,12,0.14285714285714285,0.0,7.0,23.0,0.912,1.0,0.0,0.0
CUST_01337,41,Education,Europe,SMB,13,0,Basic,29.0,23.071428571428573,27,0.5714285714285714,0.25,6.0,27.0,0.802,1.0,1.0,2.625
CUST_01338,3247,Retail,Europe,Enterprise,18,0,Pro,299.0,69.36842105263158,151,0.3684210526315789,0.23684210526315788,7.0,23.0,0.634,1.0,2.111,2.714
CUST_01339,14,E-commerce,Latin America,SMB,4,0,Enterprise,299.0,21.8,2,0.0,0.0,7.0,23.0,0.39,1.0,0.0,0.0
CUST_01340,21,Technology,North America,SMB,18,0,Pro,99.0,27.736842105263158,26,0.15789473684210525,0.05263157894736842,7.0,23.0,0.919,1.0,0.0,3.166
CUST_01341,153,Education,Europe,Mid-market,23,0,Basic,49.0,41.208333333333336,86,0.375,0.25,7.0,23.0,0.777,1.0,0.0,0.0
CUST_01342,18,Technology,North America,SMB,9,1,Basic,29.0,27.916666666666668,18,0.08333333333333333,0.0,7.0,23.0,0.591,1.0,0.0,0.0
CUST_01343,23,Finance,Europe,SMB,14,1,Basic,29.0,19.263157894736842,27,0.3157894736842105,0.10526315789473684,7.0,23.0,0.908,1.0,0.0,0.0
CUST_01344,2864,Retail,Europe,Enterprise,20,0,Enterprise,999.0,74.76190476190476,154,0.38095238095238093,0.21428571428571427,7.0,23.0,0.655,1.0,0.0,0.0
CUST_01345,15,Retail,Asia-Pacific,SMB,6,1,Basic,29.0,21.285714285714285,7,0.42857142857142855,0.2857142857142857,7.0,23.0,1.01,1.0,0.0,1.167
CUST_01346,4437,Healthcare,North America,Enterprise,6,0,Pro,299.0,84.0,45,0.2857142857142857,0.14285714285714285,7.0,23.0,0.613,1.0,0.0,1.75
CUST_01347,336,Finance,Europe,Mid-market,2,0,Pro,199.0,28.666666666666668,3,0.3333333333333333,0.3333333333333333,7.0,23.0,0.942,1.0,1.5,1.5
CUST_01348,483,Finance,Europe,Mid-market,3,1,Pro,199.0,32.75,2,0.25,0.0,7.0,23.0,0.977,1.0,0.0,2.0
CUST_01349,9,Healthcare,Asia-Pacific,SMB,0,0,Basic,29.0,9.0,0,0.0,0.0,7.0,23.0,1.0,1.0,0.0,0.0
CUST_01350,3,E-commerce,Latin America,SMB,19,1,Basic,29.0,25.818181818181817,33,0.09090909090909091,0.0,6.0,5.0,0.329,1.0,0.0,0.0
CUST_01351,399,Technology,Latin America,Mid-market,15,0,Enterprise,499.0,38.4375,65,0.125,0.0625,7.0,23.0,0.442,1.0,0.0,0.0
CUST_01352,16,Technology,Europe,SMB,1,1,Pro,99.0,14.5,1,0.0,0.0,7.0,23.0,1.0,1.0,0.0,0.0
CUST_01353,3901,Technology,North America,Enterprise,0,0,Pro,299.0,24.0,3,0.0,0.0,7.0,23.0,1.0,1.0,0.0,0.0
CUST_01354,43,E-commerce,Europe,SMB,5,0,Basic,29.0,20.833333333333332,9,0.16666666666666666,0.0,7.0,23.0,0.816,1.0,0.0,3.0
CUST_01355,26,Technology,North America,SMB,14,1,Basic,29.0,24.57894736842105,45,0.2631578947368421,0.0,7.0,32.0,0.468,1.0,0.0,1.9
CUST_01356,6,Education,Europe,SMB,17,0,Pro,99.0,25.0,28,0.3333333333333333,0.1388888888888889,5.0,-10.0,0.42,1.0,0.0,0.0
CUST_01357,49,Retail,Asia-Pacific,SMB,0,0,Pro,99.0,9.0,0,1.0,0.0,7.0,23.0,1.0,1.0,0.0,1.0
CUST_01358,203,Healthcare,Europe,Mid-market,8,0,Basic,49.0,31.444444444444443,30,0.3333333333333333,0.3333333333333333,7.0,23.0,1.145,1.0,1.5,1.5
CUST_01359,2570,Technology,North America,Enterprise,5,0,Enterprise,999.0,63.666666666666664,33,0.0,0.0,7.0,23.0,0.683,1.0,0.0,0.0
CUST_01360,35,Retail,Latin America,SMB,22,0,Basic,29.0,27.130434782608695,47,0.17391304347826086,0.043478260869565216,7.0,25.0,0.829,1.0,0.0,0.0
CUST_01361,41,E-commerce,North America,SMB,1,0,Basic,29.0,15.0,4,0.5,0.0,7.0,23.0,1.0,1.0,0.0,1.0
CUST_01362,41,Technology,North America,SMB,6,1,Basic,29.0,18.714285714285715,17,0.14285714285714285,0.0,7.0,23.0,0.374,1.0,0.0,3.5
CUST_01363,47,Healthcare,Latin America,SMB,0,0,Basic,29.0,14.0,2,1.0,1.0,7.0,23.0,1.0,1.0,1.0,1.0
CUST_01364,41,Healthcare,Europe,SMB,15,0,Basic,29.0,22.25,34,0.125,0.0,5.0,-9.0,0.562,1.0,0.0,0.0
CUST_01365,3602,Technology,Europe,Enterprise,14,0,Enterprise,999.0,69.26666666666667,94,0.26666666666666666,0.1,7.0,23.0,0.57,1.0,0.0,0.0
CUST_01366,19,E-commerce,Europe,SMB,4,1,Basic,29.0,19.8,6,0.2,0.2,7.0,23.0,0.707,1.0,0.0,0.0
CUST_01367,22,Healthcare,Asia-Pacific,SMB,0,0,Basic,29.0,14.0,1,0.0,0.0,7.0,23.0,1.0,1.0,0.0,0.0
CUST_01368,21,Retail,Europe,SMB,8,0,Pro,99.0,19.11111111111111,17,0.2222222222222222,0.1111111111111111,7.0,23.0,0.706,1.0,0.0,2.25
CUST_01369,11,Finance,North America,SMB,1,0,Pro,99.0,14.5,1,0.0,0.0,7.0,23.0,1.0,1.0,0.0,0.0
CUST_01370,477,E-commerce,Europe,Mid-market,2,0,Pro,199.0,28.666666666666668,6,0.3333333333333333,0.3333333333333333,7.0,23.0,0.994,1.0,1.5,1.5
CUST_01371,11,Education,Latin America,SMB,5,0,Basic,29.0,18.5,4,0.16666666666666666,0.0,7.0,23.0,0.703,1.0,0.0,3.0
CUST_01372,305,Retail,Asia-Pacific,Mid-market,17,0,Pro,199.0,35.333333333333336,72,0.16666666666666666,0.1111111111111111,9.0,25.0,0.325,1.0,0.0,0.0
CUST_01373,24,Education,North America,SMB,10,0,Basic,29.0,24.272727272727273,26,0.09090909090909091,0.0,7.0,23.0,0.597,1.0,0.0,0.0
CUST_01374,10,Education,Asia-Pacific,SMB,0,0,Basic,29.0,17.0,1,0.0,0.0,7.0,23.0,1.0,1.0,0.0,0.0
CUST_01375,48,Retail,Europe,SMB,11,0,Pro,99.0,19.583333333333332,30,0.3333333333333333,0.08333333333333333,8.0,32.0,0.511,1.0,0.0,0.0
CUST_01376,47,E-commerce,North America,SMB,21,0,Basic,29.0,25.818181818181817,35,0.09090909090909091,0.045454545454545456,7.0,23.0,0.813,1.0,0.0,0.0
CUST_01377,52,Healthcare,Europe,Mid-market,3,0,Basic,49.0,25.75,7,0.75,0.25,7.0,23.0,0.602,1.0,0.0,0.667
CUST_01378,112,Healthcare,Asia-Pacific,Mid-market,3,0,Pro,199.0,21.0,15,0.0,0.0,7.0,23.0,1.024,1.0,0.0,0.0
CUST_01379,18,Healthcare,Latin America,SMB,5,0,Basic,29.0,25.5,4,0.16666666666666666,0.16666666666666666,7.0,23.0,0.51,1.0,0.0,0.0
CUST_01380,15,E-commerce,North America,SMB,9,1,Basic,29.0,23.3,19,0.0,0.0,7.0,23.0,0.3,1.0,0.0,0.0
CUST_01381,44,E-commerce,Europe,SMB,17,0,Basic,29.0,23.88888888888889,35,0.05555555555555555,0.0,7.0,23.0,0.356,1.0,0.0,0.0
CUST_01382,19,Education,Asia-Pacific,SMB,2,1,Basic,29.0,17.666666666666668,4,0.0,0.0,7.0,23.0,0.821,1.0,0.0,0.0
CUST_01383,34,Retail,Asia-Pacific,SMB,4,1,Pro,99.0,16.0,6,0.0,0.0,7.0,23.0,0.5,1.0,0.0,0.0
CUST_01384,3888,E-commerce,North America,Enterprise,12,0,Basic,99.0,54.69230769230769,75,0.6923076923076923,0.6153846153846154,7.0,23.0,1.033,1.0,0.812,1.444
CUST_01385,47,E-commerce,Latin America,SMB,0,0,Basic,29.0,23.0,0,0.0,0.0,7.0,23.0,1.0,1.0,0.0,0.0
CUST_01386,27,Retail,North America,SMB,12,0,Pro,99.0,27.153846153846153,24,0.3076923076923077,0.11538461538461539,7.0,17.0,0.479,1.0,0.0,0.0
CUST_01387,47,Finance,North America,SMB,1,1,Basic,29.0,13.5,3,0.0,0.0,5.0,11.0,1.0,1.0,0.0,0.0
CUST_01388,216,Retail,Asia-Pacific,Mid-market,21,0,Basic,49.0,43.86363636363637,69,0.5,0.20454545454545456,7.0,23.0,0.353,1.0,2.444,1.0
CUST_01389,460,Retail,Latin America,Mid-market,2,0,Basic,49.0,22.333333333333332,4,0.3333333333333333,0.0,7.0,23.0,0.649,1.0,0.0,0.0
CUST_01390,9,Technology,Latin America,SMB,22,0,Pro,99.0,27.82608695652174,45,0.13043478260869565,0.043478260869565216,7.0,23.0,0.611,1.0,0.0,0.0
CUST_01391,245,Healthcare,Asia-Pacific,Mid-market,2,0,Pro,199.0,25.0,8,0.0,0.0,7.0,23.0,0.84,1.0,0.0,0.0
CUST_01392,20,Retail,North America,SMB,10,0,Basic,29.0,24.0,15,0.09090909090909091,0.0,7.0,23.0,0.583,1.0,0.0,0.0
CUST_01393,48,Technology,Latin America,SMB,12,0,Pro,99.0,24.692307692307693,26,0.15384615384615385,0.0,6.0,6.0,0.547,1.0,0.0,0.0
CUST_01394,4721,Finance,North America,Enterprise,16,0,Pro,299.0,56.411764705882355,109,0.4117647058823529,0.2647058823529412,7.0,23.0,0.487,1.0,1.889,1.214
CUST_01395,1780,Education,Asia-Pacific,Enterprise,13,1,Enterprise,999.0,65.66666666666667,140,0.3888888888888889,0.2777777777777778,7.0,23.0,0.723,1.0,0.0,0.0
CUST_01396,19,Finance,North America,SMB,17,0,Pro,99.0,25.055555555555557,36,0.2222222222222222,0.027777777777777776,7.0,23.0,0.499,1.0,0.0,0.0
CUST_01397,46,Retail,Europe,SMB,14,1,Basic,29.0,18.058823529411764,29,0.23529411764705882,0.0980392156862745,7.0,23.0,0.305,1.0,0.0,0.0
CUST_01398,16,Technology,North America,SMB,15,0,Basic,29.0,27.375,26,0.125,0.0,7.0,23.0,0.365,1.0,0.0,0.0
CUST_01399,435,Healthcare,North America,Mid-market,15,0,Pro,199.0,44.25,49,0.3125,0.1875,7.0,23.0,0.508,1.0,0.0,0.0
CUST_01400,1409,Education,North America,Enterprise,14,0,Enterprise,999.0,70.26666666666667,112,0.6666666666666666,0.3,7.0,23.0,0.612,1.0,0.0,0.0
CUST_01401,32,Education,Europe,SMB,7,1,Pro,99.0,20.0,15,0.25,0.125,7.0,23.0,0.35,1.0,0.0,0.0
CUST_01402,243,Education,Europe,Mid-market,12,0,Basic,49.0,36.46153846153846,47,0.3076923076923077,0.11538461538461539,7.0,23.0,0.576,1.0,0.0,0.0
CUST_01403,15,Healthcare,Europe,SMB,11,0,Basic,29.0,25.666666666666668,20,0.08333333333333333,0.0,7.0,23.0,0.526,1.0,0.0,0.0
CUST_01404,2289,Education,Europe,Enterprise,14,0,Enterprise,999.0,65.4,97,0.5333333333333333,0.23333333333333334,7.0,23.0,0.436,1.0,2.143,2.812
CUST_01405,102,E-commerce,North America,Mid-market,17,0,Basic,49.0,40.94444444444444,71,0.3888888888888889,0.1111111111111111,8.0,37.0,0.281,1.0,0.0,2.571
CUST_01406,59,Technology,Asia-Pacific,Mid-market,11,0,Basic,49.0,42.333333333333336,39,0.16666666666666666,0.08333333333333333,7.0,23.0,0.78,1.0,0.0,0.0
CUST_01407,4894,Finance,Latin America,Enterprise,7,0,Enterprise,999.0,64.25,60,1.0,0.14583333333333331,9.0,51.0,0.747,1.0,0.0,0.0
CUST_01408,9,Education,Asia-Pacific,SMB,8,0,Pro,99.0,23.77777777777778,13,0.2222222222222222,0.2222222222222222,7.0,23.0,0.589,1.0,2.25,2.25
CUST_01409,22,Finance,Europe,SMB,11,0,Pro,99.0,23.666666666666668,27,0.16666666666666666,0.0,7.0,23.0,0.993,1.0,0.0,0.0
CUST_01410,43,E-commerce,North America,SMB,9,0,Basic,29.0,22.2,14,0.3,0.2,7.0,23.0,0.721,1.0,0.0,0.0
CUST_01411,23,E-commerce,Europe,SMB,8,0,Basic,29.0,22.22222222222222,19,0.2222222222222222,0.0,7.0,23.0,0.405,1.0,0.0,2.25
CUST_01412,7,Finance,Europe,SMB,14,0,Pro,99.0,23.133333333333333,30,0.3333333333333333,0.06666666666666667,7.0,23.0,0.454,1.0,7.499,1.5
CUST_01413,229,Finance,Asia-Pacific,Mid-market,15,0,Pro,199.0,43.875,51,0.1875,0.1875,7.0,23.0,0.672,1.0,0.0,0.0
CUST_01414,402,E-commerce,Europe,Mid-market,5,1,Pro,199.0,33.666666666666664,25,0.3333333333333333,0.16666666666666666,7.0,23.0,1.114,1.0,0.0,1.5
CUST_01415,241,Finance,Latin America,Mid-market,9,0,Basic,49.0,43.0,25,0.1,0.0,7.0,23.0,0.419,1.0,0.0,0.0
CUST_01416,406,E-commerce,North America,Mid-market,4,0,Pro,199.0,35.8,19,0.4,0.4,7.0,23.0,0.377,1.0,1.25,1.25
CUST_01417,484,Education,Europe,Mid-market,8,0,Pro,199.0,41.888888888888886,38,0.5555555555555556,0.0,7.0,23.0,0.871,1.0,0.0,0.9
CUST_01418,397,Healthcare,Europe,Mid-market,21,0,Pro,199.0,48.36363636363637,66,0.3181818181818182,0.18181818181818182,7.0,23.0,0.455,1.0,0.0,0.0
CUST_01419,21,Education,North America,SMB,17,1,Basic,29.0,24.59090909090909,37,0.2727272727272727,0.045454545454545456,7.0,24.0,0.569,1.0,0.0,0.0
CUST_01420,18,Education,Asia-Pacific,SMB,19,1,Basic,29.0,24.318181818181817,47,0.2727272727272727,0.045454545454545456,7.0,23.0,0.555,1.0,0.0,1.833
CUST_01421,29,Education,Europe,SMB,3,1,Basic,29.0,23.0,3,0.0,0.0,7.0,23.0,1.065,1.0,0.0,0.0
CUST_01422,49,Technology,North America,SMB,0,0,Pro,99.0,26.0,1,1.0,0.0,7.0,23.0,1.0,1.0,0.0,1.0
CUST_01423,306,Retail,Asia-Pacific,Mid-market,0,0,Pro,199.0,32.0,7,0.0,0.0,7.0,23.0,1.0,1.0,0.0,0.0
CUST_01424,356,Education,North America,Mid-market,17,1,Enterprise,499.0,43.4,62,0.3,0.1,7.0,23.0,0.53,1.0,0.0,1.667
CUST_01425,2212,Technology,Latin America,Enterprise,15,0,Enterprise,999.0,71.75,103,0.25,0.1875,7.0,23.0,0.662,1.0,2.667,2.0
CUST_01426,39,Healthcare,North America,SMB,2,1,Basic,29.0,13.333333333333334,5,0.0,0.0,7.0,23.0,0.6,1.0,0.0,0.0
CUST_01427,3097,Finance,Europe,Enterprise,8,0,Enterprise,999.0,56.888888888888886,49,0.5555555555555556,0.3333333333333333,7.0,23.0,0.712,1.0,1.5,0.9
CUST_01428,376,Retail,North America,Mid-market,1,0,Pro,199.0,31.0,2,0.5,0.0,7.0,23.0,1.0,1.0,0.0,1.0
CUST_01429,3913,Healthcare,Europe,Enterprise,22,0,Pro,299.0,72.3913043478261,175,0.30434782608695654,0.21739130434782608,7.0,23.0,0.414,1.0,2.3,1.643
CUST_01430,2755,E-commerce,North America,Enterprise,16,0,Pro,299.0,65.0,108,0.35294117647058826,0.20588235294117646,7.0,23.0,0.885,1.0,1.214,2.833
CUST_01431,3,Education,Europe,SMB,3,0,Basic,29.0,21.5,10,0.25,0.25,7.0,23.0,0.488,1.0,2.0,2.0
CUST_01432,248,E-commerce,Latin America,Mid-market,9,0,Enterprise,499.0,39.5,36,0.4,0.2,7.0,23.0,0.43,1.0,0.0,0.0
CUST_01433,39,E-commerce,North America,SMB,9,1,Basic,29.0,21.4,20,0.3,0.1,7.0,23.0,0.514,1.0,0.0,0.0
CUST_01434,43,Finance,Europe,SMB,8,1,Pro,99.0,26.77777777777778,15,0.1111111111111111,0.1111111111111111,7.0,23.0,0.822,1.0,4.5,4.5
CUST_01435,4247,Healthcare,Europe,Enterprise,13,1,Enterprise,999.0,71.05555555555556,121,0.4444444444444444,0.4444444444444444,7.0,23.0,0.394,1.0,0.0,0.0
CUST_01436,11,Finance,Asia-Pacific,SMB,5,0,Pro,99.0,27.166666666666668,12,0.3333333333333333,0.16666666666666666,7.0,23.0,0.81,1.0,0.0,0.0
CUST_01437,342,E-commerce,Asia-Pacific,Mid-market,2,1,Pro,199.0,28.666666666666668,12,0.0,0.0,7.0,23.0,1.116,1.0,0.0,0.0
CUST_01438,36,Technology,North America,SMB,1,0,Basic,29.0,15.0,1,0.0,0.0,7.0,23.0,1.0,1.0,0.0,0.0
CUST_01439,463,Technology,Latin America,Mid-market,14,0,Basic,49.0,40.733333333333334,59,0.5333333333333333,0.2,7.0,23.0,0.528,1.0,2.5,1.875
CUST_01440,459,Retail,Europe,Mid-market,22,0,Enterprise,499.0,42.17391304347826,82,0.043478260869565216,0.0,7.0,7.0,0.415,1.0,0.0,0.0
CUST_01441,49,Retail,Europe,SMB,5,1,Basic,29.0,19.666666666666668,8,0.16666666666666666,0.0,7.0,23.0,0.661,1.0,0.0,3.0
CUST_01442,24,Retail,North America,SMB,10,1,Pro,99.0,26.727272727272727,28,0.09090909090909091,0.0,8.0,26.0,0.673,1.0,0.0,0.0
CUST_01443,49,Technology,Latin America,SMB,4,0,Basic,29.0,25.6,6,0.2,0.2,7.0,23.0,0.977,1.0,2.5,2.5
CUST_01444,17,Technology,Asia-Pacific,SMB,2,0,Basic,29.0,14.666666666666666,3,0.0,0.0,7.0,23.0,0.886,1.0,0.0,0.0
CUST_01445,3,Education,North America,SMB,12,0,Pro,99.0,25.0,30,0.5333333333333333,0.3333333333333333,7.0,23.0,0.5,1.0,0.0,0.0
CUST_01446,42,Technology,North America,SMB,5,0,Pro,99.0,24.333333333333332,5,0.16666666666666666,0.16666666666666666,7.0,23.0,0.534,1.0,0.0,0.0
CUST_01447,174,Education,North America,Mid-market,15,0,Basic,49.0,45.8125,67,0.25,0.03125,7.0,23.0,0.469,1.0,0.0,0.0
CUST_01448,9,Retail,North America,SMB,0,0,Basic,29.0,24.0,1,0.0,0.0,7.0,23.0,1.0,1.0,0.0,0.0
CUST_01449,30,Education,Asia-Pacific,SMB,0,0,Basic,29.0,27.0,2,0.0,0.0,7.0,23.0,1.0,1.0,0.0,0.0
CUST_01450,464,Healthcare,North America,Mid-market,1,1,Pro,199.0,26.0,5,0.0,0.0,7.0,23.0,1.0,1.0,0.0,0.0
CUST_01451,46,Healthcare,Europe,SMB,22,1,Basic,29.0,27.64,49,0.2,0.16,7.0,23.0,0.579,1.0,3.125,2.5
CUST_01452,25,Healthcare,North America,SMB,12,0,Basic,29.0,24.0,21,0.3076923076923077,0.07692307692307693,7.0,23.0,0.875,1.0,0.0,0.0
CUST_01453,17,E-commerce,Asia-Pacific,SMB,1,0,Basic,29.0,16.0,2,0.0,0.0,7.0,23.0,1.0,1.0,0.0,0.0
CUST_01454,43,E-commerce,Europe,SMB,7,0,Basic,29.0,24.0,18,0.375,0.125,7.0,23.0,0.604,1.0,0.0,1.333
CUST_01455,16,Healthcare,Europe,SMB,4,1,Basic,29.0,14.4,8,0.0,0.0,7.0,23.0,0.972,1.0,0.0,0.0
CUST_01456,1167,E-commerce,Asia-Pacific,Enterprise,19,0,Enterprise,999.0,70.7,150,0.4,0.275,7.0,23.0,0.813,1.0,0.0,0.0
CUST_01457,215,Technology,Europe,Mid-market,9,0,Pro,199.0,38.4,33,0.2,0.1,7.0,23.0,0.586,1.0,0.0,0.0
CUST_01458,2,Finance,North America,SMB,4,0,Basic,29.0,14.8,8,0.0,0.0,7.0,23.0,0.878,1.0,0.0,0.0
CUST_01459,386,Technology,North America,Mid-market,3,0,Basic,49.0,27.5,3,0.5,0.25,7.0,23.0,0.727,1.0,2.0,2.0
CUST_01460,19,Healthcare,Asia-Pacific,SMB,8,0,Basic,29.0,23.555555555555557,9,0.1111111111111111,0.0,7.0,23.0,0.785,1.0,0.0,4.5
CUST_01461,11,Technology,Asia-Pacific,SMB,3,1,Enterprise,299.0,20.75,9,0.5,0.0,7.0,23.0,0.723,1.0,0.0,0.0
CUST_01462,7,Retail,North America,SMB,6,0,Enterprise,299.0,26.857142857142858,10,0.14285714285714285,0.14285714285714285,7.0,23.0,0.707,1.0,3.5,3.5
CUST_01463,324,Education,Asia-Pacific,Mid-market,1,0,Pro,199.0,27.0,1,1.0,0.5,7.0,23.0,1.0,1.0,1.0,1.0
CUST_01464,31,Retail,North America,SMB,19,1,Basic,29.0,29.454545454545453,36,0.36363636363636365,0.09090909090909091,8.0,7.0,0.645,1.0,0.0,1.375
CUST_01465,36,Healthcare,North America,SMB,23,0,Basic,29.0,25.5,43,0.16666666666666666,0.0625,7.0,23.0,0.412,1.0,7.999,3.0
CUST_01466,45,Technology,Europe,SMB,16,1,Basic,29.0,27.238095238095237,39,0.2857142857142857,0.19047619047619047,7.0,19.0,0.569,1.0,0.0,1.75
CUST_01467,116,Technology,Latin America,Mid-market,15,0,Pro,199.0,43.375,65,0.375,0.125,5.0,-7.0,0.611,1.0,0.0,0.0
CUST_01468,28,Finance,North America,SMB,3,0,Pro,99.0,22.0,2,0.5,0.0,7.0,23.0,1.0,1.0,0.0,2.0
CUST_01469,10,Retail,Asia-Pacific,SMB,3,0,Basic,29.0,17.75,7,0.0,0.0,7.0,23.0,0.845,1.0,0.0,0.0
CUST_01470,1000,Retail,Europe,Enterprise,1,0,Enterprise,999.0,46.0,10,0.5,0.5,7.0,23.0,1.0,1.0,1.0,1.0
CUST_01471,19,Healthcare,Europe,SMB,17,1,Basic,29.0,23.636363636363637,35,0.3181818181818182,0.09090909090909091,6.0,0.0,0.487,1.0,5.499,1.571
CUST_01472,4,Finance,Europe,SMB,14,0,Basic,29.0,22.2,18,0.4666666666666667,0.16666666666666666,7.0,23.0,0.428,1.0,0.0,0.0
CUST_01473,23,E-commerce,Asia-Pacific,SMB,16,0,Basic,29.0,29.294117647058822,30,0.29411764705882354,0.23529411764705882,7.0,23.0,0.495,1.0,0.0,0.0
CUST_01474,26,Healthcare,North America,SMB,16,0,Basic,29.0,22.294117647058822,25,0.4117647058823529,0.17647058823529413,8.0,29.0,0.493,1.0,0.0,0.0
CUST_01475,47,Healthcare,Latin America,SMB,22,0,Basic,29.0,21.73913043478261,40,0.34782608695652173,0.021739130434782608,4.0,-9.0,0.874,1.0,0.0,2.875
CUST_01476,22,Healthcare,Latin America,SMB,9,0,Basic,29.0,27.5,23,0.2,0.1,7.0,23.0,0.436,1.0,0.0,0.0
CUST_01477,382,Education,North America,Mid-market,8,1,Basic,49.0,39.111111111111114,28,0.1111111111111111,0.1111111111111111,7.0,23.0,0.895,1.0,4.5,4.5
CUST_01478,374,Retail,North America,Mid-market,7,0,Enterprise,499.0,36.625,17,0.25,0.25,9.0,33.0,0.601,1.0,0.0,0.0
CUST_01479,10,E-commerce,Asia-Pacific,SMB,0,0,Basic,29.0,19.0,0,0.0,0.0,7.0,23.0,1.0,1.0,0.0,0.0
CUST_01480,34,Healthcare,North America,SMB,8,0,Pro,99.0,23.11111111111111,15,0.3333333333333333,0.2222222222222222,7.0,23.0,0.541,1.0,2.25,1.5
CUST_01481,33,Finance,Asia-Pacific,SMB,9,0,Basic,29.0,22.0,20,0.4,0.1,8.0,33.0,0.523,1.0,0.0,0.0
CUST_01482,3250,Education,Latin America,Enterprise,15,1,Enterprise,999.0,68.05555555555556,131,0.2777777777777778,0.16666666666666666,7.0,23.0,0.345,1.0,0.0,1.8
CUST_01483,361,Education,Latin America,Mid-market,8,0,Basic,49.0,35.0,26,0.2222222222222222,0.1111111111111111,7.0,23.0,0.614,1.0,0.0,0.0
CUST_01484,15,Education,Latin America,SMB,13,1,Pro,99.0,23.75,31,0.3125,0.03125,7.0,23.0,0.316,1.0,0.0,3.2
CUST_01485,171,Finance,Asia-Pacific,Mid-market,19,0,Basic,49.0,42.6,70,0.5,0.25,7.0,23.0,0.845,1.0,0.0,1.0
CUST_01486,16,Retail,North America,SMB,10,1,Basic,29.0,23.636363636363637,18,0.36363636363636365,0.09090909090909091,7.0,23.0,0.973,1.0,0.0,0.0
CUST_01487,42,Technology,Asia-Pacific,SMB,1,0,Basic,29.0,8.5,3,0.0,0.0,7.0,23.0,1.0,1.0,0.0,0.0
CUST_01488,186,Education,North America,Mid-market,3,1,Pro,199.0,32.0,9,0.0,0.0,7.0,23.0,0.703,1.0,0.0,0.0
CUST_01489,34,E-commerce,Asia-Pacific,SMB,20,0,Pro,99.0,22.333333333333332,34,0.047619047619047616,0.0,9.0,30.0,0.761,1.0,0.0,0.0
CUST_01490,21,Technology,North America,SMB,8,0,Pro,99.0,26.333333333333332,11,0.1111111111111111,0.1111111111111111,7.0,23.0,0.608,1.0,0.0,0.0
CUST_01491,134,Retail,Asia-Pacific,Mid-market,2,0,Basic,49.0,24.333333333333332,5,0.0,0.0,7.0,23.0,1.253,1.0,0.0,0.0
CUST_01492,25,Finance,North America,SMB,18,0,Pro,99.0,28.789473684210527,36,0.21052631578947367,0.10526315789473684,7.0,23.0,0.66,1.0,0.0,0.0
CUST_01493,375,Retail,North America,Mid-market,10,1,Pro,199.0,46.27272727272727,33,0.45454545454545453,0.22727272727272727,6.0,-9.0,0.854,1.0,0.0,0.0
CUST_01494,136,E-commerce,Europe,Mid-market,6,0,Basic,49.0,41.0,29,0.42857142857142855,0.21428571428571427,8.0,32.0,0.463,1.0,0.0,0.0
CUST_01495,45,Retail,Europe,SMB,4,1,Basic,29.0,16.0,5,0.42857142857142855,0.07142857142857142,7.0,23.0,0.656,1.0,0.0,1.167
CUST_01496,32,E-commerce,Europe,SMB,3,0,Basic,29.0,20.5,9,0.0,0.0,7.0,23.0,0.829,1.0,0.0,0.0
CUST_01497,12,Retail,North America,SMB,8,0,Basic,29.0,17.555555555555557,13,0.0,0.0,7.0,23.0,0.399,1.0,0.0,0.0
CUST_01498,4053,E-commerce,Asia-Pacific,Enterprise,23,0,Basic,99.0,77.0,179,0.375,0.1875,7.0,23.0,0.792,1.0,0.0,0.0
CUST_01499,2739,Retail,Asia-Pacific,Enterprise,23,0,Enterprise,999.0,73.125,170,0.3333333333333333,0.20833333333333334,7.0,23.0,0.595,1.0,0.0,0.0
CUST_01500,33,Finance,Europe,SMB,13,0,Basic,29.0,24.285714285714285,22,0.2857142857142857,0.14285714285714285,7.0,23.0,0.556,1.0,0.0,0.0
CUST_01501,17,Retail,North America,SMB,7,0,Pro,99.0,26.625,12,0.125,0.0,7.0,23.0,0.3,1.0,0.0,4.0
CUST_01502,6,Retail,North America,SMB,23,1,Pro,99.0,22.23076923076923,54,0.2692307692307692,0.11538461538461539,6.0,8.0,0.517,1.0,0.0,0.0
CUST_01503,487,Technology,Latin America,Mid-market,7,0,Enterprise,499.0,31.875,28,0.25,0.0,7.0,23.0,0.565,1.0,0.0,2.0
CUST_01504,40,Technology,North America,SMB,9,0,Basic,29.0,18.4,16,0.2,0.1,7.0,23.0,0.516,1.0,0.0,0.0
CUST_01505,280,Technology,Asia-Pacific,Mid-market,12,1,Basic,49.0,38.46666666666667,49,0.26666666666666666,0.1,7.0,23.0,0.715,1.0,0.0,0.0
CUST_01506,48,Healthcare,North America,SMB,7,0,Basic,29.0,25.25,14,0.0,0.0,7.0,23.0,0.634,1.0,0.0,0.0
CUST_01507,125,Education,Europe,Mid-market,12,0,Pro,199.0,46.61538461538461,46,0.7692307692307693,0.3076923076923077,7.0,23.0,0.633,1.0,0.0,0.0
CUST_01508,2296,Finance,Latin America,Enterprise,2,0,Enterprise,999.0,32.0,11,0.0,0.0,7.0,23.0,0.781,1.0,0.0,0.0
CUST_01509,44,Retail,Asia-Pacific,SMB,15,0,Basic,29.0,21.5625,33,0.1875,0.0625,7.0,23.0,0.765,1.0,7.999,2.667
CUST_01510,17,Healthcare,Europe,SMB,11,0,Pro,99.0,20.416666666666668,19,0.08333333333333333,0.0,7.0,23.0,0.955,1.0,0.0,0.0
CUST_01511,39,E-commerce,Latin America,SMB,22,0,Enterprise,299.0,25.391304347826086,36,0.13043478260869565,0.043478260869565216,7.0,23.0,0.414,1.0,0.0,3.833
CUST_01512,25,Healthcare,North America,SMB,4,0,Basic,29.0,15.4,4,0.0,0.0,7.0,23.0,0.682,1.0,0.0,0.0
CUST_01513,17,Finance,Asia-Pacific,SMB,5,0,Basic,29.0,23.666666666666668,17,0.16666666666666666,0.0,7.0,23.0,0.549,1.0,0.0,0.0
CUST_01514,22,Education,Europe,SMB,0,0,Basic,29.0,8.0,1,0.0,0.0,7.0,23.0,1.0,1.0,0.0,0.0
CUST_01515,422,Retail,North America,Mid-market,9,1,Pro,199.0,44.0,34,0.5,0.2,7.0,9.0,0.761,1.0,0.0,0.0
CUST_01516,30,Finance,North America,SMB,20,1,Basic,29.0,28.0,37,0.08695652173913043,0.043478260869565216,7.0,23.0,0.643,1.0,0.0,0.0
CUST_01517,449,Finance,Asia-Pacific,Mid-market,4,0,Basic,49.0,26.8,9,0.2,0.2,7.0,23.0,0.858,1.0,0.0,0.0
CUST_01518,8,Finance,North America,SMB,8,1,Pro,99.0,26.0,18,0.5555555555555556,0.2777777777777778,7.0,23.0,0.865,1.0,1.8,0.9
CUST_01519,1784,Technology,Asia-Pacific,Enterprise,9,1,Enterprise,999.0,68.66666666666667,88,0.75,0.16666666666666666,7.0,23.0,0.692,1.0,3.0,0.667
CUST_01520,35,Healthcare,Europe,SMB,21,0,Pro,99.0,26.136363636363637,34,0.13636363636363635,0.022727272727272728,6.0,-1.0,0.478,1.0,0.0,0.0
CUST_01521,49,Technology,Asia-Pacific,SMB,11,1,Basic,29.0,25.916666666666668,20,0.25,0.0,7.0,23.0,0.675,1.0,0.0,0.0
CUST_01522,196,Education,Latin America,Mid-market,8,0,Pro,199.0,35.44444444444444,25,0.4444444444444444,0.2222222222222222,7.0,23.0,0.466,1.0,0.0,0.0
CUST_01523,45,Retail,Europe,SMB,9,1,Pro,99.0,29.7,14,0.2,0.1,7.0,23.0,0.673,1.0,0.0,0.0
CUST_01524,3032,Finance,Latin America,Enterprise,21,0,Pro,299.0,71.5,151,0.5,0.3181818181818182,8.0,25.0,0.483,1.0,1.571,1.0
CUST_01525,388,Education,Asia-Pacific,Mid-market,4,0,Pro,199.0,37.2,19,0.2,0.2,7.0,23.0,0.699,1.0,2.5,2.5
CUST_01526,14,Retail,North America,SMB,1,0,Basic,29.0,14.0,0,1.0,1.0,7.0,23.0,1.0,1.0,1.0,1.0
CUST_01527,6,Finance,North America,SMB,7,0,Basic,29.0,16.625,11,0.375,0.125,7.0,23.0,0.962,1.0,4.0,4.0
CUST_01528,19,Healthcare,Europe,SMB,16,1,Basic,29.0,25.526315789473685,39,0.15789473684210525,0.05263157894736842,7.0,23.0,0.803,1.0,0.0,0.0
CUST_01529,38,Finance,Latin America,SMB,6,1,Pro,99.0,19.714285714285715,10,0.14285714285714285,0.0,7.0,23.0,0.736,1.0,0.0,0.0
CUST_01530,8,Healthcare,Europe,SMB,1,1,Pro,99.0,9.5,1,0.0,0.0,6.0,-9.0,1.0,1.0,0.0,0.0
CUST_01531,31,Technology,North America,SMB,21,0,Basic,29.0,20.90909090909091,46,0.18181818181818182,0.0,7.0,37.0,0.837,1.0,0.0,0.0
CUST_01532,44,E-commerce,North America,SMB,7,1,Pro,99.0,18.875,14,0.125,0.0,7.0,23.0,0.556,1.0,0.0,4.0
CUST_01533,41,Healthcare,Europe,SMB,8,0,Pro,99.0,21.666666666666668,12,0.4444444444444444,0.16666666666666666,7.0,23.0,0.577,1.0,0.0,0.0
CUST_01534,36,Technology,Latin America,SMB,9,0,Pro,99.0,27.4,23,0.1,0.1,7.0,23.0,0.383,1.0,0.0,0.0
CUST_01535,42,Education,Europe,SMB,8,1,Pro,99.0,24.22222222222222,15,0.1111111111111111,0.0,6.0,3.0,0.908,1.0,0.0,0.0
CUST_01536,165,Technology,Latin America,Mid-market,3,1,Enterprise,499.0,31.75,13,0.0,0.0,7.0,23.0,0.646,1.0,0.0,0.0
CUST_01537,106,Healthcare,Asia-Pacific,Mid-market,4,0,Basic,49.0,32.2,9,0.6,0.4,7.0,23.0,0.575,1.0,2.5,2.5
CUST_01538,352,Healthcare,North America,Mid-market,0,0,Basic,49.0,12.0,4,1.0,0.0,7.0,23.0,1.0,1.0,0.0,1.0
CUST_01539,5,Retail,North America,SMB,21,0,Pro,99.0,26.136363636363637,39,0.09090909090909091,0.0,7.0,23.0,0.746,1.0,0.0,0.0
CUST_01540,13,E-commerce,Latin America,SMB,1,0,Basic,29.0,12.0,3,0.0,0.0,7.0,23.0,1.0,1.0,0.0,0.0
CUST_01541,47,Retail,Europe,SMB,19,0,Basic,29.0,24.1,34,0.2,0.05,7.0,-2.0,0.788,1.0,0.0,0.0
CUST_01542,21,E-commerce,Latin America,SMB,22,1,Basic,29.0,24.56,36,0.28,0.08,8.0,16.0,0.366,1.0,0.0,1.786
CUST_01543,41,Healthcare,Latin America,SMB,11,0,Basic,29.0,26.5,12,0.16666666666666666,0.16666666666666666,7.0,23.0,0.434,1.0,0.0,0.0
CUST_01544,4594,E-commerce,North America,Enterprise,21,1,Enterprise,999.0,70.83333333333333,159,0.875,0.2881944444444444,9.0,16.0,0.628,1.0,0.434,2.857
CUST_01545,31,Education,North America,SMB,23,0,Basic,29.0,27.25,46,0.08333333333333333,0.020833333333333332,7.0,35.0,0.642,1.0,0.0,0.0
CUST_01546,4580,Healthcare,North America,Enterprise,12,0,Pro,299.0,55.30769230769231,63,0.46153846153846156,0.14102564102564102,7.0,23.0,0.624,1.0,3.545,1.083
CUST_01547,2,Finance,Europe,SMB,10,0,Basic,29.0,23.363636363636363,19,0.09090909090909091,0.0,8.0,11.0,0.321,1.0,0.0,0.0
CUST_01548,216,Technology,North America,Mid-market,12,0,Basic,49.0,37.38461538461539,49,0.38461538461538464,0.11538461538461539,7.0,29.0,0.736,1.0,0.0,0.0
CUST_01549,316,E-commerce,Latin America,Mid-market,4,0,Pro,199.0,31.4,14,0.6,0.2,7.0,23.0,0.812,1.0,2.5,1.667
CUST_01550,4,Education,Europe,SMB,13,0,Basic,29.0,24.642857142857142,27,0.07142857142857142,0.0,7.0,23.0,0.588,1.0,0.0,0.0
CUST_01551,3657,Retail,North America,Enterprise,7,0,Pro,299.0,67.0,35,0.625,0.625,7.0,23.0,0.687,1.0,0.8,0.8
CUST_01552,299,Retail,Europe,Mid-market,5,0,Pro,199.0,36.166666666666664,14,0.16666666666666666,0.16666666666666666,7.0,23.0,0.415,1.0,3.0,3.0
CUST_01553,16,Finance,Europe,SMB,6,0,Basic,29.0,20.571428571428573,15,0.2857142857142857,0.07142857142857142,7.0,23.0,0.656,1.0,0.0,0.0
CUST_01554,7,E-commerce,Europe,SMB,2,0,Basic,29.0,17.666666666666668,2,0.6666666666666666,0.3333333333333333,7.0,23.0,0.792,1.0,1.5,1.5
CUST_01555,417,Finance,Europe,Mid-market,15,0,Pro,199.0,38.375,50,0.1875,0.125,7.0,23.0,0.769,1.0,4.0,2.667
CUST_01556,31,Healthcare,Europe,SMB,1,0,Basic,29.0,12.0,0,0.0,0.0,7.0,23.0,1.0,1.0,0.0,0.0
CUST_01557,32,Retail,North America,SMB,3,1,Basic,29.0,16.25,7,0.25,0.25,7.0,23.0,0.708,1.0,0.0,0.0
CUST_01558,8,Retail,North America,SMB,12,0,Basic,29.0,24.23076923076923,33,0.07692307692307693,0.07692307692307693,4.0,-11.0,0.392,1.0,0.0,0.0
CUST_01559,15,Healthcare,Europe,SMB,21,1,Pro,99.0,22.541666666666668,39,0.375,0.08333333333333333,8.0,40.0,0.821,1.0,0.0,0.0
CUST_01560,6,E-commerce,Europe,SMB,20,0,Basic,29.0,25.047619047619047,43,0.19047619047619047,0.0,7.0,23.0,0.898,1.0,0.0,2.625
CUST_01561,254,Education,Europe,Mid-market,6,1,Basic,49.0,28.142857142857142,23,0.42857142857142855,0.21428571428571427,7.0,23.0,0.924,1.0,2.333,1.167
CUST_01562,417,Technology,North America,Mid-market,7,0,Pro,199.0,44.875,32,0.125,0.0,7.0,23.0,0.646,1.0,0.0,4.0
CUST_01563,35,Education,Asia-Pacific,SMB,16,0,Pro,99.0,22.941176470588236,27,0.35294117647058826,0.17647058823529413,7.0,36.0,0.676,1.0,0.0,0.0
CUST_01564,4391,Education,North America,Enterprise,14,0,Enterprise,999.0,59.8,85,0.6666666666666666,0.3,7.0,23.0,0.644,1.0,2.5,2.25
CUST_01565,1,Finance,Europe,SMB,18,0,Basic,29.0,26.210526315789473,29,0.3684210526315789,0.08771929824561403,7.0,23.0,0.458,1.0,0.0,0.0
CUST_01566,43,Education,Europe,SMB,16,0,Basic,29.0,23.941176470588236,33,0.23529411764705882,0.029411764705882353,8.0,46.0,0.459,1.0,0.0,0.0
CUST_01567,49,Retail,Asia-Pacific,SMB,1,0,Basic,29.0,17.5,1,0.0,0.0,7.0,23.0,1.0,1.0,0.0,0.0
CUST_01568,293,Finance,North America,Mid-market,3,1,Pro,199.0,40.25,8,0.5,0.25,7.0,23.0,0.696,1.0,2.0,2.0
CUST_01569,17,E-commerce,North America,SMB,8,0,Enterprise,299.0,24.666666666666668,16,0.5555555555555556,0.2962962962962963,7.0,23.0,0.507,1.0,0.0,0.0
CUST_01570,191,Finance,Asia-Pacific,Mid-market,22,1,Basic,49.0,42.148148148148145,104,0.25925925925925924,0.16666666666666666,7.0,23.0,0.558,1.0,3.0,1.928
CUST_01571,68,E-commerce,Europe,Mid-market,12,0,Pro,199.0,32.92307692307692,53,0.3076923076923077,0.07692307692307693,7.0,23.0,0.364,1.0,0.0,0.0
CUST_01572,41,Technology,Europe,SMB,19,1,Enterprise,299.0,24.666666666666668,55,0.16666666666666666,0.08333333333333333,7.0,23.0,0.628,1.0,5.999,8.999
CUST_01573,46,Finance,Europe,SMB,2,1,Pro,99.0,14.333333333333334,3,0.3333333333333333,0.0,7.0,23.0,1.186,1.0,0.0,1.5
CUST_01574,416,Healthcare,North America,Mid-market,13,0,Basic,49.0,42.785714285714285,43,0.42857142857142855,0.2857142857142857,7.0,23.0,0.701,1.0,3.5,2.333
CUST_01575,3386,Technology,Latin America,Enterprise,5,1,Enterprise,999.0,72.66666666666667,42,0.7777777777777778,0.6666666666666666,8.0,29.0,0.702,1.0,1.5,1.286
CUST_01576,39,Education,North America,SMB,8,0,Pro,99.0,21.22222222222222,17,0.1111111111111111,0.0,7.0,23.0,0.518,1.0,0.0,0.0
CUST_01577,29,Finance,Asia-Pacific,SMB,2,1,Basic,29.0,9.6,5,0.0,0.0,7.0,23.0,1.042,1.0,0.0,0.0
CUST_01578,4854,E-commerce,Europe,Enterprise,10,0,Pro,299.0,55.36363636363637,69,0.45454545454545453,0.18181818181818182,7.0,23.0,0.515,1.0,2.75,2.2
CUST_01579,41,Retail,Europe,SMB,19,1,Basic,29.0,24.136363636363637,48,0.18181818181818182,0.045454545454545456,7.0,23.0,0.787,1.0,0.0,0.0
CUST_01580,27,Finance,North America,SMB,12,0,Pro,99.0,19.923076923076923,26,0.3076923076923077,0.0,7.0,20.0,0.427,1.0,0.0,1.625
CUST_01581,29,Technology,North America,SMB,10,0,Basic,29.0,22.545454545454547,27,0.09090909090909091,0.0,7.0,23.0,0.732,1.0,0.0,0.0
CUST_01582,21,Retail,Asia-Pacific,SMB,1,0,Basic,29.0,13.5,2,0.0,0.0,7.0,23.0,1.0,1.0,0.0,0.0
CUST_01583,385,Technology,North America,Mid-market,0,0,Pro,199.0,38.0,1,0.0,0.0,7.0,23.0,1.0,1.0,0.0,0.0
CUST_01584,18,Education,Asia-Pacific,SMB,9,0,Pro,99.0,20.4,20,0.1,0.0,7.0,23.0,0.858,1.0,0.0,0.0
CUST_01585,48,Retail,Europe,SMB,2,0,Pro,99.0,22.333333333333332,4,0.3333333333333333,0.0,7.0,23.0,1.276,1.0,0.0,1.5
CUST_01586,14,Healthcare,North America,SMB,14,1,Basic,29.0,26.36842105263158,33,0.47368421052631576,0.07894736842105263,7.0,23.0,0.683,1.0,0.0,1.056
CUST_01587,249,E-commerce,Europe,Mid-market,16,0,Basic,49.0,45.8235294117647,53,0.29411764705882354,0.17647058823529413,7.0,23.0,0.524,1.0,2.833,1.7
CUST_01588,3,Technology,Europe,SMB,6,0,Pro,99.0,23.571428571428573,13,0.0,0.0,7.0,23.0,0.361,1.0,0.0,0.0
CUST_01589,211,Education,Asia-Pacific,Mid-market,10,0,Pro,199.0,45.54545454545455,32,0.2727272727272727,0.13636363636363635,10.0,38.0,0.681,1.0,0.0,0.0
CUST_01590,292,Healthcare,North America,Mid-market,21,1,Enterprise,499.0,40.666666666666664,89,0.4166666666666667,0.375,8.0,25.0,0.701,1.0,1.333,1.2
CUST_01591,131,Finance,North America,Mid-market,7,1,Enterprise,499.0,31.4,43,0.3,0.05,7.0,23.0,0.43,1.0,0.0,0.0
CUST_01592,26,Retail,North America,SMB,6,0,Basic,29.0,23.571428571428573,11,0.14285714285714285,0.0,7.0,23.0,0.552,1.0,0.0,3.5
CUST_01593,12,Healthcare,Europe,SMB,7,0,Basic,29.0,22.5,17,0.5,0.3125,7.0,23.0,0.822,1.0,1.6,1.0
CUST_01594,28,Education,Asia-Pacific,SMB,5,1,Basic,29.0,15.666666666666666,9,0.16666666666666666,0.0,7.0,23.0,0.83,1.0,0.0,3.0
CUST_01595,28,Finance,Europe,SMB,23,1,Basic,29.0,25.142857142857142,35,0.2857142857142857,0.14285714285714285,7.0,23.0,0.437,1.0,0.0,0.0
CUST_01596,41,Healthcare,Latin America,SMB,13,0,Pro,99.0,20.357142857142858,22,0.35714285714285715,0.0,7.0,23.0,0.467,1.0,0.0,4.2
CUST_01597,23,Retail,North America,SMB,4,1,Basic,29.0,21.2,10,0.0,0.0,7.0,23.0,0.613,1.0,0.0,0.0
CUST_01598,23,Technology,Asia-Pacific,SMB,12,0,Pro,99.0,18.615384615384617,22,0.15384615384615385,0.07692307692307693,7.0,23.0,0.752,1.0,0.0,0.0
CUST_01599,29,Technology,North America,SMB,5,0,Basic,29.0,21.666666666666668,7,0.0,0.0,7.0,23.0,0.785,1.0,0.0,0.0
CUST_01600,9,Retail,Asia-Pacific,SMB,1,0,Basic,29.0,11.5,1,0.0,0.0,7.0,23.0,1.0,1.0,0.0,0.0
CUST_01601,4,E-commerce,North America,SMB,8,0,Basic,29.0,24.22222222222222,12,0.0,0.0,7.0,38.0,0.867,1.0,0.0,0.0
CUST_01602,24,E-commerce,North America,SMB,21,0,Basic,29.0,26.59090909090909,40,0.3181818181818182,0.06818181818181818,7.0,23.0,0.715,1.0,0.0,0.0
CUST_01603,26,Retail,North America,SMB,21,0,Basic,29.0,22.40909090909091,28,0.13636363636363635,0.045454545454545456,7.0,23.0,0.647,1.0,0.0,3.666
CUST_01604,10,Education,Latin America,SMB,13,0,Basic,29.0,23.785714285714285,20,0.2857142857142857,0.07142857142857142,5.0,6.0,0.547,1.0,0.0,0.0
CUST_01605,14,Technology,Asia-Pacific,SMB,9,1,Basic,29.0,27.3,20,0.2,0.1,7.0,23.0,0.403,1.0,0.0,0.0
CUST_01606,68,E-commerce,Europe,Mid-market,6,0,Basic,49.0,30.0,13,0.0,0.0,8.0,32.0,0.567,1.0,0.0,0.0
CUST_01607,323,E-commerce,Europe,Mid-market,21,1,Basic,49.0,39.88461538461539,94,0.6153846153846154,0.15384615384615385,8.0,35.0,0.652,1.0,0.0,0.812
CUST_01608,496,Retail,North America,Mid-market,10,0,Basic,49.0,39.90909090909091,35,0.2727272727272727,0.09090909090909091,7.0,23.0,0.426,1.0,0.0,0.0
CUST_01609,34,Finance,North America,SMB,10,0,Pro,99.0,23.545454545454547,18,0.18181818181818182,0.0,7.0,23.0,0.531,1.0,0.0,0.0
CUST_01610,22,E-commerce,North America,SMB,11,0,Basic,29.0,28.75,17,0.08333333333333333,0.08333333333333333,6.0,1.0,0.783,1.0,0.0,0.0
CUST_01611,10,Finance,Europe,SMB,19,0,Basic,29.0,23.25,42,0.2,0.0,7.0,23.0,0.731,1.0,0.0,7.5
CUST_01612,49,Healthcare,North America,SMB,1,1,Pro,99.0,17.5,0,0.0,0.0,7.0,23.0,1.0,1.0,0.0,0.0
CUST_01613,25,Healthcare,North America,SMB,11,0,Basic,29.0,18.25,21,0.25,0.16666666666666666,5.0,-9.0,0.493,1.0,0.0,2.0
CUST_01614,35,Healthcare,Latin America,SMB,17,1,Pro,99.0,22.454545454545453,41,0.2727272727272727,0.09090909090909091,7.0,23.0,0.646,1.0,5.499,1.833
CUST_01615,34,Healthcare,Latin America,SMB,22,1,Basic,29.0,27.08,41,0.24,0.08,7.0,23.0,0.812,1.0,0.0,0.0
CUST_01616,31,E-commerce,North America,SMB,7,1,Basic,29.0,25.125,15,0.125,0.0,7.0,23.0,0.756,1.0,0.0,0.0
CUST_01617,18,Retail,Asia-Pacific,SMB,10,0,Enterprise,299.0,21.272727272727273,15,0.36363636363636365,0.045454545454545456,7.0,23.0,0.564,1.0,0.0,0.0
CUST_01618,1,Education,Latin America,SMB,14,0,Basic,29.0,25.6,22,0.13333333333333333,0.06666666666666667,7.0,23.0,0.293,1.0,0.0,0.0
CUST_01619,43,Retail,Latin America,SMB,23,1,Basic,29.0,23.0,46,0.11538461538461539,0.07692307692307693,5.0,19.0,0.63,1.0,0.0,0.0
CUST_01620,7,Education,North America,SMB,1,1,Basic,29.0,15.5,2,0.5,0.0,7.0,23.0,1.0,1.0,0.0,1.0
CUST_01621,1829,Technology,North America,Enterprise,6,0,Enterprise,999.0,54.142857142857146,48,0.42857142857142855,0.2857142857142857,9.0,42.0,0.6,1.0,0.0,0.0
CUST_01622,24,Finance,North America,SMB,17,0,Basic,29.0,28.333333333333332,34,0.1111111111111111,0.05555555555555555,7.0,23.0,0.724,1.0,0.0,0.0
CUST_01623,37,Healthcare,Latin America,SMB,11,1,Basic,29.0,23.666666666666668,20,0.3333333333333333,0.16666666666666666,6.0,7.0,1.014,1.0,0.0,1.5
CUST_01624,25,Retail,North America,SMB,6,0,Pro,99.0,23.428571428571427,18,0.0,0.0,7.0,23.0,0.598,1.0,0.0,0.0
CUST_01625,3583,Finance,Latin America,Enterprise,22,1,Enterprise,999.0,71.0,170,0.48,0.34,7.0,-5.0,0.606,1.0,0.0,1.042
CUST_01626,12,Healthcare,North America,SMB,10,0,Basic,29.0,21.0,21,0.2727272727272727,0.09090909090909091,7.0,23.0,0.595,1.0,0.0,0.0
CUST_01627,770,Technology,North America,Enterprise,14,0,Enterprise,999.0,56.93333333333333,91,0.4666666666666667,0.26666666666666666,7.0,15.0,0.492,1.0,3.75,3.214
CUST_01628,6,Healthcare,Asia-Pacific,SMB,8,0,Basic,29.0,15.333333333333334,11,0.1111111111111111,0.0,7.0,23.0,0.424,1.0,0.0,0.0
CUST_01629,32,Retail,North America,SMB,18,0,Basic,29.0,27.263157894736842,26,0.10526315789473684,0.0,7.0,23.0,0.495,1.0,0.0,4.75
CUST_01630,276,Education,North America,Mid-market,13,1,Pro,199.0,42.125,52,0.4375,0.3125,7.0,23.0,0.629,1.0,0.0,0.0
CUST_01631,15,Technology,Europe,SMB,3,1,Basic,29.0,20.25,7,0.5,0.5,7.0,23.0,0.864,1.0,1.0,1.0
CUST_01632,23,Healthcare,Latin America,SMB,0,0,Basic,29.0,11.0,2,0.0,0.0,7.0,23.0,1.0,1.0,0.0,0.0
CUST_01633,3507,Education,North America,Enterprise,10,0,Basic,99.0,52.18181818181818,68,0.7272727272727273,0.45454545454545453,7.0,23.0,0.498,1.0,2.2,2.062
CUST_01634,31,Retail,North America,SMB,8,1,Basic,29.0,22.454545454545453,21,0.09090909090909091,0.09090909090909091,7.0,23.0,0.868,1.0,0.0,0.0
CUST_01635,123,Education,North America,Mid-market,5,0,Basic,49.0,37.0,14,0.16666666666666666,0.16666666666666666,7.0,23.0,0.797,1.0,0.0,0.0
CUST_01636,231,Retail,Asia-Pacific,Mid-market,18,0,Pro,199.0,48.8421052631579,73,0.5263157894736842,0.23684210526315788,7.0,23.0,0.358,1.0,1.056,2.85
CUST_01637,36,Technology,Latin America,SMB,3,0,Basic,29.0,22.75,5,0.0,0.0,7.0,23.0,0.791,1.0,0.0,0.0
CUST_01638,33,Retail,North America,SMB,1,0,Basic,29.0,15.0,1,0.0,0.0,7.0,23.0,1.0,1.0,0.0,0.0
CUST_01639,11,E-commerce,Europe,SMB,8,1,Pro,99.0,21.444444444444443,12,0.2222222222222222,0.2222222222222222,7.0,23.0,0.583,1.0,0.0,0.0
CUST_01640,21,Finance,Latin America,SMB,2,1,Basic,29.0,7.0,4,0.3333333333333333,0.0,7.0,23.0,0.714,1.0,0.0,1.5
CUST_01641,12,Finance,Europe,SMB,8,1,Pro,99.0,16.90909090909091,14,0.7272727272727273,0.09090909090909091,7.0,23.0,0.769,1.0,5.499,1.375
CUST_01642,186,Finance,Asia-Pacific,Mid-market,1,0,Basic,49.0,32.0,6,1.0,0.5,7.0,23.0,1.0,1.0,1.0,1.0
CUST_01643,199,Education,Europe,Mid-market,17,1,Basic,49.0,40.1,61,0.2,0.1,6.0,21.0,0.411,1.0,0.0,0.0
CUST_01644,18,Healthcare,Europe,SMB,1,1,Basic,29.0,19.0,2,0.0,0.0,7.0,23.0,1.0,1.0,0.0,0.0
CUST_01645,3,Technology,Latin America,SMB,2,0,Basic,29.0,14.666666666666666,1,0.0,0.0,7.0,23.0,0.784,1.0,0.0,0.0
CUST_01646,25,Healthcare,North America,SMB,13,0,Basic,29.0,26.571428571428573,19,0.21428571428571427,0.14285714285714285,7.0,23.0,0.734,1.0,0.0,0.0
CUST_01647,19,Finance,North America,SMB,1,1,Basic,29.0,15.5,1,0.0,0.0,7.0,23.0,1.0,1.0,0.0,0.0
CUST_01648,47,Education,Latin America,SMB,9,0,Pro,99.0,25.9,19,0.3,0.15,10.0,46.0,0.521,1.0,0.0,0.0
CUST_01649,4,Finance,Europe,SMB,5,0,Basic,29.0,17.833333333333332,9,0.3333333333333333,0.16666666666666666,7.0,23.0,0.981,1.0,0.0,1.5
CUST_01650,43,Finance,Asia-Pacific,SMB,3,1,Basic,29.0,16.0,3,0.25,0.0,7.0,23.0,1.219,1.0,0.0,2.0
CUST_01651,48,Finance,Latin America,SMB,1,0,Basic,29.0,6.5,0,0.5,0.5,7.0,23.0,1.0,1.0,1.0,1.0
CUST_01652,447,Technology,Europe,Mid-market,5,0,Enterprise,499.0,31.5,16,0.3333333333333333,0.16666666666666666,7.0,23.0,1.079,1.0,0.0,0.0
CUST_01653,6,Retail,North America,SMB,15,0,Pro,99.0,24.6875,25,0.3125,0.09375,7.0,23.0,0.608,1.0,0.0,1.6
CUST_01654,2227,Healthcare,North America,Enterprise,16,0,Enterprise,999.0,76.70588235294117,115,0.5882352941176471,0.29411764705882354,7.0,23.0,0.319,1.0,1.7,1.7
CUST_01655,4,E-commerce,Europe,SMB,23,0,Basic,29.0,27.333333333333332,46,0.2916666666666667,0.041666666666666664,7.0,23.0,0.64,1.0,0.0,1.714
CUST_01656,263,Retail,Europe,Mid-market,8,0,Enterprise,499.0,37.666666666666664,20,0.3333333333333333,0.1111111111111111,7.0,23.0,0.69,1.0,0.0,0.0
CUST_01657,18,E-commerce,Europe,SMB,9,0,Basic,29.0,18.6,24,0.2,0.1,7.0,23.0,0.753,1.0,0.0,0.0
CUST_01658,35,Healthcare,North America,SMB,20,1,Basic,29.0,20.956521739130434,39,0.2608695652173913,0.06521739130434782,6.0,37.0,0.811,1.0,0.0,0.0
CUST_01659,23,Finance,Europe,SMB,10,0,Basic,29.0,23.363636363636363,15,0.0,0.0,7.0,23.0,0.278,1.0,0.0,0.0
CUST_01660,241,E-commerce,Latin America,Mid-market,2,0,Pro,199.0,31.666666666666668,5,0.0,0.0,7.0,23.0,1.058,1.0,0.0,0.0
CUST_01661,19,Finance,North America,SMB,21,0,Basic,29.0,25.59090909090909,37,0.3181818181818182,0.022727272727272728,7.0,23.0,0.449,1.0,0.0,0.0
CUST_01662,217,Healthcare,Europe,Mid-market,4,0,Pro,199.0,24.8,14,0.2,0.0,7.0,23.0,0.968,1.0,0.0,0.0
CUST_01663,2922,Finance,North America,Enterprise,16,0,Enterprise,999.0,66.29411764705883,122,0.29411764705882354,0.14705882352941177,7.0,23.0,0.641,1.0,0.0,0.0
CUST_01664,440,Finance,North America,Mid-market,3,1,Pro,199.0,26.5,12,0.25,0.25,7.0,23.0,0.906,1.0,0.0,0.0
CUST_01665,4,E-commerce,Europe,SMB,3,1,Basic,29.0,11.666666666666666,8,0.0,0.0,7.0,23.0,0.686,1.0,0.0,0.0
CUST_01666,8,Education,Latin America,SMB,14,0,Basic,29.0,27.666666666666668,19,0.26666666666666666,0.13333333333333333,7.0,23.0,0.56,1.0,0.0,0.0
CUST_01667,145,Education,North America,Mid-market,17,0,Pro,199.0,37.111111111111114,61,0.4444444444444444,0.2222222222222222,7.0,23.0,0.458,1.0,0.0,0.0
CUST_01668,5,Education,North America,SMB,10,1,Basic,29.0,21.0,23,0.2727272727272727,0.18181818181818182,7.0,23.0,0.714,1.0,0.0,0.0
CUST_01669,8,E-commerce,Europe,SMB,4,0,Basic,29.0,23.4,3,0.4,0.4,7.0,23.0,0.791,1.0,2.5,2.5
CUST_01670,1751,E-commerce,North America,Enterprise,10,0,Enterprise,999.0,73.72727272727273,78,0.45454545454545453,0.13636363636363635,7.0,23.0,0.868,1.0,0.0,0.0
CUST_01671,94,E-commerce,Asia-Pacific,Mid-market,2,1,Pro,199.0,30.2,18,0.0,0.0,7.0,23.0,0.927,1.0,0.0,0.0
CUST_01672,46,Education,Asia-Pacific,SMB,3,0,Basic,29.0,14.75,7,0.0,0.0,7.0,23.0,0.983,1.0,0.0,0.0
CUST_01673,1906,Technology,Asia-Pacific,Enterprise,19,0,Pro,299.0,64.25,143,0.55,0.5,9.0,32.0,0.716,1.0,1.0,0.909
CUST_01674,24,Retail,North America,SMB,12,1,Pro,99.0,23.0,19,0.15384615384615385,0.07692307692307693,7.0,23.0,0.413,1.0,0.0,0.0
CUST_01675,49,Finance,Latin America,SMB,4,0,Pro,99.0,18.6,10,0.0,0.0,7.0,23.0,0.645,1.0,0.0,0.0
CUST_01676,432,E-commerce,North America,Mid-market,1,0,Enterprise,499.0,21.5,4,0.0,0.0,7.0,23.0,1.0,1.0,0.0,0.0
CUST_01677,321,Retail,North America,Mid-market,18,1,Enterprise,499.0,41.95238095238095,79,0.3333333333333333,0.19047619047619047,9.0,38.0,0.596,1.0,2.625,1.5
CUST_01678,26,Healthcare,Asia-Pacific,SMB,23,0,Pro,99.0,25.541666666666668,47,0.08333333333333333,0.041666666666666664,7.0,23.0,0.47,1.0,11.997,5.999
CUST_01679,126,Finance,North America,Mid-market,14,1,Pro,199.0,41.470588235294116,49,0.29411764705882354,0.058823529411764705,7.0,23.0,0.735,1.0,0.0,0.0
CUST_01680,7,Healthcare,Asia-Pacific,SMB,6,0,Basic,29.0,15.142857142857142,10,0.14285714285714285,0.14285714285714285,7.0,25.0,1.024,1.0,0.0,0.0
CUST_01681,40,Education,North America,SMB,0,0,Basic,29.0,7.0,0,0.0,0.0,7.0,23.0,1.0,1.0,0.0,0.0
CUST_01682,2615,Retail,Latin America,Enterprise,10,0,Enterprise,999.0,75.72727272727273,67,0.5454545454545454,0.2727272727272727,7.0,23.0,0.753,1.0,1.833,1.833
CUST_01683,15,Retail,Latin America,SMB,8,1,Basic,29.0,25.444444444444443,20,0.1111111111111111,0.0,7.0,23.0,0.511,1.0,0.0,0.0
CUST_01684,6,Finance,Asia-Pacific,SMB,2,1,Enterprise,299.0,15.333333333333334,2,0.3333333333333333,0.3333333333333333,7.0,23.0,1.174,1.0,0.0,0.0
CUST_01685,11,Retail,North America,SMB,7,1,Enterprise,299.0,23.375,17,0.25,0.0625,7.0,23.0,0.513,1.0,0.0,0.0
CUST_01686,18,Finance,Latin America,SMB,12,1,Basic,29.0,23.076923076923077,20,0.38461538461538464,0.0,6.0,14.0,0.39,1.0,0.0,0.0
CUST_01687,21,Healthcare,Europe,SMB,20,1,Pro,99.0,26.130434782608695,32,0.17391304347826086,0.06521739130434782,7.0,23.0,0.459,1.0,0.0,0.0
CUST_01688,21,Retail,Europe,SMB,3,1,Basic,29.0,22.5,7,0.3333333333333333,0.16666666666666666,7.0,23.0,0.822,1.0,0.0,1.5
CUST_01689,92,Finance,North America,Mid-market,19,0,Enterprise,499.0,36.65,68,0.3,0.2,8.0,28.0,0.723,1.0,0.0,0.0
CUST_01690,4,Education,North America,SMB,10,0,Basic,29.0,18.727272727272727,15,0.18181818181818182,0.09090909090909091,7.0,23.0,0.854,1.0,0.0,2.75
CUST_01691,30,Education,Asia-Pacific,SMB,5,0,Pro,99.0,18.5,4,0.0,0.0,7.0,23.0,0.622,1.0,0.0,0.0
CUST_01692,192,E-commerce,Asia-Pacific,Mid-market,21,0,Pro,199.0,45.40909090909091,74,0.09090909090909091,0.09090909090909091,6.0,-8.0,0.826,1.0,5.499,5.499
CUST_01693,49,Finance,North America,SMB,11,0,Enterprise,299.0,20.642857142857142,14,0.07142857142857142,0.0,7.0,23.0,0.606,1.0,0.0,6.999
CUST_01694,27,Technology,Europe,SMB,5,1,Enterprise,299.0,24.0,12,0.25,0.0625,7.0,23.0,0.562,1.0,3.999,4.0
CUST_01695,169,Retail,Asia-Pacific,Mid-market,8,0,Basic,49.0,40.22222222222222,28,0.2222222222222222,0.05555555555555555,7.0,23.0,0.721,1.0,0.0,0.0
CUST_01696,41,Finance,North America,SMB,22,0,Pro,99.0,27.52173913043478,30,0.0,0.0,8.0,32.0,0.509,1.0,0.0,0.0
CUST_01697,21,Technology,North America,SMB,6,1,Basic,29.0,21.818181818181817,25,0.18181818181818182,0.18181818181818182,7.0,23.0,0.779,1.0,2.75,2.75
CUST_01698,205,Finance,North America,Mid-market,0,0,Basic,49.0,32.0,3,1.0,1.0,7.0,23.0,1.0,1.0,1.0,1.0
CUST_01699,49,Education,North America,SMB,6,0,Basic,29.0,25.857142857142858,15,0.2857142857142857,0.0,7.0,23.0,0.754,1.0,0.0,1.75
CUST_01700,47,Retail,Europe,SMB,21,1,Pro,99.0,25.791666666666668,42,0.25,0.041666666666666664,7.0,23.0,0.426,1.0,0.0,0.0
CUST_01701,94,Education,Europe,Mid-market,7,1,Basic,49.0,30.0,33,0.125,0.0,7.0,23.0,0.367,1.0,0.0,4.0
CUST_01702,47,E-commerce,Europe,SMB,13,0,Basic,29.0,26.0,19,0.07142857142857142,0.0,7.0,9.0,0.904,1.0,0.0,0.0
CUST_01703,266,Technology,Latin America,Mid-market,1,0,Enterprise,499.0,16.0,3,0.0,0.0,7.0,23.0,1.0,1.0,0.0,0.0
CUST_01704,154,Retail,North America,Mid-market,13,0,Basic,49.0,40.57142857142857,42,0.5,0.13095238095238096,10.0,34.0,0.542,1.0,0.0,0.0
CUST_01705,14,Technology,North America,SMB,22,0,Basic,29.0,25.565217391304348,39,0.13043478260869565,0.06521739130434782,5.0,-23.0,0.802,1.0,7.665,3.833
CUST_01706,4980,Finance,North America,Enterprise,4,0,Enterprise,999.0,46.6,27,0.0,0.0,7.0,23.0,0.526,1.0,0.0,0.0
CUST_01707,34,Healthcare,Europe,SMB,22,0,Basic,29.0,23.52173913043478,37,0.13043478260869565,0.08695652173913043,7.0,23.0,0.68,1.0,0.0,0.0
CUST_01708,42,Healthcare,Europe,SMB,20,1,Pro,99.0,25.88,40,0.36,0.06,7.0,23.0,0.444,1.0,0.0,1.389
CUST_01709,3166,Finance,North America,Enterprise,14,1,Enterprise,999.0,61.411764705882355,119,0.6470588235294118,0.4411764705882353,7.0,23.0,0.472,1.0,2.267,2.318
CUST_01710,300,Healthcare,Europe,Mid-market,19,1,Pro,199.0,41.81818181818182,67,0.22727272727272727,0.18181818181818182,9.0,34.0,0.598,1.0,0.0,0.0
CUST_01711,49,Finance,Europe,SMB,14,1,Basic,29.0,21.941176470588236,30,0.23529411764705882,0.11764705882352941,7.0,23.0,0.41,1.0,0.0,2.125
CUST_01712,12,Retail,Asia-Pacific,SMB,1,1,Pro,99.0,15.0,4,0.0,0.0,7.0,23.0,1.0,1.0,0.0,0.0
CUST_01713,34,Education,Europe,SMB,9,1,Basic,29.0,16.4,25,0.3,0.1,7.0,23.0,1.128,1.0,0.0,0.0
CUST_01714,16,Education,North America,SMB,3,1,Basic,29.0,24.25,4,0.0,0.0,7.0,23.0,0.722,1.0,0.0,0.0
CUST_01715,8,Healthcare,North America,SMB,9,1,Enterprise,299.0,23.4,16,0.1,0.0,7.0,23.0,0.577,1.0,0.0,0.0
CUST_01716,28,Technology,Asia-Pacific,SMB,5,1,Basic,29.0,26.166666666666668,9,0.5,0.0,7.0,23.0,0.497,1.0,0.0,1.0
CUST_01717,16,Technology,North America,SMB,23,0,Basic,29.0,24.166666666666668,52,0.125,0.041666666666666664,8.0,33.0,0.766,1.0,0.0,4.0
CUST_01718,23,Education,North America,SMB,6,0,Pro,99.0,21.428571428571427,15,0.14285714285714285,0.14285714285714285,7.0,23.0,0.957,1.0,0.0,0.0
CUST_01719,2575,Retail,North America,Enterprise,23,0,Enterprise,999.0,67.66666666666667,169,0.7083333333333334,0.3958333333333333,7.0,40.0,0.362,1.0,1.263,2.823
CUST_01720,33,Finance,Europe,SMB,8,0,Basic,29.0,21.333333333333332,16,0.4444444444444444,0.2222222222222222,7.0,23.0,0.445,1.0,2.25,2.25
CUST_01721,10,Technology,North America,SMB,14,0,Pro,99.0,23.333333333333332,18,0.2,0.2,7.0,23.0,0.407,1.0,0.0,0.0
CUST_01722,381,Education,Latin America,Mid-market,12,0,Enterprise,499.0,41.15384615384615,35,0.3076923076923077,0.0,7.0,23.0,0.328,1.0,0.0,0.0
CUST_01723,22,E-commerce,North America,SMB,12,0,Basic,29.0,22.076923076923077,22,0.15384615384615385,0.07692307692307693,7.0,23.0,0.77,1.0,6.499,3.25
CUST_01724,40,E-commerce,North America,SMB,20,0,Pro,99.0,24.428571428571427,37,0.19047619047619047,0.0,7.0,23.0,0.553,1.0,0.0,0.0
CUST_01725,276,Technology,Asia-Pacific,Mid-market,3,0,Basic,49.0,38.0,9,0.25,0.25,7.0,23.0,0.921,1.0,2.0,2.0
CUST_01726,24,Retail,Asia-Pacific,SMB,6,0,Basic,29.0,19.0,7,0.0,0.0,7.0,23.0,0.816,1.0,0.0,0.0
CUST_01727,4235,Retail,Asia-Pacific,Enterprise,14,0,Enterprise,999.0,75.26666666666667,90,0.4666666666666667,0.26666666666666666,8.0,63.0,0.458,1.0,3.75,2.143
CUST_01728,305,Healthcare,Asia-Pacific,Mid-market,2,0,Pro,199.0,21.0,5,0.3333333333333333,0.0,7.0,23.0,1.095,1.0,0.0,1.5
CUST_01729,43,E-commerce,North America,SMB,9,0,Basic,29.0,28.3,16,0.4,0.0,7.0,23.0,0.795,1.0,0.0,0.0
CUST_01730,15,Healthcare,Europe,SMB,6,1,Basic,29.0,19.333333333333332,6,0.1111111111111111,0.1111111111111111,7.0,23.0,0.698,1.0,0.0,0.0
CUST_01731,374,Retail,North America,Mid-market,2,0,Basic,49.0,19.333333333333332,6,0.0,0.0,7.0,23.0,1.138,1.0,0.0,0.0
CUST_01732,2831,Education,North America,Enterprise,4,1,Enterprise,999.0,62.285714285714285,46,0.2857142857142857,0.14285714285714285,7.0,23.0,0.779,1.0,3.5,1.75
CUST_01733,25,E-commerce,North America,SMB,8,0,Basic,29.0,21.88888888888889,15,0.0,0.0,7.0,23.0,0.434,1.0,0.0,0.0
CUST_01734,426,E-commerce,Europe,Mid-market,10,1,Basic,49.0,36.0,33,0.2727272727272727,0.13636363636363635,7.0,23.0,0.778,1.0,1.833,3.667
CUST_01735,442,Finance,North America,Mid-market,16,0,Pro,199.0,39.11764705882353,57,0.29411764705882354,0.058823529411764705,7.0,23.0,0.754,1.0,0.0,3.4
CUST_01736,6,E-commerce,North America,SMB,6,1,Basic,29.0,24.142857142857142,12,0.42857142857142855,0.07142857142857142,7.0,23.0,0.642,1.0,0.0,0.0
CUST_01737,1745,E-commerce,North America,Enterprise,19,0,Pro,299.0,86.6,118,0.35,0.35,7.0,23.0,0.566,1.0,1.429,1.429
CUST_01738,8,Finance,Europe,SMB,5,1,Basic,29.0,27.333333333333332,7,0.0,0.0,7.0,23.0,0.512,1.0,0.0,0.0
CUST_01739,5,Healthcare,Asia-Pacific,SMB,3,0,Basic,29.0,17.75,9,0.25,0.0,7.0,23.0,0.93,1.0,0.0,0.0
CUST_01740,2,Education,North America,SMB,2,1,Basic,29.0,18.333333333333332,5,0.0,0.0,7.0,23.0,0.982,1.0,0.0,0.0
CUST_01741,44,Finance,Asia-Pacific,SMB,4,1,Basic,29.0,18.8,8,0.2,0.2,5.0,30.0,0.851,1.0,2.5,2.5
CUST_01742,24,E-commerce,Asia-Pacific,SMB,16,0,Basic,29.0,25.235294117647058,28,0.11764705882352941,0.058823529411764705,6.0,16.0,0.476,1.0,0.0,0.0
CUST_01743,45,Technology,North America,SMB,23,0,Pro,99.0,27.291666666666668,39,0.041666666666666664,0.041666666666666664,7.0,23.0,0.751,1.0,0.0,0.0
CUST_01744,33,E-commerce,Europe,SMB,12,1,Pro,99.0,23.615384615384617,31,0.07692307692307693,0.0,8.0,24.0,0.55,1.0,0.0,0.0
CUST_01745,6,Finance,Europe,SMB,10,0,Basic,29.0,19.727272727272727,15,0.09090909090909091,0.0,6.0,13.0,0.532,1.0,0.0,0.0
CUST_01746,32,Technology,Europe,SMB,16,1,Pro,99.0,26.38095238095238,44,0.5714285714285714,0.19047619047619047,8.0,34.0,0.701,1.0,0.0,0.0
CUST_01747,12,Finance,North America,SMB,22,0,Pro,99.0,20.956521739130434,46,0.17391304347826086,0.0,7.0,23.0,0.406,1.0,0.0,0.0
CUST_01748,382,Finance,North America,Mid-market,1,0,Pro,199.0,16.5,3,0.0,0.0,7.0,23.0,1.0,1.0,0.0,0.0
CUST_01749,467,Retail,Europe,Mid-market,11,0,Pro,199.0,41.583333333333336,35,0.5,0.25,6.0,27.0,0.878,1.0,0.0,2.0
CUST_01750,19,Education,Asia-Pacific,SMB,12,0,Pro,99.0,23.846153846153847,25,0.15384615384615385,0.0,7.0,23.0,0.482,1.0,0.0,0.0
CUST_01751,226,Finance,North America,Mid-market,1,0,Pro,199.0,19.5,3,0.0,0.0,7.0,23.0,1.0,1.0,0.0,0.0
CUST_01752,8,Education,Europe,SMB,12,0,Basic,29.0,28.23076923076923,20,0.07692307692307693,0.0,7.0,23.0,0.744,1.0,0.0,0.0
CUST_01753,7,E-commerce,Europe,SMB,5,1,Basic,29.0,20.666666666666668,3,0.0,0.0,7.0,23.0,0.581,1.0,0.0,0.0
CUST_01754,377,E-commerce,Asia-Pacific,Mid-market,4,1,Basic,49.0,28.2,9,0.2,0.2,7.0,23.0,1.011,1.0,2.5,2.5
CUST_01755,13,Technology,Latin America,SMB,5,1,Basic,29.0,15.5,3,0.16666666666666666,0.16666666666666666,7.0,23.0,0.548,1.0,0.0,0.0
CUST_01756,47,Technology,North America,SMB,1,0,Pro,99.0,9.0,0,0.0,0.0,7.0,23.0,1.0,1.0,0.0,0.0
CUST_01757,4957,E-commerce,Europe,Enterprise,16,0,Pro,299.0,69.23529411764706,109,0.5882352941176471,0.47058823529411764,7.0,23.0,0.729,1.0,0.0,0.85
CUST_01758,6,Technology,North America,SMB,20,1,Pro,99.0,21.04,43,0.12,0.04,6.0,1.0,0.499,1.0,0.0,0.0
CUST_01759,27,Education,North America,SMB,2,1,Basic,29.0,15.666666666666666,3,0.0,0.0,7.0,23.0,1.117,1.0,0.0,0.0
CUST_01760,410,Education,North America,Mid-market,4,0,Basic,49.0,43.8,13,0.2,0.2,7.0,23.0,0.696,1.0,2.5,2.5
CUST_01761,13,Education,North America,SMB,17,0,Basic,29.0,22.72222222222222,25,0.3333333333333333,0.19444444444444445,8.0,21.0,0.44,1.0,3.857,4.5
CUST_01762,127,Healthcare,Europe,Mid-market,1,1,Pro,199.0,22.5,2,0.0,0.0,7.0,23.0,1.0,1.0,0.0,0.0
CUST_01763,307,E-commerce,Latin America,Mid-market,6,0,Basic,49.0,38.42857142857143,17,0.14285714285714285,0.14285714285714285,7.0,23.0,0.494,1.0,0.0,0.0
CUST_01764,25,E-commerce,Europe,SMB,12,0,Pro,99.0,24.46153846153846,23,0.15384615384615385,0.0,7.0,23.0,0.715,1.0,0.0,0.0
CUST_01765,138,Healthcare,North America,Mid-market,4,1,Pro,199.0,38.2,14,0.4,0.2,7.0,23.0,0.72,1.0,2.5,1.25
CUST_01766,299,Retail,North America,Mid-market,20,1,Pro,199.0,41.04347826086956,86,0.13043478260869565,0.043478260869565216,9.0,11.0,0.658,1.0,0.0,3.833
CUST_01767,12,E-commerce,Latin America,SMB,21,0,Pro,99.0,24.227272727272727,36,0.36363636363636365,0.18181818181818182,7.0,23.0,0.681,1.0,0.0,1.375
CUST_01768,40,E-commerce,Europe,SMB,11,1,Basic,29.0,18.0,18,0.25,0.16666666666666666,7.0,23.0,0.639,1.0,0.0,0.0
CUST_01769,237,Education,Europe,Mid-market,0,0,Pro,199.0,17.0,0,1.0,1.0,7.0,23.0,1.0,1.0,1.0,1.0
CUST_01770,22,Finance,Latin America,SMB,8,0,Pro,99.0,16.333333333333332,16,0.2222222222222222,0.1111111111111111,7.0,23.0,0.735,1.0,0.0,2.25
CUST_01771,3377,Education,North America,Enterprise,19,0,Pro,299.0,61.35,143,0.45,0.225,8.0,19.0,1.019,1.0,1.111,2.222
CUST_01772,34,Finance,Latin America,SMB,12,0,Basic,29.0,24.307692307692307,20,0.07692307692307693,0.0,7.0,23.0,0.658,1.0,0.0,0.0
CUST_01773,15,Technology,Latin America,SMB,18,0,Basic,29.0,24.842105263157894,43,0.3157894736842105,0.21052631578947367,7.0,23.0,0.684,1.0,2.375,1.583
CUST_01774,49,Retail,Asia-Pacific,SMB,11,0,Basic,29.0,22.25,19,0.5,0.125,7.0,23.0,0.517,1.0,0.0,0.0
CUST_01775,117,Healthcare,Europe,Mid-market,9,1,Pro,199.0,46.6,27,0.0,0.0,7.0,23.0,0.633,1.0,0.0,0.0
CUST_01776,36,Retail,Europe,SMB,13,0,Basic,29.0,22.428571428571427,20,0.07142857142857142,0.07142857142857142,7.0,23.0,0.49,1.0,0.0,0.0
CUST_01777,250,Education,North America,Mid-market,15,0,Pro,199.0,32.8125,44,0.4375,0.125,8.0,0.0,0.579,1.0,0.0,0.0
CUST_01778,127,Education,Asia-Pacific,Mid-market,16,1,Pro,199.0,40.666666666666664,73,0.5714285714285714,0.40476190476190477,7.0,23.0,0.307,1.0,0.0,0.0
CUST_01779,4496,Retail,Europe,Enterprise,9,0,Enterprise,999.0,60.7,64,0.2,0.2,7.0,23.0,0.733,1.0,2.5,2.5
CUST_01780,381,Education,North America,Mid-market,1,0,Pro,199.0,16.5,1,0.0,0.0,7.0,23.0,1.0,1.0,0.0,0.0
CUST_01781,2533,Technology,North America,Enterprise,3,0,Pro,299.0,62.5,18,0.25,0.25,7.0,23.0,0.928,1.0,2.0,2.0
CUST_01782,48,Technology,Europe,SMB,4,0,Basic,29.0,18.0,4,0.2,0.2,7.0,23.0,0.694,1.0,0.0,0.0
CUST_01783,38,Finance,Europe,SMB,7,0,Basic,29.0,23.125,14,0.125,0.125,6.0,14.0,0.303,1.0,4.0,4.0
CUST_01784,27,Retail,North America,SMB,0,0,Basic,29.0,10.0,1,0.0,0.0,7.0,23.0,1.0,1.0,0.0,0.0
CUST_01785,10,E-commerce,North America,SMB,9,0,Pro,99.0,18.7,16,0.0,0.0,7.0,23.0,1.23,1.0,0.0,0.0
CUST_01786,91,Education,North America,Mid-market,22,0,Basic,49.0,45.47826086956522,83,0.30434782608695654,0.21739130434782608,5.0,-11.0,0.473,1.0,0.0,1.643
CUST_01787,7,E-commerce,Latin America,SMB,11,1,Pro,99.0,22.583333333333332,24,0.3333333333333333,0.041666666666666664,7.0,23.0,0.399,1.0,0.0,0.0
CUST_01788,20,Healthcare,Asia-Pacific,SMB,18,0,Basic,29.0,28.789473684210527,30,0.15789473684210525,0.05263157894736842,7.0,23.0,0.538,1.0,0.0,0.0
CUST_01789,445,Retail,Asia-Pacific,Mid-market,20,0,Basic,49.0,41.76190476190476,77,0.3333333333333333,0.09523809523809523,6.0,8.0,0.67,1.0,0.0,1.5
CUST_01790,671,Finance,Latin America,Enterprise,6,0,Pro,299.0,54.0,37,0.14285714285714285,0.14285714285714285,7.0,23.0,0.769,1.0,0.0,0.0
CUST_01791,26,E-commerce,Europe,SMB,15,0,Basic,29.0,22.9375,38,0.1875,0.0625,7.0,23.0,0.545,1.0,0.0,0.0
CUST_01792,961,Healthcare,North America,Enterprise,22,1,Pro,299.0,66.12,179,0.56,0.38,9.0,25.0,0.726,1.0,2.632,1.786
CUST_01793,23,Technology,Latin America,SMB,9,1,Enterprise,299.0,27.4,15,0.3,0.0,7.0,23.0,0.547,1.0,0.0,3.333
CUST_01794,28,Finance,Asia-Pacific,SMB,5,0,Basic,29.0,22.333333333333332,14,0.16666666666666666,0.0,7.0,23.0,0.56,1.0,0.0,3.0
CUST_01795,44,Technology,North America,SMB,4,0,Basic,29.0,16.0,5,0.0,0.0,7.0,23.0,0.437,1.0,0.0,0.0
CUST_01796,3942,Finance,North America,Enterprise,9,0,Enterprise,999.0,72.0,69,0.3,0.3,7.0,23.0,0.84,1.0,0.0,0.0
CUST_01797,392,Retail,North America,Mid-market,2,0,Pro,199.0,25.666666666666668,6,1.0,0.0,7.0,23.0,0.994,1.0,0.0,1.5
CUST_01798,45,Retail,Europe,SMB,7,1,Basic,29.0,24.0,9,0.375,0.125,7.0,23.0,0.542,1.0,0.0,1.333
CUST_01799,70,Education,North America,Mid-market,11,0,Enterprise,499.0,37.666666666666664,35,0.08333333333333333,0.0,7.0,23.0,0.558,1.0,0.0,5.999
CUST_01800,40,E-commerce,Europe,SMB,2,0,Basic,29.0,16.0,1,0.0,0.0,7.0,23.0,0.875,1.0,0.0,0.0
CUST_01801,23,Retail,North America,SMB,3,0,Basic,29.0,19.5,8,0.0,0.0,7.0,23.0,0.974,1.0,0.0,0.0
CUST_01802,39,Education,North America,SMB,19,0,Basic,29.0,22.55,38,0.1,0.0,7.0,23.0,0.554,1.0,0.0,0.0
CUST_01803,6,Retail,Asia-Pacific,SMB,2,0,Basic,29.0,18.333333333333332,3,0.3333333333333333,0.3333333333333333,7.0,23.0,1.145,1.0,1.5,1.5
CUST_01804,39,Technology,Europe,SMB,4,0,Basic,29.0,19.0,8,0.0,0.0,7.0,23.0,0.711,1.0,0.0,0.0
CUST_01805,8,E-commerce,Europe,SMB,3,0,Basic,29.0,19.0,3,0.25,0.0,7.0,23.0,0.5,1.0,0.0,2.0
CUST_01806,4250,E-commerce,Europe,Enterprise,5,0,Enterprise,999.0,52.833333333333336,23,0.3333333333333333,0.3333333333333333,7.0,23.0,0.899,1.0,0.0,0.0
CUST_01807,26,Technology,Europe,SMB,18,1,Enterprise,299.0,24.047619047619047,34,0.14285714285714285,0.047619047619047616,5.0,-20.0,0.769,1.0,0.0,0.0
CUST_01808,929,Finance,Asia-Pacific,Enterprise,5,0,Pro,299.0,53.166666666666664,43,0.6666666666666666,0.4166666666666667,7.0,23.0,1.1,1.0,1.2,0.75
CUST_01809,48,Healthcare,Asia-Pacific,SMB,13,1,Basic,29.0,30.6875,27,0.5,0.25,7.0,23.0,0.587,1.0,0.0,1.0
CUST_01810,5,Technology,North America,SMB,14,0,Pro,99.0,21.266666666666666,15,0.4666666666666667,0.26666666666666666,7.0,-6.0,0.799,1.0,0.0,1.071
CUST_01811,2,E-commerce,Europe,SMB,8,1,Basic,29.0,21.333333333333332,13,0.5555555555555556,0.05555555555555555,7.0,23.0,0.469,1.0,0.0,1.8
CUST_01812,380,Education,North America,Mid-market,16,0,Enterprise,499.0,41.529411764705884,49,0.47058823529411764,0.20588235294117646,7.0,23.0,0.662,1.0,0.0,1.062
CUST_01813,1685,Retail,North America,Enterprise,3,0,Enterprise,999.0,52.25,26,0.5,0.25,7.0,23.0,0.89,1.0,0.0,1.0
CUST_01814,35,E-commerce,North America,SMB,17,0,Pro,99.0,24.666666666666668,36,0.3888888888888889,0.05555555555555555,8.0,18.0,0.547,1.0,0.0,1.286
CUST_01815,36,Retail,North America,SMB,10,1,Basic,29.0,26.0,17,0.07692307692307693,0.0,7.0,21.0,0.712,1.0,0.0,0.0
CUST_01816,37,E-commerce,North America,SMB,2,0,Basic,29.0,7.666666666666667,1,0.0,0.0,7.0,23.0,1.043,1.0,0.0,0.0
CUST_01817,13,Healthcare,Latin America,SMB,23,0,Basic,29.0,27.916666666666668,50,0.3333333333333333,0.25,7.0,26.0,0.34,1.0,0.0,0.0
CUST_01818,34,E-commerce,North America,SMB,7,0,Basic,29.0,16.0,12,0.0,0.0,7.0,23.0,0.969,1.0,0.0,0.0
CUST_01819,306,Finance,North America,Mid-market,2,0,Pro,199.0,20.0,6,0.3333333333333333,0.3333333333333333,7.0,23.0,1.0,1.0,1.5,1.5
CUST_01820,426,Education,Asia-Pacific,Mid-market,21,0,Pro,199.0,40.13636363636363,69,0.45454545454545453,0.25,9.0,35.0,1.034,1.0,0.0,0.0
CUST_01821,3,E-commerce,Latin America,SMB,3,0,Pro,99.0,21.0,7,0.0,0.0,7.0,23.0,1.095,1.0,0.0,0.0
CUST_01822,48,Education,Europe,SMB,1,0,Pro,99.0,10.5,2,0.5,0.0,7.0,23.0,1.0,1.0,0.0,1.0
CUST_01823,1286,Technology,Asia-Pacific,Enterprise,0,0,Basic,99.0,21.0,4,0.0,0.0,7.0,23.0,1.0,1.0,0.0,0.0
CUST_01824,35,Retail,North America,SMB,8,1,Basic,29.0,17.272727272727273,20,0.8181818181818182,0.18181818181818182,7.0,23.0,0.724,1.0,1.375,1.222
CUST_01825,40,Healthcare,Latin America,SMB,6,1,Basic,29.0,14.142857142857142,12,0.2857142857142857,0.07142857142857142,7.0,23.0,0.53,1.0,0.0,0.0
CUST_01826,361,Education,Europe,Mid-market,3,0,Pro,199.0,29.75,9,0.25,0.25,7.0,23.0,0.84,1.0,2.0,2.0
CUST_01827,12,Healthcare,Latin America,SMB,1,0,Basic,29.0,13.0,0,0.0,0.0,7.0,23.0,1.0,1.0,0.0,0.0
CUST_01828,3,Education,North America,SMB,10,0,Basic,29.0,27.727272727272727,28,0.09090909090909091,0.0,7.0,23.0,0.577,1.0,0.0,5.499
CUST_01829,27,Healthcare,North America,SMB,8,0,Basic,29.0,23.333333333333332,19,0.0,0.0,7.0,23.0,0.514,1.0,0.0,0.0
CUST_01830,22,E-commerce,Asia-Pacific,SMB,14,1,Basic,29.0,27.42105263157895,42,0.15789473684210525,0.07894736842105263,7.0,3.0,0.583,1.0,0.0,0.0
CUST_01831,37,Education,North America,SMB,10,0,Pro,99.0,25.636363636363637,14,0.2727272727272727,0.09090909090909091,7.0,23.0,0.41,1.0,0.0,0.0
CUST_01832,47,Education,Asia-Pacific,SMB,6,0,Basic,29.0,20.714285714285715,12,0.2857142857142857,0.14285714285714285,7.0,23.0,0.314,1.0,3.5,1.75
CUST_01833,19,Technology,North America,SMB,3,0,Pro,99.0,16.25,4,0.25,0.25,8.0,46.0,0.523,1.0,2.0,2.0
CUST_01834,308,Finance,Europe,Mid-market,3,1,Basic,49.0,33.25,10,0.25,0.25,7.0,23.0,0.812,1.0,2.0,2.0
CUST_01835,5,Healthcare,North America,SMB,8,0,Pro,99.0,24.333333333333332,16,0.1111111111111111,0.1111111111111111,7.0,23.0,0.555,1.0,0.0,0.0
CUST_01836,7,Technology,Asia-Pacific,SMB,13,0,Basic,29.0,22.071428571428573,26,0.14285714285714285,0.07142857142857142,6.0,20.0,0.702,1.0,0.0,0.0
CUST_01837,48,Retail,Latin America,SMB,8,1,Basic,29.0,24.666666666666668,12,0.4444444444444444,0.0,7.0,24.0,0.628,1.0,0.0,0.0
CUST_01838,37,Finance,Europe,SMB,15,1,Enterprise,299.0,24.444444444444443,41,0.1111111111111111,0.05555555555555555,7.0,23.0,0.716,1.0,0.0,0.0
CUST_01839,4,Education,Europe,SMB,13,0,Pro,99.0,25.642857142857142,26,0.0,0.0,6.0,15.0,0.292,1.0,0.0,0.0
CUST_01840,46,Technology,Europe,SMB,22,0,Basic,29.0,25.956521739130434,32,0.17391304347826086,0.043478260869565216,7.0,28.0,0.597,1.0,0.0,0.0
CUST_01841,6,E-commerce,Latin America,SMB,15,0,Basic,29.0,25.5,28,0.0,0.0,7.0,23.0,0.843,1.0,0.0,0.0
CUST_01842,648,Education,Asia-Pacific,Enterprise,21,1,Basic,99.0,74.34615384615384,174,0.3076923076923077,0.21153846153846154,7.0,23.0,0.632,1.0,0.0,0.0
CUST_01843,26,E-commerce,North America,SMB,23,0,Basic,29.0,25.541666666666668,38,0.20833333333333334,0.08333333333333333,7.0,23.0,0.607,1.0,0.0,0.0
CUST_01844,342,Healthcare,North America,Mid-market,13,0,Basic,49.0,36.92857142857143,55,0.2857142857142857,0.2857142857142857,8.0,20.0,0.718,1.0,0.0,0.0
CUST_01845,230,Technology,Europe,Mid-market,14,0,Pro,199.0,37.733333333333334,44,0.4,0.2,7.0,23.0,0.795,1.0,0.0,0.0
CUST_01846,357,Healthcare,North America,Mid-market,16,0,Pro,199.0,41.470588235294116,63,0.17647058823529413,0.058823529411764705,7.0,23.0,0.965,1.0,0.0,0.0
CUST_01847,268,Finance,Europe,Mid-market,2,0,Pro,199.0,20.0,5,0.0,0.0,7.0,23.0,1.1,1.0,0.0,0.0
CUST_01848,4571,Technology,North America,Enterprise,20,0,Enterprise,999.0,71.52380952380952,133,0.5714285714285714,0.25396825396825395,10.0,41.0,0.405,1.0,1.969,1.75
CUST_01849,177,Healthcare,Europe,Mid-market,17,0,Pro,199.0,40.611111111111114,66,0.2777777777777778,0.1111111111111111,8.0,49.0,0.603,1.0,0.0,1.8
CUST_01850,2,Education,Latin America,SMB,17,1,Pro,99.0,23.95,30,0.1,0.05,7.0,23.0,0.564,1.0,0.0,0.0
CUST_01851,9,Finance,Latin America,SMB,21,1,Basic,29.0,21.416666666666668,54,0.20833333333333334,0.041666666666666664,5.0,-9.0,0.654,1.0,0.0,0.0
CUST_01852,1,Healthcare,Asia-Pacific,SMB,3,1,Basic,29.0,19.25,6,0.25,0.0,7.0,23.0,1.195,1.0,0.0,2.0
CUST_01853,432,Healthcare,North America,Mid-market,22,0,Enterprise,499.0,46.869565217391305,80,0.2608695652173913,0.08695652173913043,6.0,6.0,0.693,1.0,0.0,0.0
CUST_01854,44,Technology,Europe,SMB,2,1,Basic,29.0,11.0,4,0.3333333333333333,0.0,6.0,0.0,1.273,1.0,0.0,1.5
CUST_01855,4620,Healthcare,North America,Enterprise,2,0,Enterprise,999.0,35.0,13,0.0,0.0,7.0,23.0,1.157,1.0,0.0,0.0
CUST_01856,14,Technology,Europe,SMB,2,0,Basic,29.0,18.333333333333332,2,0.0,0.0,7.0,23.0,1.309,1.0,0.0,0.0
CUST_01857,382,Technology,North America,Mid-market,3,1,Pro,199.0,24.5,14,0.0,0.0,7.0,23.0,0.939,1.0,0.0,0.0
CUST_01858,27,Healthcare,Asia-Pacific,SMB,17,0,Basic,29.0,28.0,39,0.2777777777777778,0.09259259259259259,6.0,24.0,0.589,1.0,0.0,1.8
CUST_01859,39,Healthcare,North America,SMB,17,0,Basic,29.0,23.055555555555557,33,0.16666666666666666,0.1111111111111111,7.0,23.0,0.434,1.0,0.0,0.0
CUST_01860,7,Healthcare,Asia-Pacific,SMB,0,0,Pro,99.0,28.0,0,0.0,0.0,7.0,23.0,1.0,1.0,0.0,0.0
CUST_01861,1737,Retail,Asia-Pacific,Enterprise,17,0,Enterprise,999.0,66.0,132,0.3333333333333333,0.19444444444444445,8.0,23.0,0.432,1.0,0.0,1.5
CUST_01862,23,Retail,North America,SMB,10,1,Basic,29.0,20.636363636363637,16,0.09090909090909091,0.09090909090909091,7.0,23.0,0.824,1.0,0.0,0.0
CUST_01863,17,Healthcare,Europe,SMB,18,0,Basic,29.0,21.473684210526315,23,0.0,0.0,7.0,23.0,0.699,1.0,0.0,0.0
CUST_01864,23,Retail,Europe,SMB,19,0,Basic,29.0,30.1,29,0.15,0.05,6.0,-4.0,0.797,1.0,9.998,6.666
CUST_01865,42,Education,Asia-Pacific,SMB,16,0,Pro,99.0,25.764705882352942,30,0.17647058823529413,0.058823529411764705,7.0,3.0,0.679,1.0,0.0,0.0
CUST_01866,30,Healthcare,Asia-Pacific,SMB,2,0,Basic,29.0,20.333333333333332,4,0.0,0.0,7.0,23.0,1.008,1.0,0.0,0.0
CUST_01867,354,Technology,Europe,Mid-market,12,0,Basic,49.0,36.61538461538461,50,0.3076923076923077,0.19230769230769232,6.0,25.0,0.683,1.0,0.0,0.0
CUST_01868,3555,Healthcare,Europe,Enterprise,15,0,Enterprise,999.0,73.625,115,0.5625,0.1875,7.0,23.0,0.57,1.0,0.0,0.0
CUST_01869,103,Healthcare,Asia-Pacific,Mid-market,14,1,Enterprise,499.0,39.26315789473684,70,0.3157894736842105,0.15789473684210525,7.0,23.0,0.649,1.0,0.0,1.583
CUST_01870,48,Education,North America,SMB,0,0,Basic,29.0,5.0,1,0.0,0.0,7.0,23.0,1.0,1.0,0.0,0.0
CUST_01871,20,E-commerce,North America,SMB,20,0,Basic,29.0,20.904761904761905,33,0.23809523809523808,0.07142857142857142,8.0,31.0,0.574,1.0,0.0,2.1
CUST_01872,14,Technology,North America,SMB,23,0,Enterprise,299.0,26.291666666666668,51,0.25,0.041666666666666664,8.0,22.0,0.475,1.0,0.0,0.0
CUST_01873,140,E-commerce,North America,Mid-market,18,0,Enterprise,499.0,41.1578947368421,68,0.2631578947368421,0.15789473684210525,7.0,23.0,0.717,1.0,0.0,0.0
CUST_01874,4164,Retail,Asia-Pacific,Enterprise,20,0,Pro,299.0,68.38095238095238,139,0.5714285714285714,0.38095238095238093,7.0,23.0,0.695,1.0,1.312,0.875
CUST_01875,4,Finance,Europe,SMB,8,1,Basic,29.0,25.444444444444443,13,0.3333333333333333,0.1111111111111111,7.0,23.0,0.432,1.0,0.0,1.5
CUST_01876,4,E-commerce,Latin America,SMB,13,0,Basic,29.0,26.214285714285715,27,0.2857142857142857,0.03571428571428571,7.0,23.0,0.763,1.0,0.0,0.0
CUST_01877,48,E-commerce,Asia-Pacific,SMB,13,0,Basic,29.0,29.214285714285715,28,0.2857142857142857,0.0,6.0,27.0,0.548,1.0,0.0,0.0
CUST_01878,16,Healthcare,Asia-Pacific,SMB,9,0,Basic,29.0,26.3,16,0.1,0.1,7.0,23.0,0.703,1.0,0.0,0.0
CUST_01879,975,Finance,Asia-Pacific,Enterprise,15,0,Pro,299.0,73.125,117,0.4375,0.28125,7.0,23.0,0.533,1.0,1.778,1.143
CUST_01880,17,E-commerce,Europe,SMB,9,1,Pro,99.0,17.8,13,0.0,0.0,7.0,23.0,0.534,1.0,0.0,0.0
CUST_01881,24,Education,Europe,SMB,17,0,Basic,29.0,24.27777777777778,32,0.0,0.0,7.0,23.0,0.618,1.0,0.0,0.0
CUST_01882,49,Healthcare,Europe,SMB,16,0,Basic,29.0,23.058823529411764,30,0.4117647058823529,0.18627450980392157,7.0,23.0,0.694,1.0,2.684,1.214
CUST_01883,48,Finance,North America,SMB,11,0,Basic,29.0,23.583333333333332,33,0.25,0.08333333333333333,7.0,23.0,0.403,1.0,0.0,2.0
CUST_01884,38,E-commerce,Europe,SMB,23,0,Enterprise,299.0,25.625,46,0.25,0.08333333333333333,7.0,-2.0,0.605,1.0,0.0,4.0
CUST_01885,11,Retail,Europe,SMB,1,0,Basic,29.0,14.5,2,0.0,0.0,7.0,23.0,1.0,1.0,0.0,0.0
CUST_01886,42,Retail,North America,SMB,4,0,Pro,99.0,23.2,2,0.0,0.0,7.0,23.0,0.56,1.0,0.0,0.0
CUST_01887,2112,E-commerce,North America,Enterprise,9,1,Enterprise,999.0,65.66666666666667,83,0.6666666666666666,0.20833333333333334,7.0,23.0,0.708,1.0,2.4,1.5
CUST_01888,3530,Retail,Latin America,Enterprise,17,0,Pro,299.0,74.0,107,0.5,0.25,7.0,31.0,0.493,1.0,0.0,1.0
CUST_01889,3860,Healthcare,North America,Enterprise,22,0,Enterprise,999.0,71.21739130434783,162,0.5652173913043478,0.30434782608695654,7.0,23.0,0.295,1.0,1.643,1.769
CUST_01890,116,Retail,North America,Mid-market,11,0,Pro,199.0,39.166666666666664,50,0.3333333333333333,0.16666666666666666,9.0,16.0,0.843,1.0,0.0,0.0
CUST_01891,18,Education,Europe,SMB,2,1,Basic,29.0,13.0,1,0.3333333333333333,0.3333333333333333,7.0,23.0,1.0,1.0,1.5,1.5
CUST_01892,12,E-commerce,Europe,SMB,17,1,Basic,29.0,24.9,38,0.1,0.05,7.0,23.0,0.602,1.0,9.998,5.0
CUST_01893,2,Technology,North America,SMB,6,0,Pro,99.0,19.571428571428573,11,0.2857142857142857,0.14285714285714285,7.0,23.0,0.485,1.0,0.0,1.75
CUST_01894,483,E-commerce,Europe,Mid-market,7,0,Basic,49.0,42.875,19,0.25,0.125,7.0,23.0,0.49,1.0,4.0,4.0
CUST_01895,3208,Retail,Asia-Pacific,Enterprise,12,0,Enterprise,999.0,60.46153846153846,101,0.8461538461538461,0.4230769230769231,7.0,23.0,0.595,1.0,0.0,0.0
CUST_01896,1,Technology,Asia-Pacific,SMB,4,0,Basic,29.0,20.6,4,0.2,0.0,7.0,23.0,0.68,1.0,0.0,2.5
CUST_01897,44,Technology,North America,SMB,1,0,Pro,99.0,11.0,2,0.0,0.0,7.0,23.0,1.0,1.0,0.0,0.0
CUST_01898,35,Retail,North America,SMB,15,0,Pro,99.0,23.0625,39,0.0625,0.0,7.0,23.0,0.65,1.0,0.0,0.0
CUST_01899,2053,Healthcare,North America,Enterprise,17,1,Enterprise,999.0,65.81818181818181,134,0.5454545454545454,0.45454545454545453,9.0,38.0,0.653,1.0,0.0,1.833
CUST_01900,40,Education,North America,SMB,7,0,Basic,29.0,20.75,9,0.0,0.0,7.0,23.0,0.434,1.0,0.0,0.0
CUST_01901,45,Technology,North America,SMB,9,1,Basic,29.0,20.4,12,0.1,0.1,8.0,26.0,0.686,1.0,0.0,0.0
CUST_01902,43,E-commerce,North America,SMB,0,0,Basic,29.0,9.0,2,0.0,0.0,7.0,23.0,1.0,1.0,0.0,0.0
CUST_01903,4570,Finance,North America,Enterprise,2,0,Enterprise,999.0,36.666666666666664,17,1.3333333333333333,0.4444444444444444,7.0,23.0,1.105,1.0,0.375,1.125
CUST_01904,39,Education,Europe,SMB,11,1,Pro,99.0,27.642857142857142,26,0.42857142857142855,0.07142857142857142,7.0,23.0,0.597,1.0,0.0,0.0
CUST_01905,76,Education,Europe,Mid-market,23,1,Basic,49.0,47.23076923076923,110,0.34615384615384615,0.25,7.0,23.0,0.762,1.0,0.0,0.0
CUST_01906,1132,E-commerce,Latin America,Enterprise,17,0,Enterprise,999.0,75.16666666666667,118,0.2777777777777778,0.2777777777777778,7.0,6.0,0.685,1.0,0.0,0.0
CUST_01907,13,Healthcare,North America,SMB,5,0,Basic,29.0,21.0,5,0.0,0.0,6.0,7.0,0.476,1.0,0.0,0.0
CUST_01908,4,E-commerce,North America,SMB,10,0,Basic,29.0,20.363636363636363,21,0.36363636363636365,0.0,7.0,23.0,0.737,1.0,0.0,0.0
CUST_01909,4128,Technology,North America,Enterprise,18,0,Enterprise,999.0,70.6842105263158,124,0.5789473684210527,0.14035087719298245,8.0,55.0,0.63,1.0,3.562,3.454
CUST_01910,19,E-commerce,North America,SMB,4,0,Pro,99.0,19.4,6,0.0,0.0,7.0,23.0,0.619,1.0,0.0,0.0
CUST_01911,456,Technology,North America,Mid-market,18,0,Basic,49.0,36.26315789473684,59,0.21052631578947367,0.10526315789473684,7.0,25.0,0.483,1.0,4.75,2.375
CUST_01912,270,Retail,Latin America,Mid-market,17,0,Pro,199.0,40.94444444444444,54,0.3333333333333333,0.3333333333333333,7.0,23.0,0.513,1.0,1.5,1.5
CUST_01913,10,Education,North America,SMB,22,0,Basic,29.0,28.17391304347826,25,0.391304347826087,0.021739130434782608,7.0,23.0,0.426,1.0,0.0,1.278
CUST_01914,1974,Finance,North America,Enterprise,20,0,Enterprise,999.0,67.47619047619048,131,0.3333333333333333,0.23809523809523808,7.0,23.0,0.519,1.0,0.0,0.0
CUST_01915,24,Healthcare,North America,SMB,5,1,Basic,29.0,25.0,13,0.125,0.125,7.0,23.0,0.6,1.0,4.0,4.0
CUST_01916,142,Healthcare,Europe,Mid-market,4,1,Basic,49.0,31.2,9,0.0,0.0,7.0,23.0,0.817,1.0,0.0,0.0
CUST_01917,22,Finance,Europe,SMB,8,0,Basic,29.0,20.11111111111111,12,0.4444444444444444,0.1111111111111111,7.0,23.0,0.597,1.0,0.0,1.125
CUST_01918,7,Education,North America,SMB,23,0,Basic,29.0,24.041666666666668,30,0.2916666666666667,0.10416666666666667,7.0,23.0,0.603,1.0,0.0,0.0
CUST_01919,14,Retail,North America,SMB,10,0,Basic,29.0,27.363636363636363,22,0.09090909090909091,0.0,7.0,23.0,0.676,1.0,0.0,0.0
CUST_01920,14,Technology,North America,SMB,14,1,Enterprise,299.0,28.789473684210527,22,0.3684210526315789,0.05263157894736842,7.0,23.0,0.469,1.0,9.498,1.357
CUST_01921,3,Retail,North America,SMB,18,0,Pro,99.0,26.842105263157894,34,0.21052631578947367,0.10526315789473684,6.0,27.0,0.503,1.0,0.0,2.375
CUST_01922,40,Technology,Europe,SMB,11,0,Pro,99.0,22.142857142857142,23,0.21428571428571427,0.0,6.0,19.0,0.587,1.0,0.0,2.333
CUST_01923,165,Retail,North America,Mid-market,7,1,Pro,199.0,35.25,28,0.375,0.25,8.0,15.0,0.695,1.0,2.0,2.667
CUST_01924,95,E-commerce,North America,Mid-market,22,0,Enterprise,499.0,41.73913043478261,82,0.30434782608695654,0.15217391304347827,8.0,48.0,0.827,1.0,3.285,1.643
CUST_01925,17,Technology,North America,SMB,3,1,Basic,29.0,19.0,3,0.25,0.0,7.0,23.0,0.842,1.0,0.0,2.0
CUST_01926,36,Finance,North America,SMB,2,1,Basic,29.0,13.2,6,0.2,0.2,7.0,23.0,0.795,1.0,2.5,2.5
CUST_01927,10,E-commerce,North America,SMB,13,0,Pro,99.0,27.071428571428573,34,0.21428571428571427,0.0,7.0,23.0,0.868,1.0,0.0,0.0
CUST_01928,137,Finance,Latin America,Mid-market,22,0,Basic,49.0,44.91304347826087,68,0.4782608695652174,0.10869565217391304,7.0,23.0,0.423,1.0,9.199,4.182
CUST_01929,44,Education,North America,SMB,6,0,Basic,29.0,16.285714285714285,8,0.14285714285714285,0.0,7.0,23.0,0.645,1.0,0.0,3.5
CUST_01930,220,Technology,Asia-Pacific,Mid-market,9,0,Pro,199.0,37.2,30,0.2,0.1,7.0,23.0,0.632,1.0,0.0,0.0
CUST_01931,221,E-commerce,North America,Mid-market,8,0,Pro,199.0,40.77777777777778,33,0.3333333333333333,0.2222222222222222,7.0,23.0,0.772,1.0,0.0,0.0
CUST_01932,432,E-commerce,Asia-Pacific,Mid-market,16,1,Pro,199.0,36.95238095238095,57,0.2857142857142857,0.047619047619047616,7.0,23.0,0.582,1.0,0.0,0.0
CUST_01933,4127,Technology,North America,Enterprise,0,0,Enterprise,999.0,40.0,5,0.0,0.0,7.0,23.0,1.0,1.0,0.0,0.0
CUST_01934,17,Technology,North America,SMB,1,1,Basic,29.0,11.0,1,1.0,1.0,7.0,23.0,1.0,1.0,1.0,1.0
CUST_01935,189,Healthcare,North America,Mid-market,15,0,Enterprise,499.0,42.375,50,0.375,0.125,7.0,23.0,0.661,1.0,4.0,2.667
CUST_01936,3027,Healthcare,Asia-Pacific,Enterprise,20,0,Enterprise,999.0,61.904761904761905,137,0.7142857142857143,0.4523809523809524,7.0,23.0,0.977,1.0,2.21,2.1
CUST_01937,339,Technology,Asia-Pacific,Mid-market,5,1,Basic,49.0,24.333333333333332,15,0.3333333333333333,0.0,7.0,23.0,0.986,1.0,0.0,1.5
CUST_01938,39,Technology,Europe,SMB,3,0,Pro,99.0,17.0,4,0.75,0.125,7.0,30.0,0.912,1.0,0.0,0.667
CUST_01939,9,Retail,Latin America,SMB,3,0,Basic,29.0,15.75,4,0.0,0.0,7.0,23.0,0.73,1.0,0.0,0.0
CUST_01940,27,Retail,North America,SMB,20,0,Basic,29.0,25.19047619047619,32,0.14285714285714285,0.09523809523809523,7.0,23.0,0.397,1.0,0.0,0.0
CUST_01941,9,Technology,North America,SMB,15,0,Pro,99.0,23.125,29,0.25,0.1875,7.0,24.0,0.411,1.0,0.0,0.0
CUST_01942,112,Education,Europe,Mid-market,6,0,Enterprise,499.0,43.285714285714285,24,0.42857142857142855,0.07142857142857142,7.0,23.0,0.427,1.0,0.0,0.0
CUST_01943,716,E-commerce,Latin America,Enterprise,8,0,Enterprise,999.0,69.44444444444444,47,0.1111111111111111,0.1111111111111111,7.0,23.0,0.72,1.0,0.0,0.0
CUST_01944,43,Technology,Europe,SMB,17,0,Basic,29.0,27.72222222222222,36,0.0,0.0,7.0,23.0,0.559,1.0,0.0,0.0
CUST_01945,37,Healthcare,North America,SMB,22,0,Pro,99.0,25.652173913043477,38,0.13043478260869565,0.0,7.0,23.0,0.682,1.0,0.0,0.0
CUST_01946,277,Technology,North America,Mid-market,16,1,Basic,49.0,41.31578947368421,64,0.15789473684210525,0.15789473684210525,7.0,-22.0,0.593,1.0,0.0,0.0
CUST_01947,452,E-commerce,Europe,Mid-market,21,0,Pro,199.0,45.63636363636363,77,0.3181818181818182,0.2727272727272727,7.0,23.0,0.427,1.0,0.0,0.0
CUST_01948,498,Education,North America,Mid-market,1,1,Pro,199.0,19.0,7,0.0,0.0,7.0,23.0,1.0,1.0,0.0,0.0
CUST_01949,36,Finance,Latin America,SMB,22,0,Pro,99.0,30.17391304347826,37,0.21739130434782608,0.13043478260869565,8.0,20.0,0.431,1.0,0.0,0.0
CUST_01950,835,E-commerce,North America,Enterprise,15,0,Pro,299.0,80.375,110,0.6875,0.25,7.0,23.0,0.411,1.0,4.0,2.909
CUST_01951,125,Technology,Asia-Pacific,Mid-market,22,0,Pro,199.0,35.91304347826087,88,0.2608695652173913,0.13043478260869565,7.0,23.0,0.432,1.0,0.0,0.0
CUST_01952,28,Healthcare,North America,SMB,13,0,Pro,99.0,25.5,20,0.14285714285714285,0.0,7.0,23.0,0.824,1.0,0.0,3.5
CUST_01953,1945,Education,Europe,Enterprise,21,0,Enterprise,999.0,76.04545454545455,154,0.5909090909090909,0.2727272727272727,9.0,59.0,0.677,1.0,0.0,0.0
CUST_01954,37,Finance,North America,SMB,19,0,Basic,29.0,24.55,36,0.1,0.0,7.0,23.0,0.611,1.0,0.0,0.0
CUST_01955,39,Education,Latin America,SMB,6,1,Pro,99.0,23.571428571428573,10,0.0,0.0,7.0,23.0,0.552,1.0,0.0,0.0
CUST_01956,156,Finance,North America,Mid-market,7,1,Basic,49.0,38.3,33,0.3,0.3,7.0,23.0,0.927,1.0,1.667,1.667
CUST_01957,264,E-commerce,Europe,Mid-market,6,0,Pro,199.0,40.857142857142854,19,0.0,0.0,7.0,23.0,0.661,1.0,0.0,0.0
CUST_01958,40,Technology,Europe,SMB,14,0,Pro,99.0,22.6,26,0.2,0.06666666666666667,7.0,29.0,0.575,1.0,0.0,2.5
CUST_01959,26,Healthcare,Asia-Pacific,SMB,22,1,Enterprise,299.0,27.96,48,0.12,0.08,7.0,22.0,0.608,1.0,0.0,0.0
CUST_01960,489,Finance,North America,Mid-market,23,0,Basic,49.0,41.23076923076923,101,0.3076923076923077,0.19230769230769232,7.0,23.0,0.594,1.0,0.0,1.625
CUST_01961,442,Finance,Asia-Pacific,Mid-market,1,1,Pro,199.0,33.0,2,0.0,0.0,7.0,23.0,1.0,1.0,0.0,0.0
CUST_01962,2792,Retail,North America,Enterprise,6,0,Enterprise,999.0,79.14285714285714,36,0.8571428571428571,0.5,7.0,23.0,0.891,1.0,1.0,0.583
CUST_01963,2179,Technology,Latin America,Enterprise,19,1,Enterprise,999.0,67.9090909090909,162,0.5454545454545454,0.2727272727272727,7.0,23.0,0.596,1.0,0.0,0.0
CUST_01964,30,E-commerce,Asia-Pacific,SMB,4,0,Basic,29.0,20.2,12,0.2,0.0,7.0,23.0,0.594,1.0,0.0,0.0
CUST_01965,15,Education,North America,SMB,15,1,Basic,29.0,28.61111111111111,33,0.2777777777777778,0.1111111111111111,6.0,12.0,0.472,1.0,4.5,5.4
CUST_01966,27,Retail,Europe,SMB,11,1,Basic,29.0,23.857142857142858,26,0.14285714285714285,0.07142857142857142,6.0,-6.0,0.398,1.0,0.0,0.0
CUST_01967,31,Retail,Asia-Pacific,SMB,16,0,Basic,29.0,22.705882352941178,31,0.23529411764705882,0.058823529411764705,7.0,23.0,0.595,1.0,0.0,2.125
CUST_01968,304,Technology,North America,Mid-market,9,1,Basic,49.0,40.3,26,0.1,0.1,7.0,23.0,0.682,1.0,0.0,0.0
CUST_01969,48,Finance,North America,SMB,8,0,Basic,29.0,15.444444444444445,14,0.3333333333333333,0.07407407407407407,7.0,23.0,0.453,1.0,0.0,0.0
CUST_01970,453,Education,North America,Mid-market,5,0,Basic,49.0,26.666666666666668,16,0.6666666666666666,0.4166666666666667,7.0,23.0,0.787,1.0,0.0,0.0
CUST_01971,2,Technology,Europe,SMB,13,0,Basic,29.0,19.357142857142858,25,0.14285714285714285,0.07142857142857142,7.0,23.0,0.594,1.0,0.0,0.0
CUST_01972,28,Technology,North America,SMB,15,1,Basic,29.0,25.61111111111111,37,0.16666666666666666,0.05555555555555555,7.0,23.0,0.703,1.0,0.0,3.0
CUST_01973,41,Finance,Asia-Pacific,SMB,11,0,Pro,99.0,25.583333333333332,22,0.25,0.0,7.0,23.0,0.997,1.0,0.0,0.0
CUST_01974,3637,Healthcare,Europe,Enterprise,13,1,Enterprise,999.0,76.0625,122,0.375,0.375,7.0,23.0,0.69,1.0,1.333,1.333
CUST_01975,46,Technology,North America,SMB,7,1,Pro,99.0,20.75,8,0.125,0.0,7.0,23.0,0.627,1.0,0.0,4.0
CUST_01976,41,Technology,Latin America,SMB,3,0,Enterprise,299.0,20.0,6,0.0,0.0,7.0,23.0,0.975,1.0,0.0,0.0
CUST_01977,336,Technology,Asia-Pacific,Mid-market,1,0,Pro,199.0,30.5,5,0.0,0.0,7.0,23.0,1.0,1.0,0.0,0.0
CUST_01978,17,Education,Europe,SMB,2,1,Basic,29.0,18.333333333333332,2,0.0,0.0,7.0,23.0,1.036,1.0,0.0,0.0
CUST_01979,497,E-commerce,Asia-Pacific,Mid-market,19,0,Basic,49.0,46.0,58,0.15,0.05,9.0,33.0,0.772,1.0,0.0,0.0
CUST_01980,29,Retail,Europe,SMB,1,0,Basic,29.0,13.0,3,0.0,0.0,7.0,23.0,1.0,1.0,0.0,0.0
CUST_01981,4890,Finance,North America,Enterprise,23,0,Enterprise,999.0,68.54166666666667,140,0.6666666666666666,0.375,7.0,23.0,0.562,1.0,1.333,0.75
CUST_01982,132,E-commerce,Asia-Pacific,Mid-market,17,1,Basic,49.0,38.8,62,0.45,0.2,7.0,32.0,0.425,1.0,2.5,2.222
CUST_01983,48,Healthcare,Asia-Pacific,SMB,18,1,Pro,99.0,24.857142857142858,31,0.47619047619047616,0.23809523809523808,7.0,23.0,0.603,1.0,2.1,2.1
CUST_01984,3691,E-commerce,North America,Enterprise,5,0,Enterprise,999.0,64.83333333333333,33,1.0,0.5,7.0,23.0,0.602,1.0,2.0,1.5
CUST_01985,26,E-commerce,North America,SMB,9,1,Basic,29.0,23.357142857142858,22,0.2857142857142857,0.0,7.0,17.0,0.813,1.0,0.0,0.0
CUST_01986,860,Technology,North America,Enterprise,2,0,Enterprise,999.0,38.666666666666664,13,0.0,0.0,7.0,23.0,0.892,1.0,0.0,0.0
CUST_01987,27,Retail,Europe,SMB,1,1,Basic,29.0,13.5,2,0.5,0.0,7.0,23.0,1.0,1.0,0.0,1.0
CUST_01988,3353,Healthcare,Latin America,Enterprise,3,0,Enterprise,999.0,51.25,18,0.0,0.0,7.0,23.0,0.985,1.0,0.0,0.0
CUST_01989,1054,E-commerce,Europe,Enterprise,17,1,Basic,99.0,68.55,136,0.35,0.35,7.0,23.0,0.868,1.0,2.857,2.857
CUST_01990,16,Education,Europe,SMB,1,0,Basic,29.0,15.0,1,0.0,0.0,7.0,23.0,1.0,1.0,0.0,0.0
CUST_01991,36,Finance,Europe,SMB,6,1,Pro,99.0,24.142857142857142,12,0.5714285714285714,0.42857142857142855,7.0,29.0,0.911,1.0,2.333,1.75
CUST_01992,17,E-commerce,Europe,SMB,12,1,Basic,29.0,27.307692307692307,18,0.23076923076923078,0.0,7.0,23.0,0.842,1.0,0.0,2.167
CUST_01993,27,Finance,Europe,SMB,11,0,Basic,29.0,23.0,17,0.25,0.0,7.0,23.0,0.652,1.0,0.0,0.0
CUST_01994,2,Education,Asia-Pacific,SMB,0,0,Basic,29.0,5.0,0,0.0,0.0,7.0,23.0,1.0,1.0,0.0,0.0
CUST_01995,4727,E-commerce,North America,Enterprise,7,0,Enterprise,999.0,54.125,60,1.25,0.6875,7.0,23.0,0.942,1.0,0.364,2.0
CUST_01996,2,Healthcare,North America,SMB,9,0,Basic,29.0,23.2,21,0.1,0.1,7.0,23.0,0.582,1.0,0.0,0.0
CUST_01997,6,E-commerce,Europe,SMB,16,0,Basic,29.0,27.058823529411764,16,0.23529411764705882,0.11764705882352941,6.0,7.0,0.776,1.0,4.25,2.125
CUST_01998,39,Retail,Asia-Pacific,SMB,21,0,Pro,99.0,27.545454545454547,39,0.13636363636363635,0.022727272727272728,7.0,23.0,0.545,1.0,0.0,3.666
CUST_01999,10,E-commerce,Latin America,SMB,14,0,Pro,99.0,26.0,19,0.26666666666666666,0.06666666666666667,7.0,34.0,0.75,1.0,0.0,0.0
CUST_02000,72,Retail,Europe,Mid-market,9,0,Basic,49.0,42.2,32,0.3,0.2,7.0,23.0,0.474,1.0,2.5,1.667
CUST_02001,22,E-commerce,Asia-Pacific,SMB,20,1,Basic,29.0,25.434782608695652,39,0.17391304347826086,0.13043478260869565,7.0,41.0,0.413,1.0,3.833,2.875
CUST_02002,46,Healthcare,Europe,SMB,7,0,Basic,29.0,23.375,20,0.125,0.125,7.0,23.0,0.278,1.0,0.0,0.0
CUST_02003,2,Healthcare,Europe,SMB,4,0,Basic,29.0,13.6,7,0.0,0.0,7.0,23.0,0.662,1.0,0.0,0.0
CUST_02004,27,Finance,Asia-Pacific,SMB,16,0,Basic,29.0,24.705882352941178,26,0.11764705882352941,0.11764705882352941,7.0,23.0,0.425,1.0,0.0,0.0
CUST_02005,13,Healthcare,North America,SMB,7,0,Pro,99.0,22.25,12,0.25,0.125,7.0,23.0,0.719,1.0,0.0,0.0
CUST_02006,7,E-commerce,Europe,SMB,3,1,Pro,99.0,21.25,7,0.0,0.0,7.0,23.0,0.706,1.0,0.0,0.0
CUST_02007,44,Education,North America,SMB,0,0,Basic,29.0,9.0,2,0.0,0.0,7.0,23.0,1.0,1.0,0.0,0.0
CUST_02008,393,E-commerce,Europe,Mid-market,15,0,Enterprise,499.0,37.1875,51,0.125,0.0625,7.0,23.0,0.847,1.0,0.0,0.0
CUST_02009,29,Finance,North America,SMB,3,1,Basic,29.0,17.0,11,0.3333333333333333,0.16666666666666666,7.0,23.0,0.765,1.0,0.0,0.0
CUST_02010,3848,Retail,Asia-Pacific,Enterprise,4,0,Enterprise,999.0,73.0,25,0.6,0.4,7.0,23.0,0.925,1.0,0.0,0.0
CUST_02011,28,Education,Europe,SMB,6,0,Basic,29.0,16.0,9,0.8571428571428571,0.2857142857142857,7.0,23.0,0.812,1.0,0.0,0.583
CUST_02012,35,Healthcare,Latin America,SMB,8,0,Basic,29.0,20.0,18,0.1111111111111111,0.1111111111111111,8.0,18.0,0.7,1.0,0.0,0.0
CUST_02013,49,Healthcare,North America,SMB,4,1,Basic,29.0,19.8,3,0.0,0.0,7.0,23.0,0.96,1.0,0.0,0.0
CUST_02014,9,E-commerce,Europe,SMB,22,0,Basic,29.0,22.73913043478261,45,0.21739130434782608,0.13043478260869565,8.0,36.0,0.462,1.0,0.0,0.0
CUST_02015,7,Healthcare,North America,SMB,3,1,Basic,29.0,11.5,9,0.16666666666666666,0.16666666666666666,7.0,23.0,1.174,1.0,3.0,3.0
CUST_02016,39,Technology,Asia-Pacific,SMB,11,0,Basic,29.0,21.0,25,0.4166666666666667,0.25,8.0,36.0,0.333,1.0,2.0,1.2
CUST_02017,47,Education,North America,SMB,8,1,Basic,29.0,27.454545454545453,12,0.18181818181818182,0.09090909090909091,7.0,23.0,0.892,1.0,0.0,0.0
CUST_02018,48,Finance,Europe,SMB,22,1,Basic,29.0,30.59259259259259,44,0.1111111111111111,0.0,7.0,16.0,0.785,1.0,0.0,4.5
CUST_02019,21,Finance,Latin America,SMB,21,1,Pro,99.0,27.166666666666668,39,0.041666666666666664,0.0,7.0,23.0,0.571,1.0,0.0,0.0
CUST_02020,40,Healthcare,Europe,SMB,18,1,Basic,29.0,23.476190476190474,43,0.23809523809523808,0.09523809523809523,10.0,51.0,0.426,1.0,0.0,0.0
CUST_02021,2686,Education,North America,Enterprise,11,0,Enterprise,999.0,53.416666666666664,79,0.5,0.2916666666666667,7.0,23.0,0.945,1.0,0.857,2.0
CUST_02022,471,Education,Latin America,Mid-market,16,0,Pro,199.0,43.11764705882353,53,0.23529411764705882,0.11764705882352941,7.0,23.0,0.649,1.0,0.0,0.0
CUST_02023,29,Finance,Latin America,SMB,14,0,Basic,29.0,22.0,28,0.06666666666666667,0.0,5.0,11.0,0.523,1.0,0.0,0.0
CUST_02024,42,Technology,North America,SMB,19,1,Basic,29.0,23.40909090909091,39,0.3181818181818182,0.25,6.0,-7.0,0.854,1.0,2.0,1.571
CUST_02025,2,E-commerce,Europe,SMB,19,0,Pro,99.0,23.75,35,0.2,0.1,6.0,14.0,0.547,1.0,0.0,0.0
CUST_02026,229,Retail,North America,Mid-market,16,0,Pro,199.0,39.35294117647059,49,0.17647058823529413,0.058823529411764705,7.0,23.0,0.419,1.0,0.0,0.0
CUST_02027,45,Healthcare,Europe,SMB,0,0,Pro,99.0,31.0,1,0.0,0.0,7.0,23.0,1.0,1.0,0.0,0.0
CUST_02028,440,Retail,North America,Mid-market,9,1,Basic,49.0,34.416666666666664,37,0.08333333333333333,0.0,7.0,23.0,0.465,1.0,0.0,5.999
CUST_02029,6,Healthcare,North America,SMB,1,1,Basic,29.0,10.5,0,0.0,0.0,7.0,23.0,1.0,1.0,0.0,0.0
CUST_02030,2,Healthcare,Latin America,SMB,3,1,Pro,99.0,15.0,2,0.25,0.25,7.0,23.0,0.8,1.0,0.0,0.0
CUST_02031,9,Education,Europe,SMB,7,0,Pro,99.0,23.0,14,0.25,0.0,7.0,23.0,0.652,1.0,0.0,0.0
CUST_02032,43,E-commerce,Latin America,SMB,4,1,Pro,99.0,20.0,8,0.2,0.2,7.0,23.0,0.875,1.0,2.5,2.5
CUST_02033,188,Retail,Asia-Pacific,Mid-market,4,0,Pro,199.0,39.4,14,0.0,0.0,7.0,23.0,0.812,1.0,0.0,0.0
CUST_02034,12,Finance,North America,SMB,8,1,Enterprise,299.0,20.88888888888889,15,0.3333333333333333,0.2222222222222222,7.0,23.0,1.149,1.0,4.5,3.0
CUST_02035,182,Healthcare,Latin America,Mid-market,9,0,Pro,199.0,35.7,31,0.2,0.1,7.0,23.0,0.378,1.0,0.0,2.5
CUST_02036,1,Retail,Asia-Pacific,SMB,2,0,Basic,29.0,21.0,4,0.0,0.0,7.0,23.0,0.833,1.0,0.0,0.0
CUST_02037,25,Retail,Asia-Pacific,SMB,7,0,Basic,29.0,17.375,15,0.5,0.125,7.0,23.0,0.719,1.0,0.0,1.0
CUST_02038,1169,E-commerce,North America,Enterprise,8,1,Enterprise,999.0,57.44444444444444,58,0.5555555555555556,0.4444444444444444,7.0,23.0,0.331,1.0,0.0,0.0
CUST_02039,12,E-commerce,Latin America,SMB,0,0,Basic,29.0,12.0,0,0.0,0.0,7.0,23.0,1.0,1.0,0.0,0.0
CUST_02040,455,Retail,North America,Mid-market,9,0,Pro,199.0,33.0,36,0.18181818181818182,0.18181818181818182,8.0,8.0,0.818,1.0,0.0,0.0
CUST_02041,299,Healthcare,North America,Mid-market,3,0,Enterprise,499.0,35.5,6,0.75,0.375,7.0,23.0,0.69,1.0,1.333,0.667
CUST_02042,62,Education,North America,Mid-market,13,0,Enterprise,499.0,45.07142857142857,45,0.2857142857142857,0.2857142857142857,7.0,23.0,0.466,1.0,0.0,0.0
CUST_02043,2075,Finance,North America,Enterprise,7,0,Pro,299.0,55.875,47,0.875,0.5,6.0,-1.0,0.582,1.0,1.0,0.571
CUST_02044,49,Finance,Europe,SMB,5,1,Pro,99.0,18.666666666666668,11,0.0,0.0,7.0,23.0,0.911,1.0,0.0,0.0
CUST_02045,692,Technology,Latin America,Enterprise,8,0,Basic,99.0,56.333333333333336,55,0.5555555555555556,0.4444444444444444,7.0,23.0,0.834,1.0,0.0,0.0
CUST_02046,13,Technology,Asia-Pacific,SMB,10,0,Basic,29.0,22.727272727272727,15,0.09090909090909091,0.09090909090909091,7.0,23.0,0.528,1.0,0.0,0.0
CUST_02047,14,Education,Asia-Pacific,SMB,1,1,Basic,29.0,8.5,1,0.0,0.0,7.0,23.0,1.0,1.0,0.0,0.0
CUST_02048,143,E-commerce,North America,Mid-market,19,0,Basic,49.0,40.5,72,0.3,0.2,7.0,23.0,0.58,1.0,2.5,1.667
CUST_02049,24,Retail,Europe,SMB,14,0,Pro,99.0,27.4,28,0.0,0.0,7.0,23.0,0.547,1.0,0.0,0.0
CUST_02050,1716,Technology,Europe,Enterprise,6,1,Enterprise,999.0,66.42857142857143,46,0.42857142857142855,0.2857142857142857,8.0,10.0,0.64,1.0,1.75,2.333
CUST_02051,3,Retail,Europe,SMB,22,0,Pro,99.0,26.043478260869566,44,0.043478260869565216,0.043478260869565216,7.0,23.0,0.806,1.0,0.0,0.0
CUST_02052,463,E-commerce,Europe,Mid-market,20,0,Pro,199.0,42.476190476190474,84,0.6666666666666666,0.17857142857142858,7.0,27.0,0.424,1.0,0.0,1.5
CUST_02053,38,Retail,North America,SMB,20,0,Pro,99.0,21.61904761904762,35,0.19047619047619047,0.047619047619047616,7.0,27.0,0.74,1.0,0.0,0.0
CUST_02054,454,E-commerce,Asia-Pacific,Mid-market,11,0,Pro,199.0,33.666666666666664,35,0.25,0.08333333333333333,7.0,23.0,0.713,1.0,0.0,2.0
CUST_02055,3106,Education,Latin America,Enterprise,20,1,Enterprise,999.0,58.95652173913044,154,0.13043478260869565,0.13043478260869565,7.0,43.0,0.5,1.0,0.0,0.0
CUST_02056,2,Technology,Asia-Pacific,SMB,8,1,Basic,29.0,20.0,16,0.1111111111111111,0.0,7.0,23.0,0.575,1.0,0.0,0.0
CUST_02057,514,E-commerce,Latin America,Enterprise,2,0,Enterprise,999.0,25.0,13,0.3333333333333333,0.0,7.0,23.0,0.86,1.0,0.0,1.5
CUST_02058,296,Finance,Latin America,Mid-market,10,0,Basic,49.0,38.54545454545455,41,0.2727272727272727,0.2727272727272727,7.0,23.0,0.363,1.0,1.833,1.833
CUST_02059,34,Finance,Europe,SMB,23,1,Pro,99.0,23.192307692307693,58,0.15384615384615385,0.038461538461538464,7.0,23.0,0.539,1.0,12.997,3.25
CUST_02060,49,Retail,Latin America,SMB,3,1,Basic,29.0,16.5,5,0.25,0.25,7.0,23.0,0.788,1.0,0.0,0.0
CUST_02061,352,Healthcare,Europe,Mid-market,12,0,Pro,199.0,38.30769230769231,55,0.3076923076923077,0.15384615384615385,7.0,23.0,0.744,1.0,0.0,3.25
CUST_02062,373,Finance,North America,Mid-market,1,0,Pro,199.0,28.0,6,0.0,0.0,7.0,23.0,1.0,1.0,0.0,0.0
CUST_02063,15,Education,North America,SMB,11,1,Basic,29.0,24.666666666666668,17,0.08333333333333333,0.0,7.0,23.0,0.446,1.0,0.0,0.0
CUST_02064,30,Healthcare,Europe,SMB,9,1,Basic,29.0,21.6,18,0.2,0.1,7.0,23.0,0.509,1.0,0.0,0.0
CUST_02065,4,Technology,North America,SMB,11,1,Pro,99.0,23.083333333333332,14,0.25,0.16666666666666666,7.0,23.0,0.585,1.0,0.0,0.0
CUST_02066,22,Healthcare,Latin America,SMB,19,1,Basic,29.0,22.227272727272727,57,0.18181818181818182,0.09090909090909091,7.0,23.0,0.607,1.0,0.0,0.0
CUST_02067,16,Healthcare,North America,SMB,11,0,Basic,29.0,25.416666666666668,19,0.16666666666666666,0.0,7.0,23.0,0.787,1.0,0.0,0.0
CUST_02068,399,Technology,North America,Mid-market,3,0,Enterprise,499.0,35.0,9,0.5,0.25,7.0,15.0,0.871,1.0,0.0,0.0
CUST_02069,61,Retail,North America,Mid-market,8,0,Pro,199.0,39.44444444444444,36,0.2222222222222222,0.1111111111111111,7.0,23.0,0.456,1.0,0.0,0.0
CUST_02070,34,Technology,Asia-Pacific,SMB,21,0,Pro,99.0,24.40909090909091,27,0.5,0.22727272727272727,6.0,21.0,0.615,1.0,2.2,1.0
CUST_02071,13,Retail,North America,SMB,3,1,Basic,29.0,20.25,4,0.25,0.0,7.0,23.0,0.568,1.0,0.0,2.0
CUST_02072,47,E-commerce,Asia-Pacific,SMB,2,1,Basic,29.0,15.333333333333334,2,0.0,0.0,7.0,23.0,0.946,1.0,0.0,0.0
CUST_02073,47,E-commerce,Europe,SMB,1,0,Basic,29.0,18.0,1,1.0,0.25,7.0,23.0,1.0,1.0,1.0,1.0
CUST_02074,395,Healthcare,Europe,Mid-market,14,0,Basic,49.0,40.0,45,0.3333333333333333,0.16666666666666666,7.0,23.0,0.525,1.0,0.0,0.0
CUST_02075,33,Education,Asia-Pacific,SMB,9,1,Basic,29.0,22.4,19,0.3,0.0,7.0,23.0,0.647,1.0,0.0,1.667
CUST_02076,43,Finance,North America,SMB,9,0,Basic,29.0,26.5,16,0.0,0.0,7.0,23.0,0.642,1.0,0.0,0.0
CUST_02077,347,Finance,North America,Mid-market,17,1,Enterprise,499.0,32.36363636363637,75,0.36363636363636365,0.13636363636363635,7.0,23.0,0.587,1.0,3.666,1.375
CUST_02078,27,Finance,Asia-Pacific,SMB,9,1,Basic,29.0,24.7,13,0.1,0.1,7.0,23.0,0.628,1.0,0.0,0.0
CUST_02079,4,Healthcare,Asia-Pacific,SMB,4,1,Basic,29.0,21.6,6,0.0,0.0,7.0,23.0,0.88,1.0,0.0,0.0
CUST_02080,41,Retail,Europe,SMB,5,0,Basic,29.0,18.166666666666668,4,0.5,0.16666666666666666,7.0,23.0,0.798,1.0,0.0,1.0
CUST_02081,112,Retail,Europe,Mid-market,2,1,Basic,49.0,26.666666666666668,7,0.0,0.0,7.0,23.0,1.087,1.0,0.0,0.0
CUST_02082,9,Retail,North America,SMB,9,1,Basic,29.0,22.916666666666668,28,0.25,0.0,7.0,23.0,0.72,1.0,0.0,0.0
CUST_02083,526,Education,Europe,Enterprise,16,0,Pro,299.0,65.3529411764706,116,0.5882352941176471,0.4117647058823529,8.0,15.0,0.635,1.0,1.214,1.7
CUST_02084,3,E-commerce,Asia-Pacific,SMB,5,1,Basic,29.0,18.125,4,0.25,0.0,7.0,23.0,0.855,1.0,0.0,2.0
CUST_02085,38,Finance,North America,SMB,17,1,Pro,99.0,22.25,35,0.25,0.1,8.0,27.0,0.449,1.0,0.0,0.0
CUST_02086,2524,E-commerce,Europe,Enterprise,12,0,Basic,99.0,60.07692307692308,84,0.23076923076923078,0.07692307692307693,7.0,23.0,0.716,1.0,0.0,0.0
CUST_02087,2019,Education,North America,Enterprise,7,0,Enterprise,999.0,70.875,55,0.25,0.25,7.0,23.0,0.55,1.0,0.0,0.0
CUST_02088,454,Healthcare,Asia-Pacific,Mid-market,1,1,Enterprise,499.0,29.0,4,0.5,0.0,7.0,23.0,1.0,1.0,0.0,1.0
CUST_02089,23,E-commerce,Europe,SMB,9,1,Basic,29.0,25.7,15,0.4,0.1,7.0,23.0,0.35,1.0,0.0,0.0
CUST_02090,338,Healthcare,Asia-Pacific,Mid-market,9,1,Basic,49.0,36.4,36,0.3,0.2,7.0,23.0,0.769,1.0,2.5,1.667
CUST_02091,4377,Healthcare,North America,Enterprise,16,0,Pro,299.0,67.94117647058823,108,0.4117647058823529,0.29411764705882354,7.0,23.0,0.243,1.0,1.7,1.214
CUST_02092,3091,Finance,Latin America,Enterprise,9,1,Enterprise,999.0,73.91666666666667,73,0.25,0.25,7.0,23.0,0.582,1.0,0.0,0.0
CUST_02093,21,Technology,North America,SMB,2,1,Basic,29.0,11.666666666666666,3,0.3333333333333333,0.0,7.0,23.0,1.071,1.0,0.0,1.5
CUST_02094,3732,E-commerce,Latin America,Enterprise,13,0,Enterprise,999.0,58.07142857142857,95,0.42857142857142855,0.17857142857142858,7.0,23.0,0.517,1.0,0.0,0.0
CUST_02095,2840,Retail,Asia-Pacific,Enterprise,9,1,Enterprise,999.0,61.5,75,0.16666666666666666,0.08333333333333333,7.0,23.0,0.561,1.0,0.0,0.0
CUST_02096,37,E-commerce,Asia-Pacific,SMB,8,0,Basic,29.0,28.0,21,0.4444444444444444,0.2777777777777778,7.0,23.0,0.607,1.0,0.9,2.25
CUST_02097,269,Finance,Asia-Pacific,Mid-market,3,1,Pro,199.0,29.0,11,0.25,0.0,7.0,23.0,0.879,1.0,0.0,2.0
CUST_02098,442,Education,Europe,Mid-market,14,0,Basic,49.0,31.933333333333334,62,0.6666666666666666,0.3333333333333333,7.0,23.0,0.689,1.0,1.5,0.75
CUST_02099,1874,Technology,Europe,Enterprise,0,0,Enterprise,999.0,26.0,3,0.0,0.0,7.0,23.0,1.0,1.0,0.0,0.0
CUST_02100,19,Finance,Latin America,SMB,13,0,Basic,29.0,21.714285714285715,17,0.14285714285714285,0.03571428571428571,7.0,23.0,0.368,1.0,0.0,0.0
CUST_02101,2071,Education,Europe,Enterprise,12,0,Enterprise,999.0,56.69230769230769,93,0.5384615384615384,0.23076923076923078,7.0,23.0,0.591,1.0,2.167,1.857
CUST_02102,26,Education,North America,SMB,11,0,Basic,29.0,24.666666666666668,25,0.16666666666666666,0.0,7.0,23.0,0.851,1.0,0.0,0.0
CUST_02103,22,Technology,North America,SMB,15,0,Basic,29.0,26.6875,28,0.3125,0.09375,8.0,26.0,0.618,1.0,0.0,1.6
CUST_02104,15,E-commerce,Europe,SMB,0,0,Basic,29.0,15.0,2,0.0,0.0,7.0,23.0,1.0,1.0,0.0,0.0
CUST_02105,41,Education,Latin America,SMB,20,0,Basic,29.0,26.19047619047619,37,0.2857142857142857,0.031746031746031744,7.0,23.0,0.325,1.0,0.0,0.0
CUST_02106,270,Healthcare,Europe,Mid-market,1,0,Pro,199.0,28.5,4,0.0,0.0,7.0,23.0,1.0,1.0,0.0,0.0
CUST_02107,22,Education,North America,SMB,7,0,Pro,99.0,19.625,11,0.125,0.0,7.0,23.0,0.994,1.0,0.0,4.0
CUST_02108,34,Healthcare,Asia-Pacific,SMB,3,1,Basic,29.0,21.25,5,0.25,0.0,7.0,23.0,0.824,1.0,0.0,0.0
CUST_02109,229,Education,North America,Mid-market,18,0,Enterprise,499.0,45.578947368421055,65,0.2631578947368421,0.18421052631578946,7.0,18.0,0.669,1.0,0.0,0.0
CUST_02110,46,Technology,Asia-Pacific,SMB,1,0,Basic,29.0,14.0,1,0.0,0.0,7.0,23.0,1.0,1.0,0.0,0.0
CUST_02111,254,E-commerce,Europe,Mid-market,12,0,Pro,199.0,42.84615384615385,40,0.15384615384615385,0.038461538461538464,7.0,23.0,0.513,1.0,0.0,0.0
CUST_02112,23,E-commerce,Asia-Pacific,SMB,6,0,Basic,29.0,16.571428571428573,4,0.14285714285714285,0.0,7.0,23.0,0.845,1.0,0.0,3.5
CUST_02113,43,Retail,North America,SMB,16,0,Pro,99.0,24.647058823529413,27,0.058823529411764705,0.0,6.0,0.0,0.71,1.0,0.0,8.499
CUST_02114,1582,E-commerce,Europe,Enterprise,20,1,Enterprise,999.0,73.08695652173913,164,0.34782608695652173,0.18478260869565216,7.0,23.0,0.445,1.0,0.0,0.0
CUST_02115,1952,Technology,Europe,Enterprise,12,0,Pro,299.0,69.0,82,0.6923076923076923,0.4230769230769231,10.0,40.0,0.304,1.0,0.0,0.0
CUST_02116,2,Education,North America,SMB,2,0,Enterprise,299.0,20.333333333333332,2,0.0,0.0,7.0,23.0,1.033,1.0,0.0,0.0
CUST_02117,32,Finance,North America,SMB,12,0,Pro,99.0,24.23076923076923,23,0.15384615384615385,0.07692307692307693,7.0,23.0,0.867,1.0,0.0,0.0
CUST_02118,1,Education,Europe,SMB,3,1,Basic,29.0,17.0,4,0.0,0.0,7.0,23.0,0.971,1.0,0.0,0.0
CUST_02119,1444,Finance,Asia-Pacific,Enterprise,23,0,Basic,99.0,74.04166666666667,165,0.5,0.3125,7.0,9.0,0.763,1.0,3.2,3.0
CUST_02120,227,Retail,Latin America,Mid-market,7,1,Basic,49.0,45.3,41,0.3,0.2,7.0,23.0,0.464,1.0,2.5,3.333
CUST_02121,47,Retail,North America,SMB,10,0,Basic,29.0,23.0,16,0.18181818181818182,0.18181818181818182,9.0,37.0,0.609,1.0,0.0,0.0
CUST_02122,59,Finance,Latin America,Mid-market,21,0,Basic,49.0,43.09090909090909,75,0.4090909090909091,0.16666666666666666,7.0,23.0,0.534,1.0,0.0,1.222
CUST_02123,4884,Healthcare,Europe,Enterprise,3,0,Pro,299.0,46.25,23,0.25,0.25,7.0,23.0,1.124,1.0,0.0,0.0
CUST_02124,25,Education,North America,SMB,4,0,Pro,99.0,17.2,6,0.2,0.0,7.0,23.0,1.047,1.0,0.0,0.0
CUST_02125,17,Healthcare,North America,SMB,9,0,Pro,99.0,24.9,16,0.2,0.1,6.0,-12.0,0.643,1.0,0.0,2.5
CUST_02126,8,Retail,North America,SMB,1,0,Basic,29.0,19.5,1,0.0,0.0,5.0,11.0,1.0,1.0,0.0,0.0
CUST_02127,48,Education,Asia-Pacific,SMB,13,0,Basic,29.0,24.357142857142858,22,0.21428571428571427,0.07142857142857142,7.0,8.0,0.862,1.0,0.0,0.0
CUST_02128,10,Technology,Europe,SMB,18,0,Basic,29.0,26.94736842105263,21,0.10526315789473684,0.05263157894736842,7.0,23.0,0.297,1.0,0.0,0.0
CUST_02129,430,E-commerce,North America,Mid-market,1,1,Basic,49.0,29.0,2,0.5,0.0,7.0,23.0,1.0,1.0,0.0,1.0
CUST_02130,40,Finance,Europe,SMB,6,0,Pro,99.0,18.428571428571427,15,0.0,0.0,7.0,23.0,0.678,1.0,0.0,0.0
CUST_02131,6,Retail,Europe,SMB,17,0,Pro,99.0,26.0,25,0.2777777777777778,0.05555555555555555,7.0,23.0,0.923,1.0,0.0,0.0
CUST_02132,31,E-commerce,Asia-Pacific,SMB,18,1,Enterprise,299.0,19.571428571428573,21,0.09523809523809523,0.047619047619047616,9.0,44.0,0.511,1.0,10.498,5.249
CUST_02133,3871,Finance,Asia-Pacific,Enterprise,17,0,Pro,299.0,70.05555555555556,103,0.6111111111111112,0.3703703703703704,7.0,23.0,0.592,1.0,1.35,0.818
CUST_02134,11,Finance,Latin America,SMB,9,1,Basic,29.0,25.25,14,0.08333333333333333,0.08333333333333333,7.0,23.0,0.337,1.0,0.0,0.0
CUST_02135,108,E-commerce,North America,Mid-market,0,0,Basic,49.0,17.0,1,0.0,0.0,7.0,23.0,1.0,1.0,0.0,0.0
CUST_02136,1179,Retail,North America,Enterprise,23,0,Enterprise,999.0,76.0,179,0.5833333333333334,0.4166666666666667,8.0,28.0,0.493,1.0,1.2,1.714
CUST_02137,152,Technology,Europe,Mid-market,17,0,Basic,49.0,46.388888888888886,63,0.3888888888888889,0.2222222222222222,7.0,23.0,0.614,1.0,2.25,2.571
CUST_02138,209,Technology,Europe,Mid-market,13,0,Basic,49.0,46.42857142857143,40,0.07142857142857142,0.07142857142857142,7.0,23.0,0.808,1.0,0.0,0.0
CUST_02139,2143,Technology,North America,Enterprise,6,1,Enterprise,999.0,57.42857142857143,50,0.5714285714285714,0.2857142857142857,7.0,23.0,0.697,1.0,1.75,1.75
CUST_02140,330,Finance,North America,Mid-market,2,1,Pro,199.0,24.4,15,0.0,0.0,7.0,23.0,1.352,1.0,0.0,0.0
CUST_02141,272,Healthcare,Europe,Mid-market,1,0,Pro,199.0,28.0,5,0.0,0.0,7.0,23.0,1.0,1.0,0.0,0.0
CUST_02142,4,Technology,North America,SMB,20,0,Basic,29.0,26.047619047619047,38,0.23809523809523808,0.0,7.0,23.0,0.576,1.0,0.0,4.2
CUST_02143,41,E-commerce,Europe,SMB,6,0,Basic,29.0,22.285714285714285,8,0.0,0.0,7.0,23.0,0.942,1.0,0.0,0.0
CUST_02144,21,Healthcare,North America,SMB,22,0,Basic,29.0,26.304347826086957,43,0.17391304347826086,0.043478260869565216,6.0,8.0,0.513,1.0,0.0,0.0
CUST_02145,9,E-commerce,Asia-Pacific,SMB,10,1,Basic,29.0,23.076923076923077,14,0.5384615384615384,0.0,7.0,23.0,0.368,1.0,0.0,0.929
CUST_02146,4955,Education,North America,Enterprise,15,0,Enterprise,999.0,76.9375,104,0.5625,0.4375,7.0,23.0,0.351,1.0,1.143,0.889
CUST_02147,453,Finance,North America,Mid-market,19,1,Pro,199.0,37.59090909090909,85,0.45454545454545453,0.28030303030303033,7.0,23.0,0.479,1.0,1.189,3.3
CUST_02148,31,Technology,Latin America,SMB,4,0,Pro,99.0,29.6,10,0.0,0.0,6.0,37.0,0.743,1.0,0.0,0.0
CUST_02149,29,Healthcare,Asia-Pacific,SMB,5,0,Pro,99.0,18.0,10,0.0,0.0,7.0,23.0,0.611,1.0,0.0,0.0
CUST_02150,22,Education,Asia-Pacific,SMB,0,0,Pro,99.0,6.0,0,0.0,0.0,7.0,23.0,1.0,1.0,0.0,0.0
CUST_02151,18,Retail,Europe,SMB,1,0,Basic,29.0,7.0,0,0.5,0.0,7.0,23.0,1.0,1.0,0.0,1.0
CUST_02152,16,Technology,North America,SMB,2,1,Basic,29.0,14.333333333333334,2,0.3333333333333333,0.0,7.0,23.0,1.151,1.0,0.0,1.5
CUST_02153,3,Technology,Asia-Pacific,SMB,7,0,Basic,29.0,22.875,9,0.0,0.0,7.0,23.0,0.787,1.0,0.0,0.0
CUST_02154,67,E-commerce,Latin America,Mid-market,21,0,Pro,199.0,45.13636363636363,94,0.22727272727272727,0.045454545454545456,7.0,23.0,0.543,1.0,0.0,0.0
CUST_02155,44,Education,Europe,SMB,4,0,Basic,29.0,18.6,5,0.2,0.0,7.0,23.0,1.237,1.0,0.0,0.0
CUST_02156,45,Technology,Asia-Pacific,SMB,1,1,Basic,29.0,14.0,1,0.5,0.0,7.0,23.0,1.0,1.0,0.0,1.0
CUST_02157,290,Education,North America,Mid-market,18,1,Enterprise,499.0,37.857142857142854,90,0.2857142857142857,0.14285714285714285,7.0,23.0,0.436,1.0,0.0,1.75
CUST_02158,15,Retail,Asia-Pacific,SMB,13,0,Basic,29.0,27.142857142857142,19,0.35714285714285715,0.21428571428571427,7.0,23.0,0.608,1.0,0.0,0.0
CUST_02159,5,Education,Europe,SMB,2,1,Pro,99.0,16.333333333333332,5,0.0,0.0,7.0,23.0,0.98,1.0,0.0,0.0
CUST_02160,11,Finance,North America,SMB,14,0,Basic,29.0,22.666666666666668,30,0.13333333333333333,0.06666666666666667,7.0,23.0,0.375,1.0,0.0,0.0
CUST_02161,477,E-commerce,Latin America,Mid-market,6,0,Basic,49.0,43.42857142857143,22,0.0,0.0,7.0,23.0,0.553,1.0,0.0,0.0
CUST_02162,15,Technology,Europe,SMB,16,0,Basic,29.0,25.176470588235293,29,0.058823529411764705,0.0,7.0,23.0,0.417,1.0,0.0,0.0
CUST_02163,1159,Education,Europe,Enterprise,6,0,Enterprise,999.0,52.857142857142854,42,0.42857142857142855,0.42857142857142855,7.0,23.0,0.785,1.0,1.167,1.167
CUST_02164,36,Retail,Europe,SMB,18,0,Pro,99.0,25.263157894736842,41,0.2631578947368421,0.10526315789473684,7.0,23.0,0.712,1.0,0.0,0.0
CUST_02165,29,Healthcare,Europe,SMB,9,0,Basic,29.0,24.9,13,0.1,0.0,7.0,23.0,0.361,1.0,0.0,0.0
CUST_02166,45,Technology,Europe,SMB,3,1,Basic,29.0,9.666666666666666,9,0.0,0.0,7.0,23.0,0.983,1.0,0.0,0.0
CUST_02167,179,Technology,Latin America,Mid-market,4,1,Basic,49.0,27.4,18,0.2,0.2,7.0,23.0,0.985,1.0,2.5,2.5
CUST_02168,380,Technology,North America,Mid-market,0,0,Pro,199.0,24.0,1,0.0,0.0,7.0,23.0,1.0,1.0,0.0,0.0
CUST_02169,25,Retail,North America,SMB,6,0,Pro,99.0,21.0,7,0.42857142857142855,0.21428571428571427,7.0,23.0,0.976,1.0,3.5,3.5
CUST_02170,3477,Finance,Asia-Pacific,Enterprise,13,0,Enterprise,999.0,58.857142857142854,101,0.7142857142857143,0.6071428571428571,7.0,23.0,0.629,1.0,0.824,0.7
CUST_02171,176,Finance,Europe,Mid-market,16,0,Pro,199.0,39.294117647058826,52,0.4117647058823529,0.2647058823529412,8.0,29.0,0.369,1.0,0.0,0.0
CUST_02172,3242,Technology,Latin America,Enterprise,4,0,Pro,299.0,53.8,34,0.4,0.4,7.0,23.0,0.567,1.0,1.25,1.25
CUST_02173,17,E-commerce,Europe,SMB,4,1,Basic,29.0,22.8,2,0.0,0.0,7.0,23.0,0.789,1.0,0.0,0.0
CUST_02174,469,E-commerce,Latin America,Mid-market,10,0,Pro,199.0,45.36363636363637,29,0.36363636363636365,0.09090909090909091,7.0,23.0,0.661,1.0,5.499,1.375
CUST_02175,12,Retail,Europe,SMB,13,0,Basic,29.0,24.285714285714285,19,0.21428571428571427,0.14285714285714285,7.0,23.0,0.618,1.0,0.0,0.0
CUST_02176,25,Education,North America,SMB,5,0,Basic,29.0,14.5,15,0.16666666666666666,0.16666666666666666,7.0,23.0,0.448,1.0,3.0,3.0
CUST_02177,298,Retail,North America,Mid-market,21,1,Basic,49.0,38.458333333333336,93,0.20833333333333334,0.0625,7.0,23.0,0.52,1.0,0.0,0.0
CUST_02178,132,Healthcare,Asia-Pacific,Mid-market,3,0,Pro,199.0,21.5,13,0.75,0.5,7.0,23.0,1.209,1.0,1.0,1.333
CUST_02179,31,Retail,Europe,SMB,2,0,Pro,99.0,18.666666666666668,5,0.6666666666666666,0.0,7.0,23.0,0.777,1.0,0.0,1.5
CUST_02180,25,E-commerce,Asia-Pacific,SMB,5,1,Pro,99.0,17.666666666666668,4,0.0,0.0,8.0,17.0,0.481,1.0,0.0,0.0
CUST_02181,39,Technology,North America,SMB,3,0,Basic,29.0,21.0,5,0.75,0.25,7.0,23.0,0.857,1.0,0.0,1.333
CUST_02182,4746,Technology,North America,Enterprise,2,0,Enterprise,999.0,38.333333333333336,6,0.0,0.0,7.0,23.0,0.9,1.0,0.0,0.0
CUST_02183,21,Retail,Europe,SMB,22,0,Basic,29.0,26.0,42,0.2608695652173913,0.06521739130434782,7.0,23.0,0.404,1.0,0.0,1.917
CUST_02184,7,Retail,North America,SMB,22,0,Basic,29.0,31.043478260869566,30,0.2608695652173913,0.08695652173913043,7.0,23.0,0.483,1.0,0.0,0.0
CUST_02185,44,Healthcare,Europe,SMB,19,0,Basic,29.0,24.1,30,0.1,0.05,5.0,16.0,0.788,1.0,0.0,0.0
CUST_02186,221,E-commerce,Europe,Mid-market,23,0,Enterprise,499.0,44.875,92,0.20833333333333334,0.08333333333333333,7.0,23.0,0.613,1.0,5.999,2.4
CUST_02187,41,Technology,Asia-Pacific,SMB,2,1,Enterprise,299.0,10.666666666666666,6,0.3333333333333333,0.0,7.0,23.0,0.656,1.0,0.0,1.5
CUST_02188,15,Finance,North America,SMB,1,0,Basic,29.0,10.5,2,0.0,0.0,7.0,23.0,1.0,1.0,0.0,0.0
CUST_02189,5,Finance,Europe,SMB,9,1,Basic,29.0,25.7,16,0.0,0.0,7.0,23.0,0.7,1.0,0.0,0.0
CUST_02190,23,E-commerce,Europe,SMB,3,1,Basic,29.0,22.5,6,0.0,0.0,7.0,23.0,0.933,1.0,0.0,0.0
CUST_02191,22,Retail,North America,SMB,23,1,Basic,29.0,24.307692307692307,33,0.038461538461538464,0.038461538461538464,7.0,15.0,0.391,1.0,0.0,0.0
CUST_02192,38,Retail,North America,SMB,10,1,Basic,29.0,20.363636363636363,22,0.18181818181818182,0.0,7.0,30.0,0.589,1.0,0.0,0.0
CUST_02193,2,Education,Latin America,SMB,9,0,Basic,29.0,21.0,21,0.2,0.1,7.0,23.0,0.548,1.0,0.0,0.0
CUST_02194,9,Technology,Europe,SMB,16,1,Pro,99.0,29.0,30,0.47368421052631576,0.18421052631578946,8.0,59.0,0.276,1.0,0.0,0.0
CUST_02195,15,Education,North America,SMB,0,0,Pro,99.0,8.0,0,0.0,0.0,7.0,23.0,1.0,1.0,0.0,0.0
CUST_02196,40,E-commerce,North America,SMB,1,0,Basic,29.0,8.5,1,0.0,0.0,7.0,23.0,1.0,1.0,0.0,0.0
CUST_02197,41,Retail,Latin America,SMB,3,1,Basic,29.0,14.5,4,0.0,0.0,7.0,23.0,0.828,1.0,0.0,0.0
CUST_02198,24,Healthcare,Europe,SMB,0,0,Basic,29.0,14.0,1,1.0,0.0,7.0,23.0,1.0,1.0,0.0,1.0
CUST_02199,14,Healthcare,Latin America,SMB,7,0,Basic,29.0,18.625,12,0.25,0.25,7.0,23.0,0.456,1.0,2.0,2.0
CUST_02200,206,E-commerce,North America,Mid-market,10,0,Pro,199.0,34.90909090909091,43,0.18181818181818182,0.09090909090909091,8.0,27.0,0.587,1.0,0.0,0.0
CUST_02201,385,Technology,Asia-Pacific,Mid-market,4,1,Basic,49.0,27.0,8,0.0,0.0,7.0,23.0,0.926,1.0,0.0,0.0
CUST_02202,24,Retail,North America,SMB,1,1,Basic,29.0,6.5,5,0.0,0.0,7.0,23.0,1.0,1.0,0.0,0.0
CUST_02203,36,Finance,Europe,SMB,9,1,Pro,99.0,25.583333333333332,17,0.16666666666666666,0.0,7.0,23.0,0.41,1.0,0.0,3.0
CUST_02204,43,Education,North America,SMB,19,0,Basic,29.0,23.6,39,0.2,0.15,8.0,38.0,0.53,1.0,0.0,0.0
CUST_02205,439,Education,Europe,Mid-market,11,0,Pro,199.0,41.0,50,0.3333333333333333,0.25,7.0,18.0,0.659,1.0,0.0,0.0
CUST_02206,55,Healthcare,Latin America,Mid-market,5,0,Basic,49.0,30.833333333333332,18,0.5,0.3333333333333333,7.0,23.0,0.746,1.0,1.5,1.0
CUST_02207,32,Technology,Latin America,SMB,10,1,Basic,29.0,21.727272727272727,20,0.09090909090909091,0.0,7.0,23.0,0.621,1.0,0.0,0.0
CUST_02208,177,Education,North America,Mid-market,6,1,Basic,49.0,36.857142857142854,20,0.5714285714285714,0.42857142857142855,7.0,23.0,1.031,1.0,1.167,0.875
CUST_02209,22,Technology,North America,SMB,21,0,Basic,29.0,22.5,39,0.13636363636363635,0.0,7.0,23.0,0.467,1.0,0.0,0.0
CUST_02210,4642,Education,Asia-Pacific,Enterprise,14,0,Basic,99.0,70.93333333333334,89,0.7333333333333333,0.35,7.0,23.0,0.797,1.0,1.429,1.364
CUST_02211,29,Finance,Latin America,SMB,3,0,Basic,29.0,16.75,7,0.25,0.25,7.0,23.0,1.015,1.0,0.0,0.0
CUST_02212,3411,E-commerce,Asia-Pacific,Enterprise,14,0,Basic,99.0,61.53333333333333,88,0.6666666666666666,0.26666666666666666,8.0,37.0,0.366,1.0,1.875,1.5
CUST_02213,48,Retail,North America,SMB,17,0,Basic,29.0,22.77777777777778,35,0.4444444444444444,0.19444444444444445,7.0,23.0,0.417,1.0,0.0,0.0
CUST_02214,42,Education,Asia-Pacific,SMB,8,0,Pro,99.0,21.333333333333332,16,0.3333333333333333,0.1111111111111111,7.0,23.0,0.375,1.0,4.5,4.5
CUST_02215,9,E-commerce,North America,SMB,11,1,Basic,29.0,24.583333333333332,17,0.0,0.0,7.0,23.0,0.631,1.0,0.0,0.0
CUST_02216,26,Education,Asia-Pacific,SMB,6,1,Basic,29.0,23.285714285714285,11,0.0,0.0,7.0,23.0,0.472,1.0,0.0,0.0
CUST_02217,9,E-commerce,Latin America,SMB,11,1,Basic,29.0,24.5,15,0.0,0.0,7.0,23.0,0.592,1.0,0.0,0.0
CUST_02218,434,Education,Europe,Mid-market,3,0,Basic,49.0,37.25,6,0.25,0.25,7.0,23.0,0.779,1.0,2.0,2.0
CUST_02219,47,Finance,Europe,SMB,17,0,Pro,99.0,24.77777777777778,33,0.1111111111111111,0.0,7.0,23.0,0.585,1.0,0.0,4.5
CUST_02220,479,Retail,Asia-Pacific,Mid-market,12,1,Enterprise,499.0,40.93333333333333,51,0.2,0.13333333333333333,7.0,23.0,0.818,1.0,3.75,2.5
CUST_02221,1027,Retail,North America,Enterprise,4,0,Enterprise,999.0,41.8,34,0.2,0.2,7.0,23.0,0.562,1.0,0.0,0.0
CUST_02222,23,Technology,North America,SMB,13,1,Pro,99.0,23.0,27,0.125,0.0,6.0,28.0,0.848,1.0,0.0,4.0
CUST_02223,31,Finance,Europe,SMB,11,1,Basic,29.0,24.083333333333332,20,0.16666666666666666,0.0,7.0,23.0,0.768,1.0,0.0,0.0
CUST_02224,28,Technology,Europe,SMB,15,0,Basic,29.0,24.1875,21,0.3125,0.1875,7.0,23.0,0.682,1.0,2.667,3.2
CUST_02225,23,Healthcare,North America,SMB,0,0,Basic,29.0,25.0,2,0.0,0.0,7.0,23.0,1.0,1.0,0.0,0.0
CUST_02226,45,Retail,North America,SMB,3,0,Basic,29.0,24.25,3,0.25,0.0,8.0,29.0,0.742,1.0,0.0,2.0
CUST_02227,35,Healthcare,Europe,SMB,0,0,Basic,29.0,20.0,1,0.0,0.0,7.0,23.0,1.0,1.0,0.0,0.0
CUST_02228,28,Education,North America,SMB,7,1,Pro,99.0,26.625,12,0.125,0.0,7.0,23.0,0.826,1.0,0.0,4.0
CUST_02229,95,Finance,North America,Mid-market,0,0,Pro,199.0,25.0,3,1.0,1.0,7.0,23.0,1.0,1.0,1.0,1.0
CUST_02230,39,Retail,Latin America,SMB,9,0,Enterprise,299.0,24.0,28,0.3,0.3,7.0,23.0,0.562,1.0,0.0,0.0
CUST_02231,1553,Healthcare,Latin America,Enterprise,11,0,Basic,99.0,69.08333333333333,72,0.4166666666666667,0.3333333333333333,7.0,23.0,0.434,1.0,1.5,1.2
CUST_02232,384,Healthcare,Europe,Mid-market,3,0,Pro,199.0,31.5,7,0.5,0.25,7.0,23.0,0.651,1.0,2.0,2.0
CUST_02233,1955,E-commerce,Europe,Enterprise,22,1,Enterprise,999.0,73.5925925925926,185,0.6666666666666666,0.2469135802469136,7.0,23.0,0.408,1.0,2.025,0.75
CUST_02234,27,Education,Asia-Pacific,SMB,6,0,Pro,99.0,15.0,8,0.2857142857142857,0.0,7.0,23.0,0.833,1.0,0.0,1.75
CUST_02235,46,Education,Asia-Pacific,SMB,6,1,Basic,29.0,20.0,13,0.0,0.0,7.0,23.0,0.4,1.0,0.0,0.0
CUST_02236,32,E-commerce,Europe,SMB,7,1,Enterprise,299.0,21.25,14,0.125,0.125,7.0,23.0,0.682,1.0,0.0,0.0
CUST_02237,22,Technology,Europe,SMB,18,1,Basic,29.0,24.38095238095238,37,0.09523809523809523,0.0,7.0,23.0,0.841,1.0,0.0,5.249
CUST_02238,2290,Finance,Asia-Pacific,Enterprise,2,0,Enterprise,999.0,47.333333333333336,12,0.0,0.0,7.0,23.0,0.771,1.0,0.0,0.0
CUST_02239,14,Retail,North America,SMB,19,0,Basic,29.0,24.8,35,0.15,0.05,7.0,23.0,0.887,1.0,9.998,3.333
CUST_02240,20,Healthcare,North America,SMB,22,1,Pro,99.0,25.72,39,0.16,0.04,7.0,23.0,0.369,1.0,0.0,0.0
CUST_02241,1939,E-commerce,North America,Enterprise,4,0,Pro,299.0,74.6,20,0.2,0.2,7.0,23.0,0.784,1.0,2.5,2.5
CUST_02242,41,Technology,North America,SMB,6,1,Basic,29.0,21.555555555555557,9,0.1111111111111111,0.0,7.0,23.0,0.812,1.0,0.0,0.0
CUST_02243,153,Finance,Europe,Mid-market,2,0,Pro,199.0,18.333333333333332,10,1.0,0.16666666666666666,7.0,23.0,1.064,1.0,1.5,1.5
CUST_02244,34,Finance,North America,SMB,2,1,Basic,29.0,19.666666666666668,6,0.0,0.0,7.0,23.0,0.864,1.0,0.0,0.0
CUST_02245,351,Retail,Asia-Pacific,Mid-market,8,1,Basic,49.0,41.0,24,0.45454545454545453,0.18181818181818182,7.0,23.0,0.634,1.0,0.0,2.2
CUST_02246,402,Finance,Latin America,Mid-market,1,0,Basic,49.0,21.0,8,0.0,0.0,7.0,23.0,1.0,1.0,0.0,0.0
CUST_02247,31,Technology,North America,SMB,19,0,Basic,29.0,22.4,29,0.1,0.0,7.0,23.0,0.603,1.0,0.0,5.0
CUST_02248,2559,Education,North America,Enterprise,18,1,Enterprise,999.0,69.0,136,0.42857142857142855,0.2857142857142857,10.0,54.0,0.449,1.0,0.0,0.0
CUST_02249,9,Healthcare,Europe,SMB,2,1,Enterprise,299.0,8.333333333333334,1,0.3333333333333333,0.0,7.0,23.0,0.96,1.0,0.0,1.5
CUST_02250,15,Technology,North America,SMB,11,1,Pro,99.0,24.857142857142858,17,0.2857142857142857,0.07142857142857142,7.0,23.0,0.483,1.0,0.0,0.0
CUST_02251,160,Healthcare,Latin America,Mid-market,1,0,Basic,49.0,33.0,6,0.0,0.0,7.0,23.0,1.0,1.0,0.0,0.0
CUST_02252,43,Technology,North America,SMB,8,1,Pro,99.0,27.77777777777778,16,0.4444444444444444,0.1111111111111111,7.0,27.0,0.702,1.0,4.5,1.125
CUST_02253,1,Retail,Europe,SMB,11,0,Pro,99.0,25.583333333333332,26,0.08333333333333333,0.0,7.0,15.0,0.684,1.0,0.0,0.0
CUST_02254,37,E-commerce,North America,SMB,20,0,Basic,29.0,23.19047619047619,32,0.19047619047619047,0.047619047619047616,7.0,23.0,0.604,1.0,0.0,0.0
CUST_02255,29,E-commerce,Asia-Pacific,SMB,12,1,Basic,29.0,30.6,16,0.2,0.0,7.0,23.0,0.654,1.0,0.0,0.0
CUST_02256,1094,Healthcare,Asia-Pacific,Enterprise,3,0,Enterprise,999.0,37.25,22,0.0,0.0,7.0,23.0,1.047,1.0,0.0,0.0
CUST_02257,31,Education,Europe,SMB,6,1,Basic,29.0,19.428571428571427,11,0.14285714285714285,0.0,7.0,23.0,0.386,1.0,0.0,3.5
CUST_02258,45,Education,North America,SMB,14,0,Basic,29.0,26.0,18,0.2,0.06666666666666667,7.0,27.0,0.462,1.0,0.0,0.0
CUST_02259,197,Technology,Asia-Pacific,Mid-market,19,0,Basic,49.0,43.5,68,0.3,0.1,7.0,23.0,0.632,1.0,0.0,0.0
CUST_02260,27,Technology,Asia-Pacific,SMB,11,0,Basic,29.0,20.083333333333332,22,0.25,0.0,7.0,23.0,0.423,1.0,0.0,0.0
CUST_02261,41,E-commerce,Latin America,SMB,19,0,Basic,29.0,24.35,45,0.1,0.05,7.0,23.0,0.534,1.0,0.0,0.0
CUST_02262,17,E-commerce,North America,SMB,23,1,Basic,29.0,25.846153846153847,40,0.19230769230769232,0.0,7.0,23.0,0.348,1.0,0.0,0.0
CUST_02263,12,Healthcare,Europe,SMB,3,1,Pro,99.0,10.5,4,0.25,0.25,7.0,23.0,1.19,1.0,0.0,0.0
CUST_02264,6,Retail,Latin America,SMB,12,0,Pro,99.0,23.615384615384617,23,0.15384615384615385,0.15384615384615385,7.0,23.0,0.529,1.0,3.25,3.25
CUST_02265,37,Healthcare,North America,SMB,3,0,Basic,29.0,13.5,5,0.0,0.0,7.0,20.0,1.074,1.0,0.0,0.0
CUST_02266,25,Finance,Europe,SMB,0,0,Basic,29.0,8.0,2,0.0,0.0,7.0,23.0,1.0,1.0,0.0,0.0
CUST_02267,3278,Education,Latin America,Enterprise,15,1,Enterprise,999.0,69.7,130,0.35,0.3,7.0,23.0,0.43,1.0,1.667,1.429
CUST_02268,24,Healthcare,Europe,SMB,12,0,Basic,29.0,25.23076923076923,27,0.07692307692307693,0.0,7.0,23.0,0.872,1.0,0.0,0.0
CUST_02269,483,Healthcare,North America,Mid-market,19,0,Pro,199.0,39.95,68,0.35,0.175,7.0,23.0,0.713,1.0,2.857,1.429
CUST_02270,4,Education,Latin America,SMB,22,1,Basic,29.0,24.28,37,0.36,0.2,7.0,23.0,0.535,1.0,0.0,0.0
CUST_02271,33,Technology,Europe,SMB,17,0,Basic,29.0,26.166666666666668,42,0.2777777777777778,0.1111111111111111,7.0,16.0,0.287,1.0,4.5,1.8
CUST_02272,31,Retail,North America,SMB,18,0,Basic,29.0,31.736842105263158,27,0.2631578947368421,0.10526315789473684,7.0,23.0,0.646,1.0,4.75,1.9
CUST_02273,481,Technology,North America,Mid-market,23,0,Basic,49.0,46.041666666666664,87,0.4166666666666667,0.20833333333333334,7.0,23.0,0.836,1.0,0.0,3.6
CUST_02274,13,Finance,Asia-Pacific,SMB,17,0,Basic,29.0,25.61111111111111,30,0.2222222222222222,0.05555555555555555,7.0,23.0,0.82,1.0,0.0,0.0
CUST_02275,17,Education,North America,SMB,11,0,Enterprise,299.0,21.5,28,0.16666666666666666,0.0,7.0,23.0,0.535,1.0,0.0,0.0
CUST_02276,27,Education,Europe,SMB,16,1,Basic,29.0,25.31578947368421,30,0.42105263157894735,0.05263157894736842,7.0,23.0,0.731,1.0,0.0,2.375
CUST_02277,234,Finance,Asia-Pacific,Mid-market,16,0,Pro,199.0,44.05882352941177,64,0.47058823529411764,0.06862745098039215,7.0,23.0,0.477,1.0,4.856,4.25
CUST_02278,430,Retail,Europe,Mid-market,18,0,Basic,49.0,43.05263157894737,78,0.3157894736842105,0.12280701754385963,7.0,23.0,0.453,1.0,0.0,0.0
CUST_02279,43,Finance,North America,SMB,3,1,Basic,29.0,17.166666666666668,9,0.0,0.0,7.0,23.0,0.553,1.0,0.0,0.0
CUST_02280,235,E-commerce,North America,Mid-market,11,0,Basic,49.0,42.083333333333336,46,0.08333333333333333,0.08333333333333333,7.0,23.0,0.689,1.0,5.999,5.999
CUST_02281,2218,Healthcare,North America,Enterprise,18,0,Enterprise,999.0,81.89473684210526,116,0.631578947368421,0.34210526315789475,7.0,23.0,0.311,1.0,0.0,0.0
CUST_02282,3382,Finance,Asia-Pacific,Enterprise,23,1,Enterprise,999.0,64.03846153846153,178,0.6153846153846154,0.4423076923076923,7.0,8.0,0.414,1.0,0.0,0.0
CUST_02283,23,Retail,Europe,SMB,4,0,Pro,99.0,21.8,5,0.6,0.2,7.0,23.0,0.734,1.0,2.5,1.667
CUST_02284,40,Retail,North America,SMB,1,1,Basic,29.0,13.5,1,0.5,0.0,7.0,23.0,1.0,1.0,0.0,1.0
CUST_02285,315,Retail,North America,Mid-market,9,1,Pro,199.0,33.0,42,0.16666666666666666,0.08333333333333333,7.0,23.0,1.015,1.0,0.0,0.0
CUST_02286,42,Finance,North America,SMB,6,0,Pro,99.0,16.857142857142858,7,0.14285714285714285,0.14285714285714285,7.0,23.0,0.831,1.0,0.0,0.0
CUST_02287,7,Technology,Europe,SMB,3,0,Basic,29.0,14.25,5,0.0,0.0,7.0,23.0,0.877,1.0,0.0,0.0
CUST_02288,5,Technology,Europe,SMB,17,1,Basic,29.0,24.045454545454547,36,0.09090909090909091,0.045454545454545456,7.0,23.0,0.603,1.0,0.0,0.0
CUST_02289,14,Retail,Asia-Pacific,SMB,12,1,Pro,99.0,19.733333333333334,16,0.0,0.0,7.0,23.0,0.684,1.0,0.0,0.0
CUST_02290,389,Technology,North America,Mid-market,3,0,Pro,199.0,30.75,11,0.0,0.0,7.0,23.0,0.992,1.0,0.0,0.0
CUST_02291,31,Retail,North America,SMB,21,0,Basic,29.0,26.772727272727273,34,0.045454545454545456,0.045454545454545456,7.0,23.0,0.542,1.0,0.0,0.0
CUST_02292,44,Technology,North America,SMB,11,0,Basic,29.0,24.0,21,0.16666666666666666,0.0,7.0,23.0,0.625,1.0,0.0,0.0
CUST_02293,17,Technology,Europe,SMB,9,0,Pro,99.0,27.2,13,0.1,0.1,7.0,23.0,0.882,1.0,0.0,0.0
CUST_02294,29,E-commerce,North America,SMB,6,1,Basic,29.0,17.142857142857142,13,0.42857142857142855,0.14285714285714285,7.0,23.0,0.35,1.0,0.0,1.167
CUST_02295,139,Education,Europe,Mid-market,9,0,Enterprise,499.0,32.8,29,0.1,0.0,8.0,37.0,0.747,1.0,0.0,0.0
CUST_02296,341,Education,North America,Mid-market,1,0,Pro,199.0,32.5,5,1.0,1.0,7.0,23.0,1.0,1.0,1.0,1.0
CUST_02297,320,Finance,North America,Mid-market,21,0,Pro,199.0,45.27272727272727,97,0.4090909090909091,0.20454545454545456,5.0,-21.0,0.464,1.0,2.444,2.444
CUST_02298,529,Technology,North America,Enterprise,4,0,Enterprise,999.0,49.6,28,0.4,0.4,7.0,23.0,0.696,1.0,1.25,1.25
CUST_02299,34,Retail,Latin America,SMB,19,0,Pro,99.0,29.95,40,0.25,0.05,6.0,15.0,0.484,1.0,0.0,0.0
CUST_02300,31,Finance,Latin America,SMB,14,0,Pro,99.0,21.933333333333334,25,0.2,0.0,7.0,23.0,0.296,1.0,0.0,0.0
CUST_02301,37,Education,North America,SMB,1,1,Pro,99.0,18.5,3,0.0,0.0,7.0,23.0,1.0,1.0,0.0,0.0
CUST_02302,3539,E-commerce,North America,Enterprise,0,0,Basic,99.0,16.0,5,1.0,1.0,7.0,23.0,1.0,1.0,1.0,1.0
CUST_02303,31,Retail,North America,SMB,10,0,Pro,99.0,20.09090909090909,22,0.5454545454545454,0.0,7.0,23.0,0.572,1.0,0.0,0.917
CUST_02304,36,Technology,Europe,SMB,9,0,Basic,29.0,23.2,13,0.0,0.0,7.0,23.0,0.819,1.0,0.0,0.0
CUST_02305,11,Technology,North America,SMB,8,1,Pro,99.0,21.444444444444443,9,0.1111111111111111,0.0,7.0,23.0,0.909,1.0,0.0,4.5
CUST_02306,28,Education,Asia-Pacific,SMB,0,0,Basic,29.0,12.0,0,0.0,0.0,7.0,23.0,1.0,1.0,0.0,0.0
CUST_02307,240,E-commerce,Europe,Mid-market,5,0,Basic,49.0,30.0,20,0.5,0.08333333333333333,7.0,23.0,0.817,1.0,0.0,0.0
CUST_02308,10,Technology,Europe,SMB,0,0,Basic,29.0,22.0,2,0.0,0.0,7.0,23.0,1.0,1.0,0.0,0.0
CUST_02309,29,Technology,Asia-Pacific,SMB,12,1,Basic,29.0,19.6,27,0.06666666666666667,0.0,6.0,-6.0,0.638,1.0,0.0,0.0
CUST_02310,44,Retail,North America,SMB,16,0,Basic,29.0,25.941176470588236,26,0.23529411764705882,0.029411764705882353,6.0,15.0,0.54,1.0,0.0,0.0
CUST_02311,2927,Retail,North America,Enterprise,1,0,Enterprise,999.0,37.0,10,0.0,0.0,7.0,23.0,1.0,1.0,0.0,0.0
CUST_02312,14,Healthcare,North America,SMB,2,1,Pro,99.0,9.333333333333334,0,0.0,0.0,7.0,23.0,1.232,1.0,0.0,0.0
CUST_02313,34,Retail,North America,SMB,17,0,Basic,29.0,25.555555555555557,43,0.1111111111111111,0.0,7.0,23.0,0.489,1.0,0.0,0.0
CUST_02314,25,Healthcare,Europe,SMB,23,0,Basic,29.0,25.916666666666668,38,0.041666666666666664,0.041666666666666664,7.0,23.0,0.463,1.0,0.0,0.0
CUST_02315,21,Retail,Asia-Pacific,SMB,3,0,Basic,29.0,22.25,8,0.0,0.0,7.0,23.0,0.584,1.0,0.0,0.0
CUST_02316,37,E-commerce,Asia-Pacific,SMB,12,0,Pro,99.0,23.307692307692307,29,0.15384615384615385,0.0,7.0,23.0,0.88,1.0,0.0,0.0
CUST_02317,3038,Finance,Europe,Enterprise,13,0,Enterprise,999.0,75.78571428571429,102,0.5,0.25,8.0,33.0,0.66,1.0,2.0,1.0
CUST_02318,10,Retail,Latin America,SMB,14,0,Basic,29.0,26.466666666666665,26,0.4,0.07777777777777777,8.0,23.0,0.397,1.0,0.0,0.0
CUST_02319,361,Finance,Latin America,Mid-market,15,0,Basic,49.0,41.1875,54,0.375,0.15625,7.0,23.0,0.813,1.0,0.0,0.0
CUST_02320,14,Healthcare,North America,SMB,10,0,Basic,29.0,20.0,19,0.09090909090909091,0.09090909090909091,7.0,23.0,0.725,1.0,0.0,0.0
CUST_02321,2,Retail,Asia-Pacific,SMB,18,0,Basic,29.0,27.473684210526315,35,0.15789473684210525,0.05263157894736842,7.0,23.0,0.582,1.0,0.0,3.166
CUST_02322,28,Technology,Asia-Pacific,SMB,20,0,Basic,29.0,25.61904761904762,25,0.38095238095238093,0.07936507936507936,7.0,23.0,0.312,1.0,0.0,0.0
CUST_02323,27,Finance,Europe,SMB,13,0,Basic,29.0,26.071428571428573,29,0.07142857142857142,0.07142857142857142,7.0,23.0,0.403,1.0,0.0,0.0
CUST_02324,20,Healthcare,Asia-Pacific,SMB,14,0,Basic,29.0,25.866666666666667,35,0.2,0.13333333333333333,5.0,0.0,0.425,1.0,0.0,0.0
CUST_02325,165,Healthcare,Asia-Pacific,Mid-market,18,0,Enterprise,499.0,42.21052631578947,61,0.2631578947368421,0.05263157894736842,7.0,23.0,0.77,1.0,0.0,0.0
CUST_02326,354,Healthcare,Asia-Pacific,Mid-market,10,0,Enterprise,499.0,43.81818181818182,40,0.45454545454545453,0.18181818181818182,8.0,25.0,0.787,1.0,2.75,2.2
CUST_02327,39,Technology,North America,SMB,15,0,Basic,29.0,23.125,30,0.125,0.0,7.0,23.0,0.735,1.0,0.0,0.0
CUST_02328,402,Education,Asia-Pacific,Mid-market,10,0,Basic,49.0,34.18181818181818,38,0.18181818181818182,0.09090909090909091,7.0,23.0,0.951,1.0,0.0,0.0
CUST_02329,3705,E-commerce,Asia-Pacific,Enterprise,9,0,Enterprise,999.0,60.2,61,0.2,0.2,7.0,23.0,0.772,1.0,0.0,0.0
CUST_02330,43,E-commerce,Asia-Pacific,SMB,10,1,Basic,29.0,21.076923076923077,14,0.0,0.0,8.0,29.0,0.925,1.0,0.0,0.0
CUST_02331,204,Healthcare,North America,Mid-market,22,0,Pro,199.0,39.08695652173913,80,0.17391304347826086,0.13043478260869565,7.0,23.0,0.269,1.0,3.833,5.75
CUST_02332,48,Technology,North America,SMB,7,0,Basic,29.0,19.75,22,0.375,0.0625,5.0,18.0,0.734,1.0,0.0,0.0
CUST_02333,4456,Finance,North America,Enterprise,8,0,Pro,299.0,53.888888888888886,38,0.2222222222222222,0.1111111111111111,7.0,23.0,0.687,1.0,4.5,2.25
CUST_02334,20,Finance,Europe,SMB,10,0,Basic,29.0,22.90909090909091,21,0.18181818181818182,0.09090909090909091,6.0,6.0,0.589,1.0,5.499,2.75
CUST_02335,493,Education,Latin America,Mid-market,4,0,Basic,49.0,26.2,8,0.2,0.0,7.0,23.0,1.031,1.0,0.0,0.0
CUST_02336,36,Finance,Asia-Pacific,SMB,18,0,Basic,29.0,23.526315789473685,24,0.21052631578947367,0.10526315789473684,7.0,23.0,0.574,1.0,0.0,0.0
CUST_02337,416,Retail,Latin America,Mid-market,23,0,Pro,199.0,40.291666666666664,78,0.3333333333333333,0.16666666666666666,7.0,23.0,0.707,1.0,0.0,0.0
CUST_02338,28,Education,Asia-Pacific,SMB,2,1,Basic,29.0,11.0,2,0.0,0.0,7.0,23.0,0.955,1.0,0.0,0.0
CUST_02339,29,Finance,Latin America,SMB,12,0,Basic,29.0,19.615384615384617,17,0.38461538461538464,0.19230769230769232,7.0,23.0,0.612,1.0,0.0,0.0
CUST_02340,280,E-commerce,Latin America,Mid-market,14,0,Pro,199.0,39.13333333333333,56,0.5333333333333333,0.26666666666666666,7.0,23.0,0.562,1.0,1.875,0.937
CUST_02341,21,Technology,North America,SMB,14,0,Basic,29.0,25.466666666666665,25,0.13333333333333333,0.06666666666666667,7.0,23.0,0.589,1.0,0.0,0.0
CUST_02342,85,Education,Asia-Pacific,Mid-market,1,0,Basic,49.0,25.0,13,0.5,0.5,7.0,23.0,1.0,1.0,1.0,1.0
CUST_02343,287,Finance,North America,Mid-market,20,0,Enterprise,499.0,42.714285714285715,74,0.19047619047619047,0.14285714285714285,9.0,49.0,0.597,1.0,0.0,0.0
CUST_02344,18,Technology,Europe,SMB,6,0,Basic,29.0,25.857142857142858,7,0.14285714285714285,0.14285714285714285,7.0,23.0,0.773,1.0,0.0,0.0
CUST_02345,67,Finance,Asia-Pacific,Mid-market,1,0,Enterprise,499.0,35.5,4,0.5,0.5,7.0,23.0,1.0,1.0,1.0,1.0
CUST_02346,15,Retail,Latin America,SMB,11,0,Basic,29.0,28.571428571428573,18,0.07142857142857142,0.0,7.0,23.0,0.385,1.0,0.0,0.0
CUST_02347,3705,Education,North America,Enterprise,3,0,Basic,99.0,62.5,21,0.25,0.25,7.0,23.0,0.616,1.0,2.0,2.0
CUST_02348,512,Finance,Asia-Pacific,Enterprise,8,0,Enterprise,999.0,56.22222222222222,53,0.7777777777777778,0.4444444444444444,7.0,23.0,0.685,1.0,1.125,1.929
CUST_02349,25,E-commerce,North America,SMB,6,0,Basic,29.0,23.571428571428573,5,0.0,0.0,7.0,23.0,0.424,1.0,0.0,0.0
CUST_02350,361,Finance,Europe,Mid-market,0,0,Pro,199.0,23.0,0,0.0,0.0,7.0,23.0,1.0,1.0,0.0,0.0
CUST_02351,79,Finance,Europe,Mid-market,19,0,Pro,199.0,42.15,73,0.2,0.1,7.0,15.0,0.368,1.0,5.0,2.5
CUST_02352,3295,Finance,Europe,Enterprise,4,0,Enterprise,999.0,63.8,26,0.4,0.4,7.0,23.0,0.541,1.0,1.25,1.25
CUST_02353,485,Retail,North America,Mid-market,9,0,Pro,199.0,32.8,28,0.1,0.1,7.0,23.0,0.473,1.0,0.0,0.0
CUST_02354,58,Education,North America,Mid-market,17,1,Basic,49.0,39.86363636363637,67,0.13636363636363635,0.09090909090909091,8.0,17.0,0.815,1.0,0.0,3.666
CUST_02355,2325,Retail,Europe,Enterprise,8,0,Enterprise,999.0,55.333333333333336,50,0.5555555555555556,0.1111111111111111,7.0,23.0,0.705,1.0,0.0,2.7
CUST_02356,322,Retail,Europe,Mid-market,7,1,Basic,49.0,41.0,30,0.125,0.0,7.0,23.0,0.537,1.0,0.0,4.0
CUST_02357,7,Education,Europe,SMB,19,0,Basic,29.0,24.7,35,0.25,0.15,7.0,23.0,0.911,1.0,0.0,2.0
CUST_02358,221,Finance,Asia-Pacific,Mid-market,6,0,Pro,199.0,31.428571428571427,15,0.0,0.0,7.0,23.0,0.748,1.0,0.0,0.0
CUST_02359,3544,Education,Europe,Enterprise,14,0,Enterprise,999.0,67.2,90,0.5333333333333333,0.26666666666666666,10.0,65.0,0.699,1.0,0.0,0.937
CUST_02360,37,Finance,Asia-Pacific,SMB,11,0,Pro,99.0,27.75,18,0.16666666666666666,0.0,7.0,23.0,0.486,1.0,0.0,3.0
CUST_02361,97,Healthcare,Latin America,Mid-market,14,0,Basic,49.0,38.733333333333334,55,0.13333333333333333,0.13333333333333333,7.0,23.0,0.465,1.0,0.0,0.0
CUST_02362,25,E-commerce,North America,SMB,10,1,Pro,99.0,24.636363636363637,21,0.18181818181818182,0.09090909090909091,7.0,23.0,0.792,1.0,5.499,2.75
CUST_02363,47,Retail,North America,SMB,11,0,Pro,99.0,25.583333333333332,25,0.25,0.08333333333333333,7.0,23.0,0.899,1.0,0.0,0.0
CUST_02364,24,Retail,Asia-Pacific,SMB,6,1,Basic,29.0,22.571428571428573,5,0.14285714285714285,0.0,7.0,23.0,0.665,1.0,0.0,3.5
CUST_02365,42,Finance,Asia-Pacific,SMB,6,1,Basic,29.0,19.88888888888889,15,0.2222222222222222,0.2222222222222222,7.0,23.0,0.427,1.0,0.0,0.0
CUST_02366,27,E-commerce,North America,SMB,12,0,Basic,29.0,20.692307692307693,21,0.3076923076923077,0.0,7.0,23.0,1.063,1.0,0.0,3.25
CUST_02367,40,Education,Asia-Pacific,SMB,4,1,Pro,99.0,26.6,5,0.2,0.0,7.0,23.0,0.733,1.0,0.0,2.5
CUST_02368,48,Finance,North America,SMB,1,0,Basic,29.0,18.0,2,0.0,0.0,7.0,23.0,1.0,1.0,0.0,0.0
CUST_02369,4,Finance,Asia-Pacific,SMB,4,0,Basic,29.0,15.0,6,0.2,0.0,7.0,23.0,0.433,1.0,0.0,2.5
CUST_02370,374,Technology,North America,Mid-market,15,1,Enterprise,499.0,44.3,55,0.0,0.0,7.0,32.0,0.553,1.0,0.0,0.0
CUST_02371,31,Finance,Europe,SMB,2,0,Basic,29.0,19.333333333333332,2,0.3333333333333333,0.3333333333333333,6.0,11.0,0.983,1.0,1.5,1.5
CUST_02372,2,Technology,North America,SMB,20,0,Basic,29.0,30.238095238095237,35,0.14285714285714285,0.09523809523809523,8.0,41.0,0.38,1.0,0.0,0.0
CUST_02373,2,Healthcare,Europe,SMB,4,0,Basic,29.0,22.2,9,0.0,0.0,7.0,23.0,0.518,1.0,0.0,0.0
CUST_02374,8,Finance,North America,SMB,17,0,Basic,29.0,23.166666666666668,26,0.05555555555555555,0.05555555555555555,7.0,23.0,0.41,1.0,0.0,0.0
CUST_02375,23,Finance,Europe,SMB,7,1,Basic,29.0,23.375,11,0.125,0.0,7.0,23.0,0.513,1.0,0.0,0.0
CUST_02376,182,Education,Latin America,Mid-market,9,0,Pro,199.0,39.1,40,0.7,0.5,7.0,23.0,0.665,1.0,2.0,1.429
CUST_02377,409,E-commerce,Latin America,Mid-market,19,1,Pro,199.0,40.86363636363637,85,0.2727272727272727,0.18181818181818182,7.0,23.0,0.465,1.0,0.0,0.0
CUST_02378,3727,E-commerce,North America,Enterprise,6,1,Pro,299.0,51.44444444444444,50,0.4444444444444444,0.05555555555555555,7.0,23.0,1.244,1.0,0.0,0.0
CUST_02379,876,Retail,Asia-Pacific,Enterprise,3,0,Enterprise,999.0,52.5,24,0.5,0.25,7.0,23.0,0.81,1.0,0.0,1.0
CUST_02380,13,Finance,Asia-Pacific,SMB,7,1,Pro,99.0,21.3,18,0.1,0.1,7.0,6.0,0.634,1.0,0.0,0.0
CUST_02381,2172,Technology,Asia-Pacific,Enterprise,18,0,Enterprise,999.0,69.05263157894737,143,0.2631578947368421,0.15789473684210525,8.0,39.0,0.478,1.0,3.166,1.9
CUST_02382,179,Healthcare,Latin America,Mid-market,23,1,Basic,49.0,40.0,94,0.5714285714285714,0.32142857142857145,9.0,47.0,0.862,1.0,0.0,0.0
CUST_02383,11,Finance,Latin America,SMB,4,1,Pro,99.0,20.2,8,0.0,0.0,7.0,23.0,0.743,1.0,0.0,0.0
CUST_02384,31,Healthcare,Asia-Pacific,SMB,19,0,Pro,99.0,25.2,34,0.25,0.075,7.0,23.0,0.516,1.0,3.333,4.0
CUST_02385,48,Finance,Latin America,SMB,18,0,Pro,99.0,26.42105263157895,37,0.21052631578947367,0.07894736842105263,7.0,23.0,0.606,1.0,0.0,0.0
CUST_02386,32,Technology,North America,SMB,23,0,Pro,99.0,25.666666666666668,39,0.125,0.041666666666666664,7.0,23.0,0.565,1.0,0.0,0.0
CUST_02387,92,Healthcare,Europe,Mid-market,22,1,Pro,199.0,42.76,97,0.2,0.08,7.0,23.0,0.468,1.0,6.249,5.0
CUST_02388,3426,Technology,North America,Enterprise,2,1,Enterprise,999.0,32.666666666666664,18,0.3333333333333333,0.3333333333333333,7.0,23.0,0.918,1.0,1.5,1.5
CUST_02389,402,E-commerce,Asia-Pacific,Mid-market,0,0,Pro,199.0,9.0,2,2.0,1.0,7.0,23.0,1.0,1.0,1.0,1.0
CUST_02390,35,Finance,North America,SMB,10,0,Enterprise,299.0,22.0,13,0.36363636363636365,0.09090909090909091,7.0,23.0,0.318,1.0,0.0,0.0
CUST_02391,18,Healthcare,North America,SMB,4,0,Basic,29.0,16.6,7,0.0,0.0,7.0,23.0,0.904,1.0,0.0,0.0
CUST_02392,40,Education,Asia-Pacific,SMB,3,0,Basic,29.0,23.5,8,0.0,0.0,7.0,23.0,0.787,1.0,0.0,0.0
CUST_02393,168,Retail,Europe,Mid-market,13,0,Basic,49.0,33.714285714285715,35,0.5714285714285714,0.2261904761904762,7.0,13.0,0.4,1.0,2.21,0.875
CUST_02394,33,Finance,North America,SMB,7,1,Basic,29.0,24.875,6,0.25,0.25,5.0,-6.0,0.603,1.0,2.0,2.0
CUST_02395,6,Finance,North America,SMB,19,0,Basic,29.0,23.55,26,0.1,0.05,7.0,23.0,0.403,1.0,0.0,0.0
CUST_02396,444,Healthcare,North America,Mid-market,16,0,Pro,199.0,43.05882352941177,72,0.4117647058823529,0.14705882352941177,8.0,32.0,0.592,1.0,0.0,0.0
CUST_02397,1925,Finance,North America,Enterprise,0,0,Basic,99.0,38.0,2,0.0,0.0,7.0,23.0,1.0,1.0,0.0,0.0
CUST_02398,1,Education,North America,SMB,7,1,Basic,29.0,23.5,11,0.125,0.125,7.0,23.0,0.426,1.0,0.0,0.0
CUST_02399,2586,E-commerce,Asia-Pacific,Enterprise,12,0,Enterprise,999.0,71.53846153846153,79,0.23076923076923078,0.07692307692307693,8.0,23.0,0.384,1.0,0.0,2.167
CUST_02400,3453,Technology,Europe,Enterprise,10,1,Pro,299.0,72.63636363636364,80,0.09090909090909091,0.09090909090909091,7.0,23.0,0.344,1.0,0.0,0.0
CUST_02401,3462,Finance,Europe,Enterprise,19,1,Pro,299.0,71.13636363636364,151,0.4090909090909091,0.2727272727272727,7.0,23.0,0.576,1.0,0.0,1.222
CUST_02402,19,E-commerce,Europe,SMB,3,0,Pro,99.0,21.0,6,0.0,0.0,7.0,23.0,0.881,1.0,0.0,0.0
CUST_02403,10,E-commerce,North America,SMB,1,0,Pro,99.0,15.5,1,0.0,0.0,7.0,23.0,1.0,1.0,0.0,0.0
CUST_02404,28,Healthcare,North America,SMB,3,1,Basic,29.0,20.5,1,0.75,0.25,7.0,23.0,0.732,1.0,2.0,1.333
CUST_02405,12,Finance,Europe,SMB,14,0,Pro,99.0,28.0,31,0.13333333333333333,0.06666666666666667,6.0,-11.0,0.482,1.0,0.0,0.0
CUST_02406,299,Healthcare,Europe,Mid-market,2,1,Basic,49.0,22.0,7,0.0,0.0,7.0,23.0,1.114,1.0,0.0,0.0
CUST_02407,21,E-commerce,Europe,SMB,6,1,Basic,29.0,22.571428571428573,12,0.2857142857142857,0.0,7.0,23.0,1.019,1.0,0.0,3.5
CUST_02408,28,Healthcare,North America,SMB,19,0,Basic,29.0,23.75,32,0.45,0.1,5.0,8.0,0.695,1.0,0.0,0.0
CUST_02409,33,E-commerce,North America,SMB,0,0,Pro,99.0,8.0,0,0.0,0.0,7.0,23.0,1.0,1.0,0.0,0.0
CUST_02410,16,Education,Europe,SMB,7,1,Pro,99.0,20.125,14,0.25,0.0,7.0,23.0,0.696,1.0,0.0,0.0
CUST_02411,48,Technology,North America,SMB,6,1,Basic,29.0,15.857142857142858,10,0.14285714285714285,0.14285714285714285,7.0,23.0,0.662,1.0,0.0,0.0
CUST_02412,104,Healthcare,North America,Mid-market,3,0,Pro,199.0,31.75,7,0.25,0.25,7.0,23.0,0.866,1.0,0.0,0.0
CUST_02413,164,Finance,Latin America,Mid-market,5,0,Pro,199.0,34.666666666666664,17,0.0,0.0,7.0,23.0,1.096,1.0,0.0,0.0
CUST_02414,23,Healthcare,Latin America,SMB,9,0,Basic,29.0,23.8,23,0.2,0.2,7.0,23.0,0.378,1.0,2.5,2.5
CUST_02415,183,Finance,Europe,Mid-market,6,0,Basic,49.0,37.857142857142854,21,0.2857142857142857,0.14285714285714285,7.0,23.0,0.779,1.0,3.5,1.75
CUST_02416,37,Education,Europe,SMB,1,0,Enterprise,299.0,12.0,1,0.0,0.0,7.0,23.0,1.0,1.0,0.0,0.0
CUST_02417,2191,Retail,North America,Enterprise,2,1,Enterprise,999.0,45.8,26,0.8,0.8,7.0,23.0,1.114,1.0,0.625,0.625
CUST_02418,49,Technology,Latin America,SMB,10,1,Pro,99.0,26.0,19,0.2727272727272727,0.0,7.0,23.0,0.346,1.0,0.0,1.833
CUST_02419,9,Healthcare,Latin America,SMB,6,0,Basic,29.0,23.714285714285715,5,0.2857142857142857,0.14285714285714285,7.0,23.0,0.548,1.0,0.0,1.75
CUST_02420,38,Technology,North America,SMB,23,1,Basic,29.0,23.76923076923077,39,0.19230769230769232,0.057692307692307696,7.0,23.0,0.673,1.0,0.0,0.0
CUST_02421,3,Retail,Europe,SMB,0,0,Basic,29.0,22.0,0,0.0,0.0,7.0,23.0,1.0,1.0,0.0,0.0
CUST_02422,25,Retail,North America,SMB,23,0,Basic,29.0,27.166666666666668,44,0.125,0.041666666666666664,7.0,23.0,0.368,1.0,11.997,4.0
CUST_02423,394,Education,North America,Mid-market,5,0,Enterprise,499.0,40.833333333333336,22,0.16666666666666666,0.16666666666666666,7.0,23.0,1.09,1.0,0.0,0.0
CUST_02424,17,E-commerce,Latin America,SMB,12,0,Basic,29.0,23.076923076923077,25,0.23076923076923078,0.23076923076923078,5.0,-11.0,0.585,1.0,0.0,0.0
CUST_02425,41,E-commerce,Asia-Pacific,SMB,8,1,Basic,29.0,22.22222222222222,11,0.1111111111111111,0.0,7.0,23.0,0.922,1.0,0.0,0.0
CUST_02426,2932,Retail,North America,Enterprise,7,0,Enterprise,999.0,63.5,54,0.625,0.4375,7.0,23.0,0.559,1.0,1.714,2.4
CUST_02427,207,Retail,Asia-Pacific,Mid-market,16,0,Pro,199.0,42.470588235294116,57,0.23529411764705882,0.14705882352941177,7.0,23.0,0.6,1.0,0.0,0.0
CUST_02428,264,E-commerce,Europe,Mid-market,16,0,Basic,49.0,40.529411764705884,57,0.4117647058823529,0.23529411764705882,7.0,23.0,0.74,1.0,0.0,1.214
CUST_02429,276,Finance,North America,Mid-market,2,1,Enterprise,499.0,21.666666666666668,4,0.6666666666666666,0.3333333333333333,8.0,20.0,1.108,1.0,1.5,1.5
CUST_02430,451,Retail,North America,Mid-market,3,1,Pro,199.0,28.0,9,0.0,0.0,7.0,23.0,0.964,1.0,0.0,0.0
CUST_02431,442,E-commerce,North America,Mid-market,14,0,Basic,49.0,41.333333333333336,52,0.2,0.13333333333333333,7.0,23.0,0.581,1.0,3.75,2.5
CUST_02432,201,E-commerce,Asia-Pacific,Mid-market,20,1,Basic,49.0,40.130434782608695,76,0.17391304347826086,0.08695652173913043,7.0,23.0,0.561,1.0,0.0,2.875
CUST_02433,2071,Technology,Latin America,Enterprise,4,0,Enterprise,999.0,59.4,24,0.4,0.4,7.0,23.0,0.64,1.0,1.25,1.25
CUST_02434,6,Education,Europe,SMB,3,1,Basic,29.0,21.0,4,0.0,0.0,7.0,23.0,0.81,1.0,0.0,0.0
CUST_02435,32,Retail,Europe,SMB,17,1,Basic,29.0,24.9,37,0.4,0.075,7.0,23.0,0.803,1.0,0.0,1.25
CUST_02436,19,Retail,Europe,SMB,7,1,Pro,99.0,21.7,16,0.4,0.0,7.0,23.0,0.783,1.0,0.0,0.0
CUST_02437,38,E-commerce,North America,SMB,7,1,Pro,99.0,19.125,7,0.125,0.0,5.0,-21.0,0.575,1.0,0.0,0.0
CUST_02438,5,Retail,Europe,SMB,9,1,Basic,29.0,21.0,17,0.16666666666666666,0.0,7.0,23.0,0.571,1.0,0.0,3.0
CUST_02439,37,E-commerce,Latin America,SMB,13,1,Pro,99.0,27.6875,20,0.125,0.0625,7.0,23.0,0.921,1.0,0.0,0.0
CUST_02440,23,Finance,Europe,SMB,7,1,Basic,29.0,23.0,21,0.0,0.0,7.0,23.0,0.391,1.0,0.0,0.0
CUST_02441,3387,Finance,North America,Enterprise,8,0,Enterprise,999.0,55.333333333333336,47,0.6666666666666666,0.5555555555555556,8.0,29.0,0.976,1.0,0.9,1.5
CUST_02442,18,Healthcare,North America,SMB,16,0,Basic,29.0,25.529411764705884,29,0.058823529411764705,0.0,7.0,23.0,0.548,1.0,0.0,0.0
CUST_02443,7,E-commerce,Latin America,SMB,6,1,Basic,29.0,16.0,12,0.14285714285714285,0.0,7.0,23.0,0.812,1.0,0.0,0.0
CUST_02444,31,Technology,Asia-Pacific,SMB,2,1,Basic,29.0,19.666666666666668,4,0.0,0.0,7.0,23.0,0.941,1.0,0.0,0.0
CUST_02445,33,Retail,Asia-Pacific,SMB,3,0,Pro,99.0,23.0,4,0.0,0.0,7.0,23.0,0.826,1.0,0.0,0.0
CUST_02446,11,Education,North America,SMB,1,0,Basic,29.0,6.0,2,0.0,0.0,7.0,23.0,1.0,1.0,0.0,0.0
CUST_02447,2,Technology,Europe,SMB,20,1,Basic,29.0,25.28,43,0.28,0.16,9.0,32.0,0.791,1.0,3.125,1.786
CUST_02448,154,Technology,Asia-Pacific,Mid-market,14,0,Pro,199.0,43.2,45,0.3333333333333333,0.06666666666666667,7.0,23.0,0.394,1.0,0.0,0.0
CUST_02449,402,Education,North America,Mid-market,10,0,Basic,49.0,37.36363636363637,33,0.18181818181818182,0.0,7.0,23.0,0.589,1.0,0.0,0.0
CUST_02450,35,Healthcare,North America,SMB,7,1,Pro,99.0,27.125,14,0.0,0.0,7.0,23.0,0.553,1.0,0.0,0.0
CUST_02451,35,Retail,Asia-Pacific,SMB,12,0,Basic,29.0,27.76923076923077,23,0.15384615384615385,0.0,7.0,23.0,0.774,1.0,0.0,0.0
CUST_02452,15,Technology,Europe,SMB,0,0,Pro,99.0,16.0,0,0.0,0.0,7.0,23.0,1.0,1.0,0.0,0.0
CUST_02453,28,Education,Asia-Pacific,SMB,4,1,Basic,29.0,18.6,10,0.0,0.0,7.0,23.0,0.726,1.0,0.0,0.0
CUST_02454,2444,Technology,Latin America,Enterprise,12,0,Pro,299.0,57.76923076923077,90,0.38461538461538464,0.3076923076923077,8.0,34.0,0.649,1.0,1.625,1.3
CUST_02455,2395,Finance,Europe,Enterprise,21,0,Enterprise,999.0,62.22727272727273,168,0.5909090909090909,0.38636363636363635,10.0,57.0,0.659,1.0,1.294,2.538
CUST_02456,1,Finance,Europe,SMB,1,1,Basic,29.0,14.0,2,0.0,0.0,7.0,23.0,1.0,1.0,0.0,0.0
CUST_02457,42,Education,North America,SMB,13,0,Enterprise,299.0,24.5,22,0.14285714285714285,0.03571428571428571,7.0,23.0,0.551,1.0,0.0,0.0
CUST_02458,480,Education,Asia-Pacific,Mid-market,4,0,Basic,49.0,26.8,16,0.2,0.2,7.0,23.0,0.578,1.0,0.0,0.0
CUST_02459,48,Technology,North America,SMB,0,0,Enterprise,299.0,20.0,3,0.0,0.0,7.0,23.0,1.0,1.0,0.0,0.0
CUST_02460,1580,Technology,North America,Enterprise,14,0,Enterprise,999.0,66.06666666666666,103,0.8,0.3,10.0,64.0,0.704,1.0,3.333,1.25
CUST_02461,3581,Healthcare,Europe,Enterprise,20,0,Enterprise,999.0,74.80952380952381,150,0.8095238095238095,0.3333333333333333,7.0,23.0,0.388,1.0,1.5,0.618
CUST_02462,24,E-commerce,Europe,SMB,1,0,Basic,29.0,12.5,1,0.0,0.0,7.0,23.0,1.0,1.0,0.0,0.0
CUST_02463,36,Technology,North America,SMB,9,0,Pro,99.0,21.4,18,0.3,0.1,7.0,23.0,0.421,1.0,5.0,1.667
CUST_02464,23,Education,Europe,SMB,16,0,Basic,29.0,26.823529411764707,24,0.11764705882352941,0.11764705882352941,6.0,24.0,0.261,1.0,0.0,0.0
CUST_02465,317,Education,Europe,Mid-market,17,0,Basic,49.0,37.333333333333336,54,0.4444444444444444,0.16666666666666666,7.0,23.0,0.429,1.0,0.0,0.0
CUST_02466,471,Technology,Asia-Pacific,Mid-market,1,1,Basic,49.0,40.0,2,0.5,0.5,7.0,23.0,1.0,1.0,1.0,1.0
CUST_02467,146,Education,North America,Mid-market,3,0,Basic,49.0,26.0,9,0.0,0.0,7.0,23.0,0.731,1.0,0.0,0.0
CUST_02468,182,Finance,North America,Mid-market,19,0,Enterprise,499.0,48.3,82,0.35,0.2,5.0,-4.0,0.714,1.0,0.0,1.429
CUST_02469,781,E-commerce,Europe,Enterprise,19,1,Enterprise,999.0,67.0909090909091,156,0.3181818181818182,0.20454545454545456,7.0,23.0,0.976,1.0,2.444,1.571
CUST_02470,30,Education,Europe,SMB,23,1,Basic,29.0,27.035714285714285,55,0.21428571428571427,0.10714285714285714,7.0,23.0,0.462,1.0,0.0,0.0
CUST_02471,4,Retail,Asia-Pacific,SMB,1,0,Pro,99.0,21.5,2,0.5,0.5,7.0,23.0,1.0,1.0,1.0,1.0
CUST_02472,18,Technology,North America,SMB,14,0,Basic,29.0,20.8,32,0.0,0.0,4.0,10.0,0.745,1.0,0.0,0.0
CUST_02473,2,Healthcare,North America,SMB,4,0,Basic,29.0,22.8,9,0.4,0.2,7.0,23.0,0.724,1.0,2.5,1.25
CUST_02474,34,Healthcare,Europe,SMB,11,1,Pro,99.0,25.416666666666668,25,0.3333333333333333,0.3333333333333333,7.0,23.0,0.531,1.0,0.0,0.0
CUST_02475,14,Education,Europe,SMB,2,1,Enterprise,299.0,10.666666666666666,1,0.0,0.0,7.0,23.0,1.031,1.0,0.0,0.0
CUST_02476,48,E-commerce,North America,SMB,9,0,Pro,99.0,19.2,14,0.0,0.0,4.0,-7.0,0.755,1.0,0.0,0.0
CUST_02477,494,E-commerce,Asia-Pacific,Mid-market,13,0,Pro,199.0,38.357142857142854,50,0.42857142857142855,0.07142857142857142,7.0,25.0,0.769,1.0,0.0,0.0
CUST_02478,39,Healthcare,Latin America,SMB,1,0,Pro,99.0,24.0,4,1.5,0.0,7.0,23.0,1.0,1.0,0.0,1.0
CUST_02479,4,Technology,Latin America,SMB,2,0,Basic,29.0,16.666666666666668,2,0.0,0.0,7.0,23.0,0.96,1.0,0.0,0.0
CUST_02480,451,Finance,North America,Mid-market,13,0,Pro,199.0,34.07142857142857,52,0.5,0.2857142857142857,7.0,23.0,0.778,1.0,1.75,2.0
CUST_02481,4,E-commerce,North America,SMB,1,0,Basic,29.0,17.5,2,0.0,0.0,7.0,23.0,1.0,1.0,0.0,0.0
CUST_02482,134,E-commerce,North America,Mid-market,9,0,Basic,49.0,38.1,32,0.1,0.0,7.0,23.0,0.748,1.0,0.0,0.0
CUST_02483,232,Education,North America,Mid-market,1,0,Pro,199.0,23.5,2,0.0,0.0,7.0,23.0,1.0,1.0,0.0,0.0
CUST_02484,342,E-commerce,North America,Mid-market,19,0,Pro,199.0,44.6,44,0.3,0.08333333333333333,7.0,23.0,0.583,1.0,0.0,0.0
CUST_02485,493,Education,Asia-Pacific,Mid-market,15,0,Pro,199.0,41.0625,59,0.5,0.15625,7.0,23.0,0.597,1.0,3.2,2.0
CUST_02486,42,Education,Europe,SMB,0,0,Basic,29.0,19.0,1,0.0,0.0,7.0,23.0,1.0,1.0,0.0,0.0
CUST_02487,34,Healthcare,Europe,SMB,11,0,Pro,99.0,24.583333333333332,19,0.4166666666666667,0.25,6.0,5.0,0.651,1.0,0.0,0.0
CUST_02488,14,Healthcare,Asia-Pacific,SMB,1,1,Basic,29.0,7.0,1,1.0,1.0,7.0,23.0,1.0,1.0,1.0,1.0
CUST_02489,234,E-commerce,North America,Mid-market,14,0,Basic,49.0,43.13333333333333,56,0.2,0.06666666666666667,7.0,23.0,0.568,1.0,0.0,0.0
CUST_02490,206,Healthcare,Europe,Mid-market,9,0,Basic,49.0,43.4,34,0.6,0.3,7.0,23.0,0.968,1.0,2.5,2.5
CUST_02491,37,Healthcare,North America,SMB,22,0,Basic,29.0,27.565217391304348,36,0.21739130434782608,0.02898550724637681,7.0,23.0,0.399,1.0,0.0,0.0
CUST_02492,32,E-commerce,North America,SMB,4,1,Pro,99.0,17.4,9,0.2,0.0,7.0,23.0,0.374,1.0,0.0,2.5
CUST_02493,8,Finance,Asia-Pacific,SMB,9,1,Pro,99.0,28.4,19,0.1,0.0,6.0,9.0,0.493,1.0,0.0,0.0
CUST_02494,131,Technology,Europe,Mid-market,1,0,Pro,199.0,13.5,5,0.0,0.0,4.0,-28.0,1.0,1.0,0.0,0.0
CUST_02495,3,Education,Europe,SMB,1,1,Basic,29.0,18.0,1,0.0,0.0,7.0,23.0,1.0,1.0,0.0,0.0
CUST_02496,17,Retail,Europe,SMB,4,1,Basic,29.0,17.6,6,0.2,0.0,7.0,23.0,1.08,1.0,0.0,0.0
CUST_02497,2129,Healthcare,North America,Enterprise,4,0,Enterprise,999.0,64.2,37,0.6,0.3,7.0,23.0,0.654,1.0,0.0,0.0
CUST_02498,295,Retail,Europe,Mid-market,6,1,Pro,199.0,30.333333333333332,17,0.2222222222222222,0.05555555555555555,7.0,23.0,0.626,1.0,4.499,4.5
CUST_02499,26,Retail,Asia-Pacific,SMB,9,0,Basic,29.0,22.8,17,0.1,0.0,7.0,23.0,0.482,1.0,0.0,0.0
CUST_02500,2546,Technology,North America,Enterprise,15,0,Pro,299.0,71.8125,91,0.375,0.21875,7.0,23.0,0.418,1.0,0.0,0.0
CUST_02501,8,Finance,Asia-Pacific,SMB,21,0,Basic,29.0,26.818181818181817,30,0.18181818181818182,0.09090909090909091,7.0,23.0,0.634,1.0,0.0,0.0
CUST_02502,10,Education,North America,SMB,4,0,Basic,29.0,14.0,8,0.2,0.2,7.0,23.0,1.321,1.0,0.0,0.0
CUST_02503,475,Finance,Asia-Pacific,Mid-market,16,0,Basic,49.0,39.588235294117645,51,0.5294117647058824,0.17647058823529413,7.0,23.0,0.29,1.0,0.0,0.0
CUST_02504,126,Finance,North America,Mid-market,3,1,Pro,199.0,34.5,9,0.25,0.0,8.0,20.0,0.928,1.0,0.0,0.0
CUST_02505,33,Technology,North America,SMB,14,1,Basic,29.0,24.789473684210527,32,0.10526315789473684,0.0,7.0,21.0,0.827,1.0,0.0,0.0
CUST_02506,31,Healthcare,Latin America,SMB,6,1,Basic,29.0,18.857142857142858,6,0.0,0.0,7.0,23.0,0.53,1.0,0.0,0.0
CUST_02507,29,Finance,Asia-Pacific,SMB,13,1,Pro,99.0,27.941176470588236,33,0.058823529411764705,0.0,5.0,-17.0,0.501,1.0,0.0,0.0
CUST_02508,17,Retail,North America,SMB,19,0,Pro,99.0,22.85,39,0.2,0.0,7.0,23.0,0.853,1.0,0.0,0.0
CUST_02509,4,E-commerce,North America,SMB,23,0,Basic,29.0,23.653846153846153,47,0.15384615384615385,0.11538461538461539,6.0,-6.0,0.444,1.0,4.333,3.25
CUST_02510,294,E-commerce,Latin America,Mid-market,2,0,Basic,49.0,30.0,10,0.3333333333333333,0.3333333333333333,7.0,23.0,0.9,1.0,0.0,0.0
CUST_02511,117,Finance,North America,Mid-market,9,1,Pro,199.0,34.0,31,0.1,0.0,7.0,29.0,0.897,1.0,0.0,0.0
CUST_02512,269,Education,Asia-Pacific,Mid-market,22,1,Pro,199.0,43.92,102,0.48,0.14,7.0,23.0,0.888,1.0,0.0,1.042
CUST_02513,121,E-commerce,North America,Mid-market,15,1,Basic,49.0,38.44444444444444,60,0.1111111111111111,0.0,6.0,10.0,0.546,1.0,0.0,0.0
CUST_02514,33,Healthcare,Asia-Pacific,SMB,5,0,Pro,99.0,22.666666666666668,7,0.5,0.3333333333333333,7.0,23.0,0.706,1.0,3.0,2.0
CUST_02515,40,Healthcare,North America,SMB,21,0,Pro,99.0,24.727272727272727,39,0.3181818181818182,0.11363636363636363,7.0,23.0,0.465,1.0,2.2,4.714
CUST_02516,256,E-commerce,Europe,Mid-market,5,0,Pro,199.0,35.833333333333336,18,0.0,0.0,7.0,23.0,0.823,1.0,0.0,0.0
CUST_02517,49,Healthcare,North America,SMB,10,0,Pro,99.0,22.181818181818183,19,0.2727272727272727,0.0,7.0,23.0,0.857,1.0,0.0,0.0
CUST_02518,118,Retail,Europe,Mid-market,7,0,Basic,49.0,36.5,31,0.125,0.125,8.0,38.0,0.534,1.0,4.0,4.0
CUST_02519,26,Healthcare,Asia-Pacific,SMB,4,1,Basic,29.0,20.6,7,0.2,0.0,6.0,4.0,0.485,1.0,0.0,2.5
CUST_02520,23,Healthcare,North America,SMB,1,0,Basic,29.0,16.0,2,0.5,0.0,7.0,23.0,1.0,1.0,0.0,1.0
CUST_02521,21,Technology,Asia-Pacific,SMB,20,0,Basic,29.0,23.523809523809526,48,0.14285714285714285,0.09523809523809523,7.0,23.0,0.701,1.0,0.0,0.0
CUST_02522,338,E-commerce,Europe,Mid-market,0,0,Pro,199.0,16.0,2,0.0,0.0,7.0,23.0,1.0,1.0,0.0,0.0
CUST_02523,46,E-commerce,North America,SMB,5,0,Basic,29.0,16.666666666666668,9,0.6666666666666666,0.0,7.0,23.0,0.81,1.0,0.0,0.75
CUST_02524,5,Education,Asia-Pacific,SMB,9,1,Basic,29.0,23.4,16,0.2,0.1,7.0,23.0,0.47,1.0,0.0,2.5
CUST_02525,275,Technology,Asia-Pacific,Mid-market,16,0,Pro,199.0,39.411764705882355,42,0.5294117647058824,0.14705882352941177,6.0,-9.0,0.685,1.0,3.4,0.944
CUST_02526,32,Finance,Europe,SMB,9,1,Pro,99.0,19.0,20,0.3,0.1,7.0,23.0,0.605,1.0,0.0,0.0
CUST_02527,17,Education,Latin America,SMB,19,1,Enterprise,299.0,22.454545454545453,42,0.09090909090909091,0.09090909090909091,7.0,18.0,0.423,1.0,0.0,0.0
CUST_02528,22,Healthcare,Europe,SMB,19,1,Pro,99.0,24.75,48,0.041666666666666664,0.0,7.0,23.0,0.687,1.0,0.0,0.0
CUST_02529,5,Technology,North America,SMB,18,0,Basic,29.0,25.31578947368421,27,0.3157894736842105,0.05263157894736842,7.0,23.0,0.533,1.0,0.0,0.0
CUST_02530,454,Technology,North America,Mid-market,2,0,Pro,199.0,29.0,8,0.0,0.0,7.0,23.0,1.328,1.0,0.0,0.0
CUST_02531,14,Retail,North America,SMB,2,0,Basic,29.0,16.0,5,0.0,0.0,7.0,23.0,1.219,1.0,0.0,0.0
CUST_02532,166,Finance,North America,Mid-market,4,0,Pro,199.0,27.2,7,0.4,0.2,7.0,23.0,1.268,1.0,2.5,2.5
CUST_02533,4992,Healthcare,Asia-Pacific,Enterprise,20,0,Enterprise,999.0,66.33333333333333,132,0.3333333333333333,0.23809523809523808,7.0,23.0,0.452,1.0,2.1,1.5
CUST_02534,40,Technology,Europe,SMB,1,0,Basic,29.0,12.5,1,0.0,0.0,7.0,23.0,1.0,1.0,0.0,0.0
CUST_02535,265,E-commerce,Asia-Pacific,Mid-market,6,0,Basic,49.0,36.42857142857143,24,0.42857142857142855,0.0,8.0,31.0,0.659,1.0,0.0,0.0
CUST_02536,45,E-commerce,Asia-Pacific,SMB,4,1,Basic,29.0,19.8,4,0.0,0.0,7.0,23.0,1.035,1.0,0.0,0.0
CUST_02537,36,Finance,North America,SMB,20,0,Basic,29.0,24.571428571428573,35,0.2857142857142857,0.09523809523809523,7.0,23.0,0.509,1.0,0.0,1.75
CUST_02538,2771,E-commerce,Europe,Enterprise,15,0,Enterprise,999.0,63.0,89,0.5,0.28125,7.0,23.0,0.627,1.0,0.889,2.0
CUST_02539,44,Education,Latin America,SMB,23,0,Basic,29.0,25.708333333333332,29,0.16666666666666666,0.0625,7.0,23.0,0.622,1.0,0.0,0.0
CUST_02540,23,Education,North America,SMB,1,0,Pro,99.0,15.5,4,0.0,0.0,7.0,23.0,1.0,1.0,0.0,0.0
CUST_02541,28,Education,Europe,SMB,9,1,Basic,29.0,26.333333333333332,21,0.0,0.0,7.0,23.0,0.456,1.0,0.0,0.0
CUST_02542,49,Education,Europe,SMB,17,0,Basic,29.0,28.444444444444443,30,0.05555555555555555,0.05555555555555555,7.0,23.0,0.527,1.0,0.0,0.0
CUST_02543,7,Retail,Latin America,SMB,4,1,Basic,29.0,24.0,5,0.2,0.2,7.0,23.0,0.479,1.0,2.5,2.5
CUST_02544,7,Retail,Asia-Pacific,SMB,18,1,Basic,29.0,25.714285714285715,30,0.0,0.0,7.0,23.0,0.778,1.0,0.0,0.0
CUST_02545,15,E-commerce,North America,SMB,2,1,Basic,29.0,17.4,2,0.0,0.0,7.0,23.0,0.977,1.0,0.0,0.0
CUST_02546,169,Technology,North America,Mid-market,17,0,Pro,199.0,38.833333333333336,56,0.1111111111111111,0.1111111111111111,7.0,16.0,0.579,1.0,0.0,0.0
CUST_02547,29,Education,North America,SMB,5,0,Basic,29.0,19.833333333333332,5,0.16666666666666666,0.16666666666666666,7.0,23.0,1.185,1.0,0.0,0.0
CUST_02548,33,E-commerce,North America,SMB,6,0,Basic,29.0,24.142857142857142,11,0.14285714285714285,0.0,7.0,23.0,0.393,1.0,0.0,3.5
CUST_02549,12,Finance,Europe,SMB,1,0,Enterprise,299.0,9.0,1,0.5,0.0,7.0,23.0,1.0,1.0,0.0,1.0
CUST_02550,46,Education,Europe,SMB,10,0,Basic,29.0,26.0,14,0.09090909090909091,0.09090909090909091,7.0,23.0,0.596,1.0,0.0,0.0
CUST_02551,251,Retail,North America,Mid-market,0,0,Enterprise,499.0,39.0,2,0.0,0.0,7.0,23.0,1.0,1.0,0.0,0.0
CUST_02552,49,Healthcare,North America,SMB,6,0,Enterprise,299.0,22.0,12,0.14285714285714285,0.14285714285714285,6.0,10.0,0.636,1.0,0.0,0.0
CUST_02553,1,Education,Europe,SMB,8,1,Pro,99.0,20.363636363636363,13,0.2727272727272727,0.09090909090909091,7.0,38.0,0.835,1.0,5.499,3.667
CUST_02554,23,Finance,Latin America,SMB,4,1,Basic,29.0,25.0,4,0.2,0.0,7.0,23.0,0.52,1.0,0.0,2.5
CUST_02555,25,Education,North America,SMB,0,0,Pro,99.0,22.0,1,0.0,0.0,7.0,23.0,1.0,1.0,0.0,0.0
CUST_02556,417,E-commerce,North America,Mid-market,16,0,Pro,199.0,41.705882352941174,57,0.47058823529411764,0.20588235294117646,7.0,23.0,0.635,1.0,0.0,1.062
CUST_02557,35,Retail,Asia-Pacific,SMB,6,1,Basic,29.0,24.285714285714285,9,0.42857142857142855,0.0,7.0,4.0,0.556,1.0,0.0,2.333
CUST_02558,29,E-commerce,Latin America,SMB,6,1,Basic,29.0,25.142857142857142,6,0.0,0.0,7.0,23.0,0.815,1.0,0.0,0.0
CUST_02559,357,E-commerce,Europe,Mid-market,7,0,Enterprise,499.0,28.0,25,0.5,0.0625,7.0,23.0,0.839,1.0,0.0,0.0
CUST_02560,17,Healthcare,North America,SMB,5,0,Basic,29.0,20.333333333333332,8,0.16666666666666666,0.0,7.0,23.0,0.492,1.0,0.0,0.0
CUST_02561,2447,Education,North America,Enterprise,21,0,Enterprise,999.0,73.72727272727273,159,0.5454545454545454,0.2803030303030303,9.0,43.0,0.427,1.0,1.784,2.75
CUST_02562,38,Education,North America,SMB,8,1,Basic,29.0,21.333333333333332,15,0.1111111111111111,0.1111111111111111,7.0,23.0,0.656,1.0,0.0,0.0
CUST_02563,285,E-commerce,North America,Mid-market,17,1,Basic,49.0,41.6,63,0.4,0.35,7.0,23.0,0.673,1.0,1.429,1.25
CUST_02564,13,Finance,North America,SMB,22,0,Basic,29.0,24.391304347826086,37,0.043478260869565216,0.0,7.0,23.0,0.533,1.0,0.0,0.0
CUST_02565,184,Education,Europe,Mid-market,11,1,Pro,199.0,43.666666666666664,42,0.5833333333333334,0.25,7.0,5.0,0.698,1.0,0.0,0.0
CUST_02566,15,Education,Europe,SMB,5,1,Pro,99.0,19.5,11,0.3333333333333333,0.0,7.0,23.0,0.974,1.0,0.0,0.0
CUST_02567,3402,Finance,North America,Enterprise,3,0,Basic,99.0,52.0,19,0.25,0.25,7.0,23.0,0.596,1.0,2.0,2.0
CUST_02568,22,Retail,Europe,SMB,2,1,Enterprise,299.0,12.333333333333334,1,0.0,0.0,8.0,43.0,1.054,1.0,0.0,0.0
CUST_02569,114,Finance,Asia-Pacific,Mid-market,8,0,Basic,49.0,37.55555555555556,36,0.1111111111111111,0.1111111111111111,7.0,23.0,0.599,1.0,0.0,0.0
CUST_02570,23,Technology,North America,SMB,8,1,Pro,99.0,22.555555555555557,19,0.2222222222222222,0.0,7.0,23.0,0.643,1.0,0.0,0.0
CUST_02571,2,E-commerce,North America,SMB,13,1,Pro,99.0,22.0625,21,0.5625,0.09375,5.0,4.0,0.657,1.0,0.0,0.889
CUST_02572,27,Healthcare,Latin America,SMB,9,0,Basic,29.0,23.9,20,0.1,0.0,7.0,23.0,0.858,1.0,0.0,0.0
CUST_02573,19,Education,Latin America,SMB,15,1,Basic,29.0,21.45,36,0.8,0.0,7.0,46.0,0.699,1.0,0.0,0.0
CUST_02574,39,Technology,North America,SMB,2,0,Enterprise,299.0,17.0,5,0.0,0.0,7.0,23.0,0.912,1.0,0.0,0.0
CUST_02575,22,Technology,North America,SMB,0,0,Pro,99.0,10.0,3,0.0,0.0,7.0,23.0,1.0,1.0,0.0,0.0
CUST_02576,230,Retail,Europe,Mid-market,20,0,Pro,199.0,40.61904761904762,66,0.23809523809523808,0.19047619047619047,7.0,23.0,0.345,1.0,0.0,0.0
CUST_02577,324,Finance,North America,Mid-market,4,1,Basic,49.0,35.285714285714285,18,0.0,0.0,8.0,32.0,0.694,1.0,0.0,0.0
CUST_02578,18,E-commerce,Asia-Pacific,SMB,7,1,Enterprise,299.0,21.0,8,0.125,0.0,7.0,23.0,0.667,1.0,0.0,0.0
CUST_02579,44,Healthcare,North America,SMB,4,1,Basic,29.0,22.4,11,0.2,0.0,7.0,23.0,0.893,1.0,0.0,0.0
CUST_02580,1,Retail,Asia-Pacific,SMB,21,0,Basic,29.0,25.727272727272727,51,0.3181818181818182,0.13636363636363635,8.0,35.0,0.389,1.0,0.0,1.571
CUST_02581,37,Retail,Asia-Pacific,SMB,12,1,Basic,29.0,28.0,23,0.23076923076923078,0.07692307692307693,7.0,23.0,0.768,1.0,0.0,2.167
CUST_02582,369,Healthcare,Europe,Mid-market,19,0,Enterprise,499.0,45.75,50,0.35,0.2,7.0,23.0,0.601,1.0,0.0,0.0
CUST_02583,471,Retail,North America,Mid-market,6,0,Pro,199.0,34.857142857142854,19,0.14285714285714285,0.14285714285714285,7.0,23.0,0.445,1.0,0.0,0.0
CUST_02584,428,Finance,Europe,Mid-market,18,0,Basic,49.0,41.526315789473685,67,0.3684210526315789,0.05263157894736842,9.0,60.0,0.458,1.0,0.0,2.714
CUST_02585,39,Education,Asia-Pacific,SMB,4,1,Basic,29.0,32.57142857142857,8,0.7142857142857143,0.7142857142857143,7.0,23.0,0.476,1.0,0.0,0.0
CUST_02586,341,Technology,North America,Mid-market,3,0,Basic,49.0,22.0,12,0.5,0.25,7.0,23.0,0.886,1.0,0.0,1.0
CUST_02587,1657,Technology,Asia-Pacific,Enterprise,2,0,Enterprise,999.0,41.666666666666664,17,1.0,0.16666666666666666,7.0,23.0,1.188,1.0,1.5,1.5
CUST_02588,49,Finance,Europe,SMB,10,1,Basic,29.0,25.636363636363637,13,0.18181818181818182,0.18181818181818182,7.0,23.0,0.371,1.0,0.0,0.0
CUST_02589,3,Technology,North America,SMB,9,0,Basic,29.0,23.3,12,0.0,0.0,7.0,23.0,0.3,1.0,0.0,0.0
CUST_02590,28,Technology,North America,SMB,2,1,Basic,29.0,17.333333333333332,0,0.0,0.0,7.0,23.0,0.952,1.0,0.0,0.0
CUST_02591,99,Healthcare,North America,Mid-market,15,0,Basic,49.0,42.25,54,0.125,0.0625,7.0,23.0,0.615,1.0,0.0,0.0
CUST_02592,69,Education,North America,Mid-market,4,0,Pro,199.0,33.6,15,0.0,0.0,7.0,23.0,0.67,1.0,0.0,0.0
CUST_02593,2396,Finance,Latin America,Enterprise,17,0,Enterprise,999.0,63.166666666666664,112,0.3333333333333333,0.2222222222222222,7.0,23.0,0.269,1.0,2.25,4.5
CUST_02594,4277,Finance,North America,Enterprise,18,0,Basic,99.0,71.47368421052632,128,0.6842105263157895,0.3684210526315789,7.0,23.0,0.588,1.0,1.357,0.731
CUST_02595,38,Finance,Europe,SMB,4,0,Pro,99.0,14.8,10,0.2,0.0,7.0,23.0,1.284,1.0,0.0,0.0
CUST_02596,398,Retail,North America,Mid-market,22,1,Enterprise,499.0,40.64,84,0.64,0.3,7.0,23.0,0.431,1.0,0.0,0.0
CUST_02597,9,Technology,Europe,SMB,7,0,Basic,29.0,22.75,15,0.5,0.125,7.0,23.0,0.418,1.0,4.0,2.0
CUST_02598,7,Healthcare,Latin America,SMB,19,0,Enterprise,299.0,27.95,50,0.1,0.05,7.0,22.0,0.394,1.0,0.0,0.0
CUST_02599,18,Retail,North America,SMB,12,0,Basic,29.0,24.0,25,0.07692307692307693,0.0,7.0,23.0,1.042,1.0,0.0,0.0
CUST_02600,26,Finance,Asia-Pacific,SMB,0,0,Pro,99.0,10.0,0,1.0,0.0,7.0,23.0,1.0,1.0,0.0,1.0
CUST_02601,452,Retail,Latin America,Mid-market,21,0,Pro,199.0,39.0,90,0.18181818181818182,0.13636363636363635,9.0,48.0,0.795,1.0,0.0,0.0
CUST_02602,7,Finance,North America,SMB,11,0,Basic,29.0,23.416666666666668,24,0.3333333333333333,0.0,6.0,4.0,0.683,1.0,0.0,0.0
CUST_02603,426,Technology,Latin America,Mid-market,7,0,Pro,199.0,38.875,30,0.375,0.0625,5.0,-2.0,0.373,1.0,0.0,1.333
CUST_02604,406,Healthcare,North America,Mid-market,4,0,Enterprise,499.0,37.4,9,0.2,0.2,7.0,23.0,0.896,1.0,2.5,2.5
CUST_02605,6,Technology,Europe,SMB,23,0,Basic,29.0,22.583333333333332,28,0.041666666666666664,0.0,7.0,23.0,0.376,1.0,0.0,0.0
CUST_02606,40,Retail,Europe,SMB,15,1,Basic,29.0,25.444444444444443,30,0.2777777777777778,0.0,5.0,-5.0,0.865,1.0,0.0,0.0
CUST_02607,31,Finance,Europe,SMB,23,1,Basic,29.0,28.285714285714285,48,0.32142857142857145,0.15476190476190474,8.0,23.0,0.707,1.0,3.231,1.556
CUST_02608,24,Healthcare,Asia-Pacific,SMB,4,0,Basic,29.0,23.0,5,0.0,0.0,7.0,23.0,0.543,1.0,0.0,0.0
CUST_02609,13,Finance,Europe,SMB,7,1,Pro,99.0,25.5,10,0.0,0.0,7.0,23.0,0.608,1.0,0.0,0.0
CUST_02610,26,Retail,North America,SMB,22,0,Basic,29.0,22.73913043478261,42,0.2608695652173913,0.08695652173913043,7.0,23.0,0.682,1.0,0.0,1.917
CUST_02611,28,E-commerce,Europe,SMB,8,1,Pro,99.0,21.11111111111111,15,0.1111111111111111,0.0,7.0,23.0,0.758,1.0,0.0,4.5
CUST_02612,2995,Healthcare,North America,Enterprise,22,1,Enterprise,999.0,75.72,170,0.36,0.22,7.0,23.0,0.654,1.0,2.273,2.778
CUST_02613,15,Retail,North America,SMB,7,0,Basic,29.0,23.5,14,0.25,0.25,7.0,23.0,0.234,1.0,0.0,0.0
CUST_02614,49,Retail,North America,SMB,16,0,Pro,99.0,27.11764705882353,25,0.35294117647058826,0.08823529411764706,8.0,31.0,0.424,1.0,0.0,0.0
CUST_02615,30,Healthcare,Europe,SMB,10,1,Basic,29.0,22.727272727272727,26,0.09090909090909091,0.09090909090909091,4.0,-17.0,0.506,1.0,0.0,0.0
CUST_02616,9,Technology,North America,SMB,7,1,Pro,99.0,20.375,7,0.125,0.125,7.0,23.0,0.736,1.0,0.0,0.0
CUST_02617,229,Technology,Europe,Mid-market,22,0,Basic,49.0,45.26086956521739,80,0.5652173913043478,0.2391304347826087,7.0,23.0,0.342,1.0,2.091,0.885
CUST_02618,59,Education,North America,Mid-market,6,1,Pro,199.0,41.22222222222222,24,1.2222222222222223,0.1111111111111111,7.0,23.0,0.74,1.0,0.0,0.409
CUST_02619,3755,Healthcare,North America,Enterprise,19,0,Basic,99.0,66.25,128,0.6,0.375,7.0,23.0,0.408,1.0,0.0,0.0
CUST_02620,34,Education,North America,SMB,2,1,Basic,29.0,18.0,2,0.0,0.0,7.0,23.0,0.778,1.0,0.0,0.0
CUST_02621,36,Retail,North America,SMB,6,0,Basic,29.0,20.571428571428573,10,0.14285714285714285,0.0,7.0,23.0,0.705,1.0,0.0,0.0
CUST_02622,4465,Healthcare,North America,Enterprise,4,0,Pro,299.0,48.2,30,0.0,0.0,7.0,23.0,1.266,1.0,0.0,0.0
CUST_02623,16,E-commerce,Europe,SMB,23,0,Basic,29.0,26.125,50,0.16666666666666666,0.08333333333333333,9.0,31.0,0.708,1.0,0.0,0.0
CUST_02624,38,Healthcare,North America,SMB,3,1,Basic,29.0,9.75,4,0.0,0.0,7.0,23.0,0.821,1.0,0.0,0.0
CUST_02625,421,Technology,North America,Mid-market,21,0,Basic,49.0,39.40909090909091,80,0.22727272727272727,0.09090909090909091,9.0,51.0,0.533,1.0,0.0,2.2
CUST_02626,80,Technology,Asia-Pacific,Mid-market,15,0,Basic,49.0,37.8125,43,0.3125,0.25,7.0,23.0,0.635,1.0,0.0,0.0
CUST_02627,1519,Finance,Europe,Enterprise,3,0,Basic,99.0,30.75,20,0.25,0.25,7.0,23.0,0.943,1.0,0.0,0.0
CUST_02628,3479,Technology,Latin America,Enterprise,0,0,Pro,299.0,44.0,2,0.0,0.0,7.0,23.0,1.0,1.0,0.0,0.0
CUST_02629,26,Healthcare,North America,SMB,3,0,Pro,99.0,23.25,6,0.25,0.25,7.0,23.0,0.602,1.0,2.0,2.0
CUST_02630,13,E-commerce,Asia-Pacific,SMB,0,0,Basic,29.0,17.0,0,0.0,0.0,7.0,23.0,1.0,1.0,0.0,0.0
CUST_02631,3,Technology,Latin America,SMB,21,0,Basic,29.0,26.954545454545453,33,0.13636363636363635,0.06818181818181818,7.0,23.0,0.501,1.0,0.0,0.0
CUST_02632,418,Retail,North America,Mid-market,11,0,Basic,49.0,35.333333333333336,32,0.5833333333333334,0.2916666666666667,7.0,23.0,0.863,1.0,0.0,0.857
CUST_02633,202,Finance,Europe,Mid-market,13,0,Basic,49.0,40.92857142857143,55,0.35714285714285715,0.21428571428571427,7.0,23.0,0.672,1.0,2.333,2.8
CUST_02634,53,E-commerce,Europe,Mid-market,13,0,Enterprise,499.0,41.142857142857146,45,0.35714285714285715,0.21428571428571427,7.0,23.0,0.583,1.0,2.333,1.4
CUST_02635,1736,Finance,Asia-Pacific,Enterprise,16,0,Enterprise,999.0,74.6470588235294,118,0.4117647058823529,0.2647058823529412,8.0,15.0,0.543,1.0,0.0,0.0
CUST_02636,2,Technology,North America,SMB,3,0,Basic,29.0,25.5,3,0.25,0.0,5.0,7.0,0.706,1.0,0.0,2.0
CUST_02637,11,Retail,North America,SMB,19,0,Pro,99.0,25.35,16,0.25,0.075,7.0,23.0,0.355,1.0,3.333,4.0
CUST_02638,3638,Technology,North America,Enterprise,21,0,Pro,299.0,79.27272727272727,152,0.7272727272727273,0.4772727272727273,9.0,41.0,0.599,1.0,1.048,0.687
CUST_02639,45,E-commerce,Europe,SMB,9,1,Basic,29.0,21.5,17,0.3,0.0,7.0,23.0,0.767,1.0,0.0,0.0
CUST_02640,171,Retail,Europe,Mid-market,10,1,Basic,49.0,42.72727272727273,41,0.36363636363636365,0.2727272727272727,7.0,48.0,0.445,1.0,0.0,0.0
CUST_02641,3006,Technology,North America,Enterprise,21,0,Pro,299.0,66.04545454545455,143,0.5,0.2727272727272727,7.0,4.0,0.416,1.0,0.917,2.0
CUST_02642,3,Education,Europe,SMB,16,0,Pro,99.0,22.529411764705884,39,0.17647058823529413,0.058823529411764705,7.0,23.0,0.555,1.0,0.0,0.0
CUST_02643,30,Education,Europe,SMB,15,0,Basic,29.0,23.3125,25,0.125,0.0,7.0,23.0,0.3,1.0,0.0,0.0
CUST_02644,15,Education,North America,SMB,21,1,Pro,99.0,27.53846153846154,52,0.2692307692307692,0.23076923076923078,7.0,9.0,0.563,1.0,0.0,1.857
CUST_02645,145,Technology,Latin America,Mid-market,20,0,Basic,49.0,39.285714285714285,67,0.6190476190476191,0.11111111111111109,7.0,23.0,0.598,1.0,4.5,0.808
CUST_02646,20,Education,Latin America,SMB,7,1,Basic,29.0,23.25,11,0.25,0.0,7.0,23.0,0.903,1.0,0.0,0.0
CUST_02647,3747,E-commerce,North America,Enterprise,4,1,Enterprise,999.0,58.57142857142857,34,0.14285714285714285,0.14285714285714285,7.0,23.0,0.726,1.0,0.0,0.0
CUST_02648,18,Technology,North America,SMB,9,1,Basic,29.0,23.583333333333332,13,0.16666666666666666,0.16666666666666666,7.0,23.0,0.403,1.0,3.0,3.0
CUST_02649,6,Retail,North America,SMB,18,0,Basic,29.0,24.63157894736842,33,0.10526315789473684,0.0,7.0,23.0,0.954,1.0,0.0,0.0
CUST_02650,4445,Technology,North America,Enterprise,12,0,Pro,299.0,61.23076923076923,88,0.6923076923076923,0.4230769230769231,7.0,23.0,0.678,1.0,0.0,0.0
CUST_02651,48,Healthcare,Latin America,SMB,4,1,Basic,29.0,21.4,8,0.0,0.0,7.0,23.0,0.678,1.0,0.0,0.0
CUST_02652,248,Technology,North America,Mid-market,9,1,Basic,49.0,36.416666666666664,35,0.08333333333333333,0.08333333333333333,7.0,23.0,0.618,1.0,0.0,0.0
CUST_02653,3291,Retail,Europe,Enterprise,18,0,Enterprise,999.0,60.526315789473685,130,0.42105263157894735,0.2631578947368421,7.0,-6.0,0.438,1.0,1.9,1.187
CUST_02654,424,Education,North America,Mid-market,14,0,Pro,199.0,38.0,40,0.4,0.26666666666666666,7.0,23.0,0.553,1.0,0.0,0.0
CUST_02655,44,Retail,Latin America,SMB,3,1,Basic,29.0,19.0,6,0.0,0.0,7.0,23.0,0.842,1.0,0.0,0.0
CUST_02656,146,E-commerce,Asia-Pacific,Mid-market,18,0,Basic,49.0,38.0,64,0.3157894736842105,0.07894736842105263,7.0,23.0,0.618,1.0,6.333,3.167
CUST_02657,824,Finance,Europe,Enterprise,13,1,Enterprise,999.0,79.0,104,0.3125,0.21875,7.0,23.0,0.456,1.0,1.143,3.2
CUST_02658,364,Education,Asia-Pacific,Mid-market,1,0,Enterprise,499.0,25.5,8,0.0,0.0,7.0,23.0,1.0,1.0,0.0,0.0
CUST_02659,4813,Finance,North America,Enterprise,4,1,Enterprise,999.0,60.6,16,0.4,0.2,8.0,19.0,0.809,1.0,2.5,1.25
CUST_02660,185,Retail,Latin America,Mid-market,6,0,Pro,199.0,33.714285714285715,30,0.8571428571428571,0.42857142857142855,7.0,23.0,0.534,1.0,1.167,0.583
CUST_02661,22,Healthcare,Europe,SMB,4,1,Enterprise,299.0,19.8,12,0.0,0.0,7.0,23.0,0.808,1.0,0.0,0.0
CUST_02662,332,Technology,Asia-Pacific,Mid-market,10,0,Pro,199.0,44.63636363636363,31,0.18181818181818182,0.18181818181818182,7.0,23.0,0.672,1.0,2.75,2.75
CUST_02663,192,Finance,Asia-Pacific,Mid-market,7,0,Basic,49.0,36.875,24,0.25,0.25,7.0,23.0,0.569,1.0,2.0,2.0
CUST_02664,43,Education,North America,SMB,10,0,Pro,99.0,20.727272727272727,15,0.36363636363636365,0.09090909090909091,7.0,23.0,0.555,1.0,0.0,0.0
CUST_02665,209,E-commerce,North America,Mid-market,18,1,Basic,49.0,36.23809523809524,61,0.38095238095238093,0.2857142857142857,7.0,23.0,0.621,1.0,1.75,1.312
CUST_02666,4438,Healthcare,North America,Enterprise,16,0,Pro,299.0,60.1764705882353,110,0.4117647058823529,0.35294117647058826,7.0,23.0,0.673,1.0,1.417,1.214
CUST_02667,189,Retail,North America,Mid-market,16,0,Pro,199.0,43.64705882352941,47,0.23529411764705882,0.08823529411764706,8.0,13.0,0.527,1.0,0.0,2.125
CUST_02668,31,E-commerce,Europe,SMB,2,0,Basic,29.0,13.666666666666666,1,0.0,0.0,7.0,23.0,1.134,1.0,0.0,0.0
CUST_02669,25,Retail,North America,SMB,2,1,Basic,29.0,11.0,2,0.0,0.0,7.0,23.0,0.818,1.0,0.0,0.0
CUST_02670,144,Healthcare,Asia-Pacific,Mid-market,18,1,Pro,199.0,37.73913043478261,76,0.34782608695652173,0.17391304347826086,7.0,23.0,0.583,1.0,0.0,0.0
CUST_02671,46,Education,North America,SMB,13,0,Pro,99.0,21.785714285714285,18,0.21428571428571427,0.14285714285714285,5.0,6.0,0.344,1.0,0.0,0.0
CUST_02672,41,E-commerce,North America,SMB,10,0,Basic,29.0,21.363636363636363,13,0.18181818181818182,0.0,7.0,23.0,0.585,1.0,0.0,2.75
CUST_02673,2056,Retail,Latin America,Enterprise,15,1,Basic,99.0,69.94444444444444,116,0.3333333333333333,0.19444444444444445,7.0,23.0,0.543,1.0,0.0,0.0
CUST_02674,373,Retail,North America,Mid-market,19,1,Basic,49.0,40.0,78,0.36363636363636365,0.2727272727272727,9.0,28.0,0.575,1.0,0.0,0.0
CUST_02675,39,Technology,Latin America,SMB,18,1,Pro,99.0,25.142857142857142,48,0.23809523809523808,0.09523809523809523,6.0,-1.0,0.696,1.0,0.0,0.0
CUST_02676,21,Healthcare,Asia-Pacific,SMB,5,0,Pro,99.0,21.0,3,0.16666666666666666,0.16666666666666666,7.0,23.0,0.524,1.0,0.0,0.0
CUST_02677,28,Healthcare,Latin America,SMB,16,1,Basic,29.0,31.333333333333332,29,0.14285714285714285,0.0,7.0,23.0,0.559,1.0,0.0,3.5
CUST_02678,10,Technology,North America,SMB,5,0,Pro,99.0,12.833333333333334,5,0.16666666666666666,0.16666666666666666,7.0,23.0,0.896,1.0,3.0,3.0
CUST_02679,429,Education,North America,Mid-market,8,1,Basic,49.0,40.63636363636363,24,0.09090909090909091,0.0,7.0,23.0,0.738,1.0,0.0,0.0
CUST_02680,42,Education,North America,SMB,6,0,Pro,99.0,21.428571428571427,6,0.14285714285714285,0.14285714285714285,7.0,23.0,0.887,1.0,0.0,0.0
CUST_02681,2341,Finance,Asia-Pacific,Enterprise,11,0,Enterprise,999.0,69.25,71,0.4166666666666667,0.20833333333333334,7.0,23.0,0.83,1.0,0.0,0.0
CUST_02682,30,Technology,Latin America,SMB,6,1,Pro,99.0,17.142857142857142,13,0.0,0.0,7.0,10.0,0.758,1.0,0.0,0.0
CUST_02683,2,Healthcare,Latin America,SMB,6,1,Basic,29.0,21.0,4,0.0,0.0,7.0,23.0,0.452,1.0,0.0,0.0
CUST_02684,41,Retail,North America,SMB,22,0,Pro,99.0,28.82608695652174,39,0.21739130434782608,0.13043478260869565,7.0,23.0,0.85,1.0,0.0,2.3
CUST_02685,28,Finance,Europe,SMB,7,1,Basic,29.0,21.875,18,0.375,0.0,7.0,23.0,0.594,1.0,0.0,1.333
CUST_02686,44,E-commerce,North America,SMB,0,0,Basic,29.0,14.0,0,0.0,0.0,7.0,23.0,1.0,1.0,0.0,0.0
CUST_02687,44,Education,Latin America,SMB,3,0,Basic,29.0,19.0,6,0.25,0.25,7.0,23.0,1.105,1.0,0.0,0.0
CUST_02688,12,Healthcare,Asia-Pacific,SMB,15,0,Pro,99.0,29.1875,34,0.1875,0.0625,7.0,23.0,0.531,1.0,0.0,0.0
CUST_02689,24,E-commerce,Asia-Pacific,SMB,15,0,Enterprise,299.0,26.0625,22,0.25,0.0,7.0,23.0,0.48,1.0,0.0,0.0
CUST_02690,1,E-commerce,North America,SMB,7,0,Pro,99.0,23.875,16,0.125,0.0,7.0,23.0,0.398,1.0,0.0,0.0
CUST_02691,2865,Healthcare,North America,Enterprise,14,0,Pro,299.0,66.73333333333333,104,0.4666666666666667,0.2,10.0,55.0,0.644,1.0,2.5,2.143
CUST_02692,29,Healthcare,Europe,SMB,17,0,Basic,29.0,23.833333333333332,28,0.1111111111111111,0.1111111111111111,7.0,17.0,0.503,1.0,0.0,0.0
CUST_02693,786,Retail,Latin America,Enterprise,6,0,Pro,299.0,72.71428571428571,39,0.7142857142857143,0.5,7.0,23.0,0.303,1.0,0.0,0.0
CUST_02694,233,Retail,Latin America,Mid-market,2,1,Basic,49.0,21.666666666666668,6,0.6666666666666666,0.3333333333333333,7.0,23.0,0.854,1.0,1.5,1.5
CUST_02695,445,Education,Europe,Mid-market,22,0,Enterprise,499.0,42.34782608695652,77,0.30434782608695654,0.17391304347826086,7.0,26.0,0.331,1.0,0.0,0.0
CUST_02696,39,Education,North America,SMB,14,0,Basic,29.0,22.533333333333335,33,0.3333333333333333,0.16666666666666666,7.0,23.0,0.51,1.0,0.0,0.0
CUST_02697,7,Education,Europe,SMB,12,1,Pro,99.0,23.076923076923077,19,0.15384615384615385,0.0,7.0,23.0,0.433,1.0,0.0,0.0
CUST_02698,9,Education,Latin America,SMB,2,0,Basic,29.0,13.333333333333334,2,0.0,0.0,7.0,23.0,1.05,1.0,0.0,0.0
CUST_02699,16,Education,Asia-Pacific,SMB,1,0,Basic,29.0,22.0,1,0.5,0.5,7.0,23.0,1.0,1.0,1.0,1.0
CUST_02700,15,Healthcare,Europe,SMB,17,0,Basic,29.0,23.333333333333332,28,0.0,0.0,4.0,-30.0,0.729,1.0,0.0,0.0
CUST_02701,495,Technology,North America,Mid-market,21,1,Pro,199.0,40.916666666666664,72,0.20833333333333334,0.08333333333333333,7.0,23.0,0.428,1.0,0.0,2.4
CUST_02702,28,Retail,Asia-Pacific,SMB,23,1,Basic,29.0,22.692307692307693,51,0.19230769230769232,0.15384615384615385,7.0,23.0,0.683,1.0,0.0,0.0
CUST_02703,24,Finance,Europe,SMB,4,1,Basic,29.0,23.0,9,0.8,0.1,7.0,23.0,0.652,1.0,0.0,0.0
CUST_02704,56,Healthcare,Latin America,Mid-market,23,0,Pro,199.0,43.166666666666664,99,0.25,0.16666666666666666,7.0,23.0,0.672,1.0,3.0,4.0
CUST_02705,44,Technology,Europe,SMB,14,0,Basic,29.0,23.666666666666668,28,0.13333333333333333,0.0,7.0,23.0,0.338,1.0,0.0,3.75
CUST_02706,14,Finance,Latin America,SMB,8,0,Basic,29.0,24.77777777777778,9,0.3333333333333333,0.1111111111111111,7.0,23.0,0.807,1.0,0.0,0.0
CUST_02707,22,Retail,Asia-Pacific,SMB,17,0,Basic,29.0,22.5,26,0.3333333333333333,0.2222222222222222,7.0,23.0,0.556,1.0,2.25,1.5
CUST_02708,26,E-commerce,Europe,SMB,5,0,Basic,29.0,26.5,9,0.3333333333333333,0.0,7.0,23.0,0.792,1.0,0.0,1.5
CUST_02709,1144,Healthcare,Europe,Enterprise,19,1,Enterprise,999.0,67.5909090909091,133,0.5454545454545454,0.3181818181818182,7.0,23.0,0.533,1.0,1.571,2.75
CUST_02710,8,Finance,Europe,SMB,2,1,Basic,29.0,18.666666666666668,3,0.3333333333333333,0.3333333333333333,7.0,23.0,0.884,1.0,1.5,1.5
CUST_02711,2881,Retail,Asia-Pacific,Enterprise,18,1,Enterprise,999.0,66.71428571428571,158,0.7619047619047619,0.47619047619047616,6.0,6.0,0.562,1.0,2.1,2.625
CUST_02712,31,E-commerce,North America,SMB,20,0,Basic,29.0,22.80952380952381,45,0.23809523809523808,0.047619047619047616,8.0,39.0,0.57,1.0,0.0,0.0
CUST_02713,11,Finance,Latin America,SMB,14,0,Pro,99.0,28.266666666666666,28,0.06666666666666667,0.0,7.0,23.0,0.389,1.0,0.0,7.499
CUST_02714,23,Technology,Europe,SMB,5,0,Pro,99.0,27.833333333333332,9,0.3333333333333333,0.16666666666666666,7.0,23.0,0.683,1.0,3.0,1.5
CUST_02715,3217,Healthcare,North America,Enterprise,16,1,Enterprise,999.0,70.3157894736842,118,0.631578947368421,0.42105263157894735,7.0,23.0,0.398,1.0,0.0,0.0
CUST_02716,18,Healthcare,Asia-Pacific,SMB,3,0,Basic,29.0,24.75,0,0.0,0.0,7.0,23.0,0.747,1.0,0.0,0.0
CUST_02717,36,Finance,North America,SMB,12,0,Pro,99.0,19.076923076923077,16,0.07692307692307693,0.0,7.0,23.0,0.76,1.0,0.0,0.0
CUST_02718,3521,E-commerce,North America,Enterprise,0,0,Enterprise,999.0,38.0,0,0.0,0.0,7.0,23.0,1.0,1.0,0.0,0.0
CUST_02719,17,Healthcare,North America,SMB,20,0,Basic,29.0,23.761904761904763,38,0.19047619047619047,0.09523809523809523,6.0,7.0,0.463,1.0,0.0,0.0
CUST_02720,43,E-commerce,North America,SMB,18,0,Pro,99.0,24.36842105263158,30,0.21052631578947367,0.10526315789473684,7.0,1.0,0.657,1.0,0.0,2.375
CUST_02721,44,Technology,North America,SMB,10,1,Basic,29.0,23.90909090909091,16,0.2727272727272727,0.0,7.0,23.0,0.648,1.0,0.0,1.833
CUST_02722,2403,Healthcare,North America,Enterprise,0,0,Pro,299.0,81.0,3,0.0,0.0,7.0,23.0,1.0,1.0,0.0,0.0
CUST_02723,1,Technology,North America,SMB,8,0,Basic,29.0,23.77777777777778,14,0.3333333333333333,0.2222222222222222,7.0,23.0,0.883,1.0,0.0,1.5
CUST_02724,41,Retail,Europe,SMB,10,1,Pro,99.0,23.23076923076923,15,0.0,0.0,7.0,23.0,0.796,1.0,0.0,0.0
CUST_02725,4315,E-commerce,Latin America,Enterprise,16,0,Enterprise,999.0,64.41176470588235,115,0.5882352941176471,0.47058823529411764,7.0,23.0,0.815,1.0,1.062,0.85
CUST_02726,4,Finance,Europe,SMB,14,0,Pro,99.0,23.533333333333335,29,0.13333333333333333,0.06666666666666667,8.0,55.0,0.467,1.0,0.0,0.0
CUST_02727,254,Healthcare,North America,Mid-market,18,0,Enterprise,499.0,43.1578947368421,71,0.2631578947368421,0.15789473684210525,7.0,17.0,0.602,1.0,3.166,1.9
CUST_02728,35,Retail,Asia-Pacific,SMB,23,0,Basic,29.0,25.833333333333332,43,0.2916666666666667,0.08333333333333333,8.0,25.0,0.794,1.0,0.0,0.0
CUST_02729,33,E-commerce,North America,SMB,1,1,Basic,29.0,7.5,2,0.0,0.0,7.0,23.0,1.0,1.0,0.0,0.0
CUST_02730,290,Retail,Asia-Pacific,Mid-market,7,0,Basic,49.0,31.125,26,0.125,0.125,7.0,23.0,0.466,1.0,0.0,0.0
CUST_02731,15,Technology,North America,SMB,16,0,Basic,29.0,30.88235294117647,28,0.11764705882352941,0.11764705882352941,6.0,-18.0,0.356,1.0,4.25,4.25
CUST_02732,2,E-commerce,Latin America,SMB,10,0,Basic,29.0,25.454545454545453,21,0.0,0.0,7.0,23.0,0.491,1.0,0.0,0.0
CUST_02733,31,Education,Asia-Pacific,SMB,6,0,Basic,29.0,18.285714285714285,13,0.14285714285714285,0.0,7.0,23.0,0.766,1.0,0.0,0.0
CUST_02734,8,E-commerce,North America,SMB,13,0,Basic,29.0,23.357142857142858,29,0.21428571428571427,0.21428571428571427,7.0,9.0,0.578,1.0,0.0,0.0
CUST_02735,31,E-commerce,Asia-Pacific,SMB,1,0,Basic,29.0,9.5,3,0.0,0.0,7.0,23.0,1.0,1.0,0.0,0.0
CUST_02736,32,Finance,Latin America,SMB,9,1,Basic,29.0,22.357142857142858,21,0.0,0.0,7.0,23.0,0.559,1.0,0.0,0.0
CUST_02737,47,Education,North America,SMB,10,0,Basic,29.0,25.545454545454547,26,0.09090909090909091,0.0,7.0,23.0,0.705,1.0,0.0,0.0
CUST_02738,36,E-commerce,Latin America,SMB,9,0,Basic,29.0,21.2,15,0.1,0.1,6.0,6.0,0.283,1.0,0.0,0.0
CUST_02739,98,Retail,Latin America,Mid-market,15,0,Pro,199.0,48.0,52,0.375,0.125,7.0,23.0,0.51,1.0,0.0,0.0
CUST_02740,137,Retail,Asia-Pacific,Mid-market,9,0,Enterprise,499.0,38.6,40,0.4,0.3,7.0,23.0,0.712,1.0,1.667,1.25
CUST_02741,7,Retail,North America,SMB,12,1,Enterprise,299.0,19.076923076923077,20,0.38461538461538464,0.11538461538461539,7.0,23.0,0.419,1.0,2.166,2.6
CUST_02742,484,Finance,North America,Mid-market,0,0,Enterprise,499.0,26.0,0,0.0,0.0,7.0,23.0,1.0,1.0,0.0,0.0
CUST_02743,712,Healthcare,Latin America,Enterprise,17,1,Enterprise,999.0,69.55,139,0.5,0.35,7.0,23.0,0.28,1.0,1.429,1.0
CUST_02744,36,Healthcare,Europe,SMB,7,0,Basic,29.0,21.75,9,0.125,0.125,7.0,23.0,0.414,1.0,0.0,0.0
CUST_02745,296,Technology,Latin America,Mid-market,9,1,Enterprise,499.0,37.833333333333336,31,0.08333333333333333,0.0,7.0,23.0,0.952,1.0,0.0,0.0
CUST_02746,177,Technology,Latin America,Mid-market,12,0,Pro,199.0,40.69230769230769,34,0.07692307692307693,0.0,7.0,23.0,0.565,1.0,0.0,0.0
CUST_02747,38,Finance,Europe,SMB,1,0,Basic,29.0,14.0,1,0.0,0.0,7.0,23.0,1.0,1.0,0.0,0.0
CUST_02748,40,Healthcare,North America,SMB,12,0,Basic,29.0,31.153846153846153,22,0.3076923076923077,0.07692307692307693,8.0,23.0,0.53,1.0,0.0,0.0
CUST_02749,8,E-commerce,Asia-Pacific,SMB,8,1,Basic,29.0,19.90909090909091,18,0.45454545454545453,0.09090909090909091,7.0,23.0,1.03,1.0,0.0,0.0
CUST_02750,261,Retail,North America,Mid-market,23,1,Basic,49.0,48.15384615384615,98,0.19230769230769232,0.09615384615384616,6.0,21.0,0.395,1.0,0.0,0.0
CUST_02751,16,E-commerce,North America,SMB,21,0,Basic,29.0,28.90909090909091,34,0.2727272727272727,0.09090909090909091,7.0,23.0,0.744,1.0,0.0,0.0
CUST_02752,18,Healthcare,North America,SMB,10,0,Basic,29.0,17.09090909090909,23,0.18181818181818182,0.18181818181818182,7.0,23.0,0.907,1.0,0.0,0.0
CUST_02753,29,Technology,Europe,SMB,5,0,Basic,29.0,22.833333333333332,6,0.3333333333333333,0.0,7.0,23.0,0.657,1.0,0.0,1.5
CUST_02754,40,Retail,North America,SMB,9,1,Basic,29.0,17.1,11,0.3,0.2,7.0,23.0,0.643,1.0,0.0,0.0
CUST_02755,118,Education,North America,Mid-market,21,1,Basic,49.0,39.875,84,0.3333333333333333,0.14583333333333334,7.0,6.0,0.426,1.0,3.428,3.0
CUST_02756,48,Finance,Europe,SMB,11,0,Basic,29.0,22.333333333333332,18,0.16666666666666666,0.08333333333333333,7.0,23.0,0.784,1.0,0.0,0.0
CUST_02757,38,Technology,Europe,SMB,2,0,Basic,29.0,17.0,0,0.0,0.0,7.0,23.0,1.059,1.0,0.0,0.0
CUST_02758,14,Education,Asia-Pacific,SMB,9,0,Basic,29.0,23.7,15,0.3,0.1,6.0,24.0,0.865,1.0,5.0,1.667
CUST_02759,152,Technology,Latin America,Mid-market,3,0,Basic,49.0,25.25,12,1.0,0.375,7.0,23.0,1.248,1.0,1.333,1.0
CUST_02760,108,Retail,Latin America,Mid-market,22,1,Pro,199.0,41.44,75,0.48,0.34,7.0,23.0,0.676,1.0,1.471,1.042
CUST_02761,18,Finance,Asia-Pacific,SMB,16,0,Basic,29.0,28.764705882352942,21,0.17647058823529413,0.0,7.0,23.0,0.574,1.0,0.0,0.0
CUST_02762,49,Technology,Europe,SMB,2,1,Enterprise,299.0,15.666666666666666,4,0.0,0.0,7.0,23.0,1.149,1.0,0.0,0.0
CUST_02763,4722,Education,North America,Enterprise,21,0,Enterprise,999.0,67.27272727272727,139,0.4090909090909091,0.36363636363636365,7.0,23.0,0.624,1.0,0.0,0.0
CUST_02764,138,Finance,North America,Mid-market,0,0,Basic,49.0,16.0,2,0.0,0.0,7.0,23.0,1.0,1.0,0.0,0.0
CUST_02765,40,Education,Latin America,SMB,4,1,Basic,29.0,13.4,6,0.2,0.2,7.0,23.0,0.597,1.0,0.0,0.0
CUST_02766,5,Healthcare,Asia-Pacific,SMB,3,1,Basic,29.0,13.25,1,0.0,0.0,7.0,23.0,1.094,1.0,0.0,0.0
CUST_02767,4,E-commerce,Asia-Pacific,SMB,2,1,Pro,99.0,11.666666666666666,0,0.0,0.0,7.0,23.0,1.071,1.0,0.0,0.0
CUST_02768,110,E-commerce,Europe,Mid-market,19,0,Basic,49.0,43.0,79,0.4,0.15,7.0,22.0,0.547,1.0,3.333,1.25
CUST_02769,353,Healthcare,Asia-Pacific,Mid-market,12,0,Basic,49.0,36.15384615384615,32,0.07692307692307693,0.0,7.0,23.0,0.733,1.0,0.0,0.0
CUST_02770,7,Retail,Asia-Pacific,SMB,0,0,Enterprise,299.0,15.0,1,0.0,0.0,7.0,23.0,1.0,1.0,0.0,0.0
CUST_02771,28,Finance,North America,SMB,1,1,Basic,29.0,10.5,0,0.0,0.0,7.0,23.0,1.0,1.0,0.0,0.0
CUST_02772,26,Education,Latin America,SMB,8,1,Pro,99.0,17.363636363636363,15,0.09090909090909091,0.0,7.0,23.0,0.49,1.0,0.0,0.0
CUST_02773,3,E-commerce,Europe,SMB,12,0,Pro,99.0,23.46153846153846,25,0.38461538461538464,0.0,7.0,23.0,0.682,1.0,0.0,2.6
CUST_02774,23,E-commerce,North America,SMB,5,0,Pro,99.0,20.666666666666668,10,0.16666666666666666,0.16666666666666666,7.0,23.0,0.29,1.0,3.0,3.0
CUST_02775,42,Finance,Latin America,SMB,21,0,Enterprise,299.0,27.863636363636363,44,0.09090909090909091,0.0,7.0,23.0,0.341,1.0,0.0,0.0
CUST_02776,60,Retail,Europe,Mid-market,2,0,Basic,49.0,16.666666666666668,5,0.0,0.0,7.0,23.0,0.9,1.0,0.0,0.0
CUST_02777,2680,Technology,Asia-Pacific,Enterprise,4,0,Enterprise,999.0,47.0,40,1.0,0.6,7.0,23.0,0.84,1.0,0.833,0.5
CUST_02778,23,Technology,North America,SMB,17,1,Basic,29.0,26.45,36,0.1,0.05,7.0,23.0,0.624,1.0,0.0,0.0
CUST_02779,5,Retail,Europe,SMB,9,1,Basic,29.0,20.416666666666668,18,0.25,0.08333333333333333,7.0,23.0,0.882,1.0,5.999,2.0
CUST_02780,5,Retail,Asia-Pacific,SMB,10,1,Basic,29.0,20.818181818181817,19,0.09090909090909091,0.09090909090909091,6.0,26.0,0.672,1.0,0.0,0.0
CUST_02781,25,Retail,Europe,SMB,14,0,Basic,29.0,27.933333333333334,38,0.13333333333333333,0.0,7.0,23.0,0.447,1.0,0.0,3.75
CUST_02782,20,Education,North America,SMB,4,1,Basic,29.0,14.8,7,0.2,0.0,7.0,23.0,0.811,1.0,0.0,0.0
CUST_02783,532,Retail,North America,Enterprise,3,0,Basic,99.0,43.25,30,0.5,0.125,7.0,23.0,0.416,1.0,2.0,2.0
CUST_02784,17,Finance,Asia-Pacific,SMB,2,0,Pro,99.0,11.666666666666666,3,0.0,0.0,7.0,23.0,1.071,1.0,0.0,0.0
CUST_02785,165,Education,Europe,Mid-market,5,0,Basic,49.0,34.5,17,0.16666666666666666,0.16666666666666666,7.0,23.0,0.884,1.0,0.0,0.0
CUST_02786,369,Healthcare,North America,Mid-market,11,0,Enterprise,499.0,47.5,28,0.25,0.16666666666666666,7.0,23.0,0.611,1.0,0.0,0.0
CUST_02787,15,Education,Latin America,SMB,9,0,Basic,29.0,19.0,21,0.0,0.0,7.0,23.0,0.658,1.0,0.0,0.0
CUST_02788,35,Education,Europe,SMB,10,1,Pro,99.0,21.454545454545453,14,0.09090909090909091,0.0,7.0,23.0,0.909,1.0,0.0,0.0
CUST_02789,480,Retail,Asia-Pacific,Mid-market,8,1,Pro,199.0,44.0,26,0.2222222222222222,0.1111111111111111,7.0,23.0,0.648,1.0,0.0,0.0
CUST_02790,13,Education,Asia-Pacific,SMB,0,0,Basic,29.0,20.0,1,0.0,0.0,7.0,23.0,1.0,1.0,0.0,0.0
CUST_02791,24,Finance,Latin America,SMB,3,1,Basic,29.0,17.333333333333332,7,0.0,0.0,7.0,23.0,0.779,1.0,0.0,0.0
CUST_02792,11,Education,Europe,SMB,8,0,Enterprise,299.0,19.88888888888889,8,0.1111111111111111,0.0,7.0,23.0,1.031,1.0,0.0,4.5
CUST_02793,127,Retail,Latin America,Mid-market,15,0,Enterprise,499.0,39.0625,67,0.0625,0.0625,7.0,23.0,0.307,1.0,0.0,0.0
CUST_02794,439,Technology,Asia-Pacific,Mid-market,16,0,Basic,49.0,36.23529411764706,53,0.35294117647058826,0.11764705882352941,8.0,26.0,0.511,1.0,0.0,2.833
CUST_02795,21,Healthcare,North America,SMB,12,0,Basic,29.0,24.0,20,0.15384615384615385,0.0,7.0,23.0,0.521,1.0,0.0,3.25
CUST_02796,22,E-commerce,Latin America,SMB,11,0,Basic,29.0,22.833333333333332,17,0.16666666666666666,0.16666666666666666,7.0,23.0,0.701,1.0,0.0,0.0
CUST_02797,371,Healthcare,Latin America,Mid-market,12,1,Basic,49.0,32.333333333333336,39,0.26666666666666666,0.16666666666666666,7.0,23.0,0.835,1.0,0.0,0.0
CUST_02798,149,Finance,Europe,Mid-market,22,1,Pro,199.0,39.6,80,0.36,0.1733333333333333,7.0,23.0,0.657,1.0,0.0,0.0
CUST_02799,2456,Retail,North America,Enterprise,23,0,Pro,299.0,67.70833333333333,163,0.2916666666666667,0.20833333333333334,9.0,34.0,0.657,1.0,2.4,1.714
CUST_02800,34,E-commerce,North America,SMB,2,1,Basic,29.0,12.0,5,0.0,0.0,7.0,27.0,1.125,1.0,0.0,0.0
CUST_02801,4,Education,Latin America,SMB,12,1,Basic,29.0,26.235294117647058,20,0.11764705882352941,0.0,7.0,23.0,0.457,1.0,0.0,0.0
CUST_02802,16,Healthcare,Europe,SMB,11,0,Basic,29.0,25.25,15,0.16666666666666666,0.08333333333333333,7.0,23.0,0.634,1.0,0.0,0.0
CUST_02803,19,Retail,Latin America,SMB,4,0,Enterprise,299.0,20.6,6,0.0,0.0,7.0,23.0,1.044,1.0,0.0,0.0
CUST_02804,9,Education,North America,SMB,12,1,Basic,29.0,25.0,19,0.15384615384615385,0.07692307692307693,7.0,23.0,0.76,1.0,0.0,0.0
CUST_02805,421,Healthcare,Asia-Pacific,Mid-market,6,1,Pro,199.0,42.285714285714285,12,0.14285714285714285,0.0,7.0,23.0,0.769,1.0,0.0,0.0
CUST_02806,1,Technology,Europe,SMB,17,1,Basic,29.0,26.0,20,0.15,0.05,7.0,23.0,0.558,1.0,9.998,3.333
CUST_02807,12,Finance,North America,SMB,22,0,Basic,29.0,23.52173913043478,46,0.391304347826087,0.08695652173913043,6.0,-2.0,0.638,1.0,0.0,1.278
CUST_02808,2624,Retail,Latin America,Enterprise,10,0,Enterprise,999.0,61.0,70,0.18181818181818182,0.18181818181818182,7.0,23.0,0.598,1.0,0.0,0.0
CUST_02809,89,Education,Europe,Mid-market,8,0,Basic,49.0,36.44444444444444,34,0.2222222222222222,0.2222222222222222,7.0,22.0,0.768,1.0,0.0,0.0
CUST_02810,39,Education,Europe,SMB,7,1,Basic,29.0,16.625,20,0.125,0.0,7.0,23.0,0.361,1.0,0.0,0.0
CUST_02811,26,Healthcare,North America,SMB,10,0,Basic,29.0,30.90909090909091,21,0.0,0.0,7.0,23.0,0.582,1.0,0.0,0.0
CUST_02812,33,Healthcare,North America,SMB,14,0,Pro,99.0,29.533333333333335,31,0.13333333333333333,0.06666666666666667,7.0,23.0,0.372,1.0,0.0,0.0
CUST_02813,22,Retail,Europe,SMB,8,0,Basic,29.0,21.555555555555557,15,0.2222222222222222,0.1111111111111111,7.0,23.0,0.649,1.0,4.5,2.25
CUST_02814,46,Technology,Europe,SMB,2,0,Basic,29.0,21.666666666666668,4,0.0,0.0,7.0,23.0,1.108,1.0,0.0,0.0
CUST_02815,4316,Technology,Latin America,Enterprise,1,0,Basic,99.0,38.0,8,0.0,0.0,7.0,23.0,1.0,1.0,0.0,0.0
CUST_02816,20,E-commerce,Europe,SMB,2,0,Basic,29.0,14.333333333333334,5,0.0,0.0,7.0,23.0,0.802,1.0,0.0,0.0
CUST_02817,2602,Finance,Latin America,Enterprise,23,0,Enterprise,999.0,62.625,145,0.4166666666666667,0.3125,9.0,16.0,0.591,1.0,1.6,1.2
CUST_02818,162,Healthcare,Europe,Mid-market,18,0,Enterprise,499.0,40.526315789473685,71,0.3684210526315789,0.18421052631578946,8.0,17.0,0.605,1.0,0.0,0.0
CUST_02819,204,Finance,Asia-Pacific,Mid-market,10,0,Basic,49.0,31.90909090909091,32,0.18181818181818182,0.18181818181818182,7.0,27.0,0.486,1.0,2.75,2.75
CUST_02820,686,Healthcare,Europe,Enterprise,18,0,Enterprise,999.0,73.36842105263158,113,0.42105263157894735,0.23684210526315788,7.0,23.0,0.286,1.0,2.111,1.187
CUST_02821,4771,Education,Latin America,Enterprise,22,1,Enterprise,999.0,66.48,153,0.56,0.36,7.0,23.0,0.474,1.0,1.389,0.893
CUST_02822,111,Technology,Asia-Pacific,Mid-market,13,0,Basic,49.0,45.857142857142854,55,0.14285714285714285,0.07142857142857142,7.0,23.0,0.611,1.0,0.0,0.0
CUST_02823,25,Healthcare,Latin America,SMB,5,1,Basic,29.0,23.5,12,0.16666666666666666,0.16666666666666666,7.0,23.0,0.66,1.0,3.0,3.0
CUST_02824,301,Education,North America,Mid-market,8,0,Enterprise,499.0,39.0,29,0.2222222222222222,0.1111111111111111,7.0,23.0,0.641,1.0,0.0,0.0
CUST_02825,98,Healthcare,Europe,Mid-market,5,1,Basic,49.0,33.0,24,0.3333333333333333,0.16666666666666666,7.0,23.0,0.621,1.0,0.0,0.0
CUST_02826,17,Healthcare,North America,SMB,14,0,Basic,29.0,25.733333333333334,30,0.13333333333333333,0.06666666666666667,7.0,21.0,0.233,1.0,0.0,0.0
CUST_02827,7,Finance,North America,SMB,10,0,Basic,29.0,25.272727272727273,19,0.09090909090909091,0.09090909090909091,7.0,23.0,0.574,1.0,0.0,0.0
CUST_02828,43,Healthcare,Europe,SMB,23,1,Basic,29.0,22.285714285714285,39,0.25,0.21428571428571427,7.0,23.0,0.516,1.0,0.0,0.0
CUST_02829,24,Retail,North America,SMB,14,0,Pro,99.0,25.0,44,0.4666666666666667,0.13333333333333333,7.0,23.0,0.46,1.0,3.75,2.143
CUST_02830,186,Retail,Latin America,Mid-market,8,0,Pro,199.0,33.44444444444444,31,0.3333333333333333,0.2222222222222222,7.0,23.0,0.643,1.0,0.0,0.0
CUST_02831,32,Technology,North America,SMB,3,0,Basic,29.0,11.5,6,0.25,0.0,6.0,22.0,0.826,1.0,0.0,0.0
CUST_02832,22,Technology,North America,SMB,21,1,Basic,29.0,25.75,37,0.4166666666666667,0.10416666666666667,7.0,23.0,0.621,1.0,0.0,0.0
CUST_02833,43,Finance,Latin America,SMB,6,0,Basic,29.0,22.0,15,0.0,0.0,7.0,23.0,0.568,1.0,0.0,0.0
CUST_02834,1059,Retail,North America,Enterprise,17,0,Enterprise,999.0,64.0,136,0.4444444444444444,0.2222222222222222,7.0,23.0,0.562,1.0,2.25,2.25
CUST_02835,19,Healthcare,Asia-Pacific,SMB,5,1,Pro,99.0,23.666666666666668,9,0.0,0.0,7.0,23.0,1.014,1.0,0.0,0.0
CUST_02836,223,Finance,North America,Mid-market,3,0,Basic,49.0,24.0,8,0.5,0.0,7.0,23.0,0.562,1.0,0.0,1.0
CUST_02837,194,Healthcare,Latin America,Mid-market,1,0,Pro,199.0,16.0,6,0.0,0.0,7.0,23.0,1.0,1.0,0.0,0.0
CUST_02838,134,Technology,North America,Mid-market,18,0,Basic,49.0,47.8421052631579,60,0.21052631578947367,0.10526315789473684,7.0,23.0,0.815,1.0,0.0,2.375
CUST_02839,38,E-commerce,Asia-Pacific,SMB,11,0,Basic,29.0,22.75,21,0.08333333333333333,0.0,7.0,23.0,0.418,1.0,0.0,5.999
CUST_02840,48,E-commerce,North America,SMB,20,0,Basic,29.0,25.476190476190474,37,0.23809523809523808,0.14285714285714285,7.0,23.0,0.53,1.0,3.5,4.2
CUST_02841,339,Technology,North America,Mid-market,8,0,Pro,199.0,39.55555555555556,33,0.1111111111111111,0.1111111111111111,7.0,23.0,0.341,1.0,4.5,4.5
CUST_02842,22,Technology,Europe,SMB,7,1,Basic,29.0,20.25,11,0.125,0.125,7.0,23.0,0.593,1.0,0.0,0.0
CUST_02843,12,Finance,Europe,SMB,12,1,Basic,29.0,21.533333333333335,29,0.06666666666666667,0.06666666666666667,7.0,23.0,0.766,1.0,0.0,0.0
CUST_02844,177,Healthcare,Europe,Mid-market,19,1,Enterprise,499.0,41.31818181818182,82,0.45454545454545453,0.25,10.0,66.0,0.508,1.0,0.0,0.0
CUST_02845,1494,Healthcare,Latin America,Enterprise,5,1,Pro,299.0,85.25,31,0.75,0.75,7.0,23.0,0.633,1.0,1.333,1.333
CUST_02846,2654,E-commerce,Latin America,Enterprise,16,0,Enterprise,999.0,55.470588235294116,123,0.47058823529411764,0.35294117647058826,9.0,40.0,0.505,1.0,0.0,0.0
CUST_02847,2,Technology,Asia-Pacific,SMB,3,0,Pro,99.0,18.0,3,0.0,0.0,7.0,23.0,0.917,1.0,0.0,0.0
CUST_02848,324,Retail,North America,Mid-market,18,0,Basic,49.0,38.36842105263158,66,0.47368421052631576,0.21052631578947367,8.0,8.0,0.365,1.0,0.0,0.0
CUST_02849,9,Retail,Latin America,SMB,1,0,Basic,29.0,19.0,2,1.0,0.25,7.0,23.0,1.0,1.0,1.0,1.0
CUST_02850,25,Education,Europe,SMB,23,1,Basic,29.0,25.46153846153846,47,0.3076923076923077,0.0,7.0,23.0,0.628,1.0,0.0,0.0
CUST_02851,39,Finance,Latin America,SMB,20,0,Pro,99.0,28.571428571428573,33,0.23809523809523808,0.19047619047619047,7.0,45.0,0.49,1.0,2.625,2.1
CUST_02852,183,E-commerce,North America,Mid-market,4,1,Basic,49.0,30.428571428571427,18,0.14285714285714285,0.14285714285714285,7.0,23.0,1.085,1.0,0.0,0.0
CUST_02853,46,Retail,North America,SMB,3,0,Basic,29.0,12.75,4,0.25,0.0,7.0,23.0,0.471,1.0,0.0,2.0
CUST_02854,23,Retail,Europe,SMB,5,1,Pro,99.0,21.3,4,0.0,0.0,7.0,23.0,0.798,1.0,0.0,0.0
CUST_02855,278,Retail,North America,Mid-market,8,0,Pro,199.0,42.333333333333336,31,0.5555555555555556,0.2777777777777778,7.0,23.0,0.425,1.0,1.8,0.9
CUST_02856,382,Retail,Europe,Mid-market,19,0,Pro,199.0,41.4,74,0.35,0.1,7.0,23.0,0.628,1.0,0.0,0.0
CUST_02857,38,Finance,North America,SMB,2,1,Basic,29.0,14.333333333333334,1,0.3333333333333333,0.0,7.0,23.0,0.733,1.0,0.0,1.5
CUST_02858,12,Technology,Latin America,SMB,4,1,Basic,29.0,18.2,7,0.0,0.0,7.0,23.0,0.742,1.0,0.0,0.0
CUST_02859,1222,Technology,North America,Enterprise,10,0,Enterprise,999.0,67.9090909090909,70,0.7272727272727273,0.42424242424242425,10.0,54.0,0.412,1.0,0.786,2.062
CUST_02860,13,Education,North America,SMB,5,1,Basic,29.0,12.833333333333334,15,0.16666666666666666,0.0,7.0,23.0,0.584,1.0,0.0,0.0
CUST_02861,3,Finance,North America,SMB,8,0,Pro,99.0,26.11111111111111,17,0.1111111111111111,0.1111111111111111,7.0,23.0,0.651,1.0,0.0,0.0
CUST_02862,49,E-commerce,North America,SMB,3,1,Basic,29.0,18.5,7,0.5,0.25,7.0,23.0,0.919,1.0,2.0,1.0
CUST_02863,2,Education,North America,SMB,21,1,Enterprise,299.0,26.958333333333332,40,0.16666666666666666,0.08333333333333333,7.0,23.0,0.389,1.0,0.0,0.0
CUST_02864,8,Finance,Latin America,SMB,19,0,Pro,99.0,23.9,43,0.25,0.05,7.0,23.0,0.481,1.0,0.0,0.0
CUST_02865,21,Technology,Latin America,SMB,20,1,Pro,99.0,24.08695652173913,38,0.13043478260869565,0.043478260869565216,5.0,-13.0,0.623,1.0,0.0,0.0
CUST_02866,14,Healthcare,North America,SMB,19,0,Pro,99.0,25.05,29,0.15,0.0,7.0,23.0,0.798,1.0,0.0,0.0
CUST_02867,1270,E-commerce,Europe,Enterprise,4,0,Basic,99.0,66.6,22,0.6,0.4,7.0,23.0,0.526,1.0,1.25,0.833
CUST_02868,32,Finance,North America,SMB,18,0,Pro,99.0,26.210526315789473,26,0.15789473684210525,0.02631578947368421,7.0,23.0,0.954,1.0,0.0,0.0
CUST_02869,146,Retail,North America,Mid-market,1,0,Enterprise,499.0,25.0,3,0.0,0.0,7.0,23.0,1.0,1.0,0.0,0.0
CUST_02870,38,E-commerce,North America,SMB,11,1,Basic,29.0,26.75,23,0.3333333333333333,0.0,10.0,51.0,0.598,1.0,0.0,1.5
CUST_02871,26,Finance,North America,SMB,7,1,Basic,29.0,22.2,17,0.2,0.1,7.0,23.0,0.45,1.0,0.0,2.5
CUST_02872,31,Technology,Latin America,SMB,7,1,Basic,29.0,25.25,9,0.375,0.1875,7.0,23.0,0.475,1.0,0.0,0.0
CUST_02873,7,Retail,Latin America,SMB,19,0,Basic,29.0,20.9,48,0.15,0.05,7.0,23.0,0.526,1.0,0.0,3.333
CUST_02874,2215,Retail,Asia-Pacific,Enterprise,19,0,Enterprise,999.0,66.4,120,0.5,0.3333333333333333,7.0,23.0,0.309,1.0,1.5,1.0
CUST_02875,2296,Healthcare,Europe,Enterprise,0,0,Pro,299.0,73.0,4,0.0,0.0,7.0,23.0,1.0,1.0,0.0,0.0
CUST_02876,44,Finance,North America,SMB,7,0,Pro,99.0,21.25,15,0.375,0.375,7.0,23.0,1.035,1.0,1.333,1.333
CUST_02877,13,Education,North America,SMB,4,1,Basic,29.0,16.8,4,0.2,0.0,7.0,23.0,0.863,1.0,0.0,2.5
CUST_02878,322,Education,Europe,Mid-market,4,1,Pro,199.0,28.142857142857142,35,0.0,0.0,7.0,23.0,0.764,1.0,0.0,0.0
CUST_02879,467,Healthcare,North America,Mid-market,14,0,Pro,199.0,42.4,48,0.26666666666666666,0.13333333333333333,8.0,34.0,0.861,1.0,0.0,0.0
CUST_02880,47,Retail,Latin America,SMB,2,0,Pro,99.0,20.0,3,0.0,0.0,7.0,23.0,0.875,1.0,0.0,0.0
CUST_02881,37,E-commerce,North America,SMB,19,0,Basic,29.0,23.05,38,0.1,0.0,7.0,9.0,0.586,1.0,0.0,5.0
CUST_02882,1,Healthcare,North America,SMB,8,0,Basic,29.0,23.77777777777778,7,0.2222222222222222,0.05555555555555555,7.0,23.0,0.673,1.0,0.0,0.0
CUST_02883,93,Technology,Europe,Mid-market,14,0,Enterprise,499.0,36.666666666666664,52,0.8666666666666667,0.4,6.0,-2.0,0.655,1.0,1.875,1.731
CUST_02884,42,Retail,Europe,SMB,7,0,Basic,29.0,19.875,13,0.375,0.125,7.0,23.0,0.478,1.0,0.0,0.0
CUST_02885,468,Technology,North America,Mid-market,3,0,Basic,49.0,38.75,11,0.5,0.0,7.0,23.0,0.735,1.0,0.0,1.0
CUST_02886,48,Retail,North America,SMB,4,0,Basic,29.0,21.8,7,0.0,0.0,7.0,23.0,0.872,1.0,0.0,0.0
CUST_02887,368,E-commerce,North America,Mid-market,9,0,Basic,49.0,36.4,24,0.0,0.0,8.0,29.0,0.852,1.0,0.0,0.0
CUST_02888,14,Technology,Europe,SMB,8,0,Basic,29.0,22.0,24,0.0,0.0,7.0,23.0,0.705,1.0,0.0,0.0
CUST_02889,273,Education,North America,Mid-market,19,0,Enterprise,499.0,40.1,73,0.3,0.15,7.0,23.0,0.586,1.0,0.0,0.0
CUST_02890,11,Technology,Asia-Pacific,SMB,15,0,Basic,29.0,22.625,26,0.3125,0.21875,7.0,23.0,0.884,1.0,3.428,4.8
CUST_02891,2043,Healthcare,Europe,Enterprise,12,0,Enterprise,999.0,67.07692307692308,92,0.5384615384615384,0.20512820512820512,7.0,23.0,0.783,1.0,0.0,0.0
CUST_02892,2646,Finance,North America,Enterprise,8,0,Enterprise,999.0,60.333333333333336,51,0.4444444444444444,0.3333333333333333,7.0,23.0,0.87,1.0,1.5,1.125
CUST_02893,48,Retail,Asia-Pacific,SMB,16,0,Basic,29.0,24.88235294117647,24,0.35294117647058826,0.029411764705882353,7.0,23.0,0.643,1.0,0.0,0.0
CUST_02894,147,Technology,Asia-Pacific,Mid-market,14,1,Pro,199.0,45.05882352941177,53,0.17647058823529413,0.058823529411764705,7.0,23.0,0.455,1.0,0.0,2.833
CUST_02895,189,Finance,North America,Mid-market,15,0,Pro,199.0,34.5625,51,0.3125,0.0625,7.0,23.0,0.665,1.0,0.0,0.0
CUST_02896,3602,Healthcare,North America,Enterprise,13,0,Pro,299.0,68.14285714285714,88,0.5714285714285714,0.32142857142857145,7.0,23.0,0.499,1.0,0.778,1.75
CUST_02897,4060,Retail,North America,Enterprise,13,0,Enterprise,999.0,71.35714285714286,91,0.35714285714285715,0.2857142857142857,7.0,23.0,0.848,1.0,3.5,2.8
CUST_02898,264,E-commerce,Asia-Pacific,Mid-market,13,0,Basic,49.0,41.857142857142854,30,0.35714285714285715,0.07142857142857142,5.0,-13.0,0.334,1.0,6.999,1.4
CUST_02899,46,Finance,North America,SMB,2,0,Basic,29.0,17.0,0,0.6666666666666666,0.0,7.0,23.0,0.824,1.0,0.0,1.5
CUST_02900,34,Finance,Asia-Pacific,SMB,3,0,Pro,99.0,20.5,6,0.25,0.25,7.0,23.0,0.878,1.0,0.0,0.0
CUST_02901,395,Finance,Latin America,Mid-market,1,0,Pro,199.0,28.0,3,0.0,0.0,7.0,23.0,1.0,1.0,0.0,0.0
CUST_02902,477,Retail,North America,Mid-market,6,0,Pro,199.0,37.57142857142857,20,0.2857142857142857,0.2857142857142857,7.0,29.0,0.825,1.0,0.0,0.0
CUST_02903,44,Education,Europe,SMB,3,1,Basic,29.0,17.0,6,0.0,0.0,7.0,23.0,0.441,1.0,0.0,0.0
CUST_02904,6,Education,Europe,SMB,0,0,Enterprise,299.0,25.0,0,0.0,0.0,7.0,23.0,1.0,1.0,0.0,0.0
CUST_02905,1,Education,North America,SMB,21,0,Basic,29.0,28.545454545454547,31,0.18181818181818182,0.13636363636363635,7.0,23.0,0.578,1.0,0.0,0.0
CUST_02906,36,Technology,Europe,SMB,16,0,Basic,29.0,24.88235294117647,30,0.17647058823529413,0.11764705882352941,7.0,23.0,0.522,1.0,0.0,0.0
CUST_02907,1598,Technology,Asia-Pacific,Enterprise,11,0,Enterprise,999.0,60.416666666666664,80,0.5,0.2916666666666667,8.0,48.0,0.77,1.0,0.0,0.0
CUST_02908,36,Healthcare,North America,SMB,12,0,Pro,99.0,24.76923076923077,15,0.07692307692307693,0.0,7.0,23.0,0.444,1.0,0.0,0.0
CUST_02909,376,E-commerce,North America,Mid-market,10,0,Enterprise,499.0,33.0,30,0.18181818181818182,0.18181818181818182,9.0,49.0,0.818,1.0,0.0,0.0
CUST_02910,120,E-commerce,North America,Mid-market,0,0,Basic,49.0,22.0,4,1.0,0.0,7.0,23.0,1.0,1.0,0.0,1.0
CUST_02911,14,Technology,Europe,SMB,15,0,Basic,29.0,26.0625,28,0.25,0.0,7.0,23.0,0.633,1.0,0.0,0.0
CUST_02912,20,Retail,North America,SMB,4,0,Pro,99.0,19.2,5,0.2,0.0,7.0,23.0,0.599,1.0,0.0,0.0
CUST_02913,45,E-commerce,Europe,SMB,16,0,Pro,99.0,20.705882352941178,34,0.058823529411764705,0.0,7.0,23.0,0.435,1.0,0.0,0.0
CUST_02914,17,E-commerce,Europe,SMB,9,0,Basic,29.0,16.8,12,0.2,0.0,7.0,23.0,0.625,1.0,0.0,0.0
CUST_02915,1571,Finance,Europe,Enterprise,22,1,Enterprise,999.0,66.56,190,0.36,0.24,7.0,23.0,0.676,1.0,0.0,0.0
CUST_02916,25,Finance,Asia-Pacific,SMB,4,1,Basic,29.0,22.4,7,0.0,0.0,7.0,23.0,0.871,1.0,0.0,0.0
CUST_02917,872,Finance,North America,Enterprise,23,0,Enterprise,999.0,70.375,167,0.5,0.23611111111111108,8.0,35.0,1.016,1.0,2.118,1.0
CUST_02918,32,E-commerce,Asia-Pacific,SMB,2,1,Basic,29.0,16.333333333333332,2,0.3333333333333333,0.3333333333333333,7.0,5.0,0.704,1.0,1.5,1.5
CUST_02919,45,Technology,Latin America,SMB,20,0,Basic,29.0,29.666666666666668,34,0.047619047619047616,0.0,8.0,30.0,0.607,1.0,0.0,0.0
CUST_02920,1649,Healthcare,Europe,Enterprise,12,1,Pro,299.0,61.11764705882353,118,0.29411764705882354,0.11764705882352941,7.0,23.0,0.654,1.0,0.0,1.7
CUST_02921,555,Healthcare,Europe,Enterprise,9,0,Enterprise,999.0,65.7,51,0.3,0.1,7.0,23.0,0.495,1.0,0.0,0.0
CUST_02922,3376,Education,Asia-Pacific,Enterprise,4,0,Pro,299.0,46.4,24,0.0,0.0,7.0,23.0,0.765,1.0,0.0,0.0
CUST_02923,490,Finance,Europe,Mid-market,21,0,Pro,199.0,45.54545454545455,86,0.5,0.25,6.0,23.0,0.867,1.0,2.0,2.0
CUST_02924,35,Finance,Latin America,SMB,19,1,Basic,29.0,27.0,39,0.16666666666666666,0.08333333333333333,7.0,23.0,0.259,1.0,0.0,3.0
CUST_02925,39,Technology,North America,SMB,19,0,Pro,99.0,26.6,29,0.2,0.075,7.0,23.0,0.639,1.0,3.333,5.0
CUST_02926,3052,Education,Asia-Pacific,Enterprise,3,0,Enterprise,999.0,49.25,17,0.5,0.5,7.0,23.0,0.741,1.0,1.0,1.0
CUST_02927,436,Education,Latin America,Mid-market,4,1,Pro,199.0,34.6,14,0.0,0.0,7.0,23.0,0.621,1.0,0.0,0.0
CUST_02928,381,Healthcare,North America,Mid-market,11,0,Pro,199.0,41.0,36,0.08333333333333333,0.08333333333333333,7.0,23.0,0.598,1.0,0.0,0.0
CUST_02929,9,Finance,North America,SMB,8,0,Basic,29.0,22.666666666666668,13,0.1111111111111111,0.1111111111111111,7.0,15.0,0.463,1.0,0.0,0.0
CUST_02930,70,E-commerce,North America,Mid-market,13,0,Pro,199.0,44.5,45,0.07142857142857142,0.07142857142857142,6.0,-5.0,0.82,1.0,0.0,0.0
CUST_02931,1644,Technology,Asia-Pacific,Enterprise,14,0,Enterprise,999.0,72.6,135,0.5333333333333333,0.4666666666666667,7.0,23.0,0.544,1.0,2.143,1.875
CUST_02932,382,Education,North America,Mid-market,21,1,Enterprise,499.0,41.0,86,0.125,0.125,7.0,23.0,0.549,1.0,4.0,4.0
CUST_02933,24,Finance,North America,SMB,8,0,Pro,99.0,20.22222222222222,9,0.2222222222222222,0.1111111111111111,7.0,40.0,0.569,1.0,4.5,2.25
CUST_02934,13,Technology,Latin America,SMB,3,0,Basic,29.0,22.0,3,0.0,0.0,7.0,23.0,0.705,1.0,0.0,0.0
CUST_02935,2703,Technology,North America,Enterprise,18,0,Pro,299.0,62.8421052631579,139,0.5789473684210527,0.2631578947368421,7.0,23.0,0.541,1.0,1.9,1.727
CUST_02936,36,Finance,North America,SMB,13,0,Basic,29.0,20.928571428571427,20,0.2857142857142857,0.07142857142857142,8.0,19.0,0.597,1.0,0.0,0.0
CUST_02937,9,Technology,Latin America,SMB,7,1,Basic,29.0,23.9,14,0.2,0.1,7.0,23.0,0.837,1.0,5.0,2.5
CUST_02938,3543,Finance,Asia-Pacific,Enterprise,4,0,Enterprise,999.0,50.8,28,0.2,0.2,7.0,23.0,0.61,1.0,0.0,0.0
CUST_02939,48,Healthcare,North America,SMB,8,0,Pro,99.0,25.77777777777778,7,0.0,0.0,7.0,23.0,0.407,1.0,0.0,0.0
CUST_02940,5,Education,North America,SMB,6,1,Basic,29.0,19.714285714285715,14,0.0,0.0,7.0,23.0,0.33,1.0,0.0,0.0
CUST_02941,492,Finance,North America,Mid-market,12,1,Pro,199.0,42.53846153846154,37,0.38461538461538464,0.10256410256410256,7.0,23.0,0.588,1.0,0.0,0.0
CUST_02942,8,Technology,North America,SMB,14,0,Pro,99.0,25.333333333333332,31,0.13333333333333333,0.0,7.0,23.0,0.592,1.0,0.0,0.0
CUST_02943,41,Finance,Asia-Pacific,SMB,6,0,Basic,29.0,20.714285714285715,11,0.42857142857142855,0.07142857142857142,7.0,23.0,0.507,1.0,0.0,0.0
CUST_02944,102,E-commerce,North America,Mid-market,12,0,Basic,49.0,38.76923076923077,54,0.46153846153846156,0.34615384615384615,7.0,23.0,0.619,1.0,0.0,0.0
CUST_02945,207,Technology,Asia-Pacific,Mid-market,23,1,Basic,49.0,41.42307692307692,88,0.2692307692307692,0.23076923076923078,7.0,23.0,0.833,1.0,0.0,0.0
CUST_02946,298,Retail,Europe,Mid-market,12,1,Basic,49.0,38.46153846153846,45,0.15384615384615385,0.15384615384615385,7.0,23.0,0.598,1.0,0.0,0.0
CUST_02947,69,Healthcare,Asia-Pacific,Mid-market,6,0,Pro,199.0,33.857142857142854,27,0.42857142857142855,0.2857142857142857,7.0,23.0,0.62,1.0,1.75,1.167
CUST_02948,25,Retail,Asia-Pacific,SMB,7,0,Pro,99.0,22.75,6,0.0,0.0,7.0,23.0,0.44,1.0,0.0,0.0
CUST_02949,28,Technology,Latin America,SMB,15,1,Basic,29.0,28.166666666666668,43,0.3333333333333333,0.05555555555555555,7.0,23.0,0.905,1.0,0.0,0.0
CUST_02950,44,Retail,Europe,SMB,18,1,Basic,29.0,23.761904761904763,43,0.47619047619047616,0.047619047619047616,7.0,23.0,0.316,1.0,0.0,1.05
CUST_02951,13,Technology,North America,SMB,7,1,Basic,29.0,22.0,14,0.125,0.125,7.0,23.0,0.364,1.0,0.0,0.0
CUST_02952,3159,Education,North America,Enterprise,20,1,Enterprise,999.0,60.608695652173914,144,0.43478260869565216,0.34782608695652173,7.0,23.0,0.495,1.0,0.0,0.0
CUST_02953,33,Technology,North America,SMB,23,1,Pro,99.0,27.535714285714285,50,0.14285714285714285,0.07142857142857142,6.0,24.0,0.69,1.0,0.0,0.0
CUST_02954,15,E-commerce,North America,SMB,0,0,Basic,29.0,20.0,0,0.0,0.0,7.0,23.0,1.0,1.0,0.0,0.0
CUST_02955,146,Technology,Asia-Pacific,Mid-market,4,0,Pro,199.0,27.2,11,0.8,0.6,8.0,29.0,0.993,1.0,1.667,1.25
CUST_02956,265,Retail,Europe,Mid-market,13,1,Basic,49.0,39.4375,52,0.4375,0.375,7.0,23.0,0.849,1.0,0.0,1.143
CUST_02957,4528,E-commerce,Europe,Enterprise,4,1,Enterprise,999.0,55.0,40,0.5714285714285714,0.14285714285714285,7.0,23.0,0.936,1.0,0.0,0.0
CUST_02958,25,Healthcare,North America,SMB,9,1,Basic,29.0,26.5,12,0.0,0.0,7.0,23.0,0.698,1.0,0.0,0.0
CUST_02959,36,Healthcare,Latin America,SMB,19,0,Pro,99.0,28.25,29,0.15,0.1,7.0,23.0,0.513,1.0,5.0,3.333
CUST_02960,320,Education,Europe,Mid-market,14,1,Pro,199.0,35.78947368421053,52,0.15789473684210525,0.10526315789473684,7.0,23.0,0.587,1.0,4.75,3.166
CUST_02961,33,E-commerce,Latin America,SMB,5,0,Basic,29.0,19.0,9,0.3333333333333333,0.0,7.0,23.0,0.921,1.0,0.0,1.5
CUST_02962,30,Finance,Europe,SMB,4,0,Basic,29.0,23.0,9,0.2,0.0,7.0,23.0,0.913,1.0,0.0,0.0
CUST_02963,47,Finance,Latin America,SMB,1,1,Basic,29.0,16.5,1,0.0,0.0,7.0,23.0,1.0,1.0,0.0,0.0
CUST_02964,489,Technology,Europe,Mid-market,4,0,Pro,199.0,39.4,10,0.6,0.3,7.0,23.0,0.635,1.0,1.667,0.833
CUST_02965,3,Finance,Europe,SMB,12,1,Basic,29.0,21.8,24,0.2,0.13333333333333333,7.0,23.0,0.688,1.0,0.0,0.0
CUST_02966,160,Education,Latin America,Mid-market,16,0,Enterprise,499.0,40.0,61,0.11764705882352941,0.0,7.0,23.0,0.825,1.0,0.0,0.0
CUST_02967,26,Technology,Latin America,SMB,1,1,Basic,29.0,18.0,1,0.5,0.0,7.0,23.0,1.0,1.0,0.0,1.0
CUST_02968,21,E-commerce,North America,SMB,8,0,Basic,29.0,22.22222222222222,13,0.1111111111111111,0.1111111111111111,7.0,23.0,0.63,1.0,0.0,0.0
CUST_02969,828,Retail,Asia-Pacific,Enterprise,1,0,Enterprise,999.0,32.0,13,0.0,0.0,7.0,23.0,1.0,1.0,0.0,0.0
CUST_02970,3,Retail,Europe,SMB,10,0,Pro,99.0,24.90909090909091,21,0.36363636363636365,0.18181818181818182,7.0,23.0,0.582,1.0,2.75,1.375
CUST_02971,27,Retail,Asia-Pacific,SMB,12,0,Basic,29.0,26.307692307692307,24,0.23076923076923078,0.07692307692307693,7.0,23.0,0.228,1.0,6.499,2.167
CUST_02972,28,E-commerce,North America,SMB,3,0,Basic,29.0,13.75,2,0.0,0.0,7.0,23.0,0.945,1.0,0.0,0.0
CUST_02973,136,Education,Europe,Mid-market,14,1,Pro,199.0,35.8235294117647,78,0.11764705882352941,0.0,7.0,23.0,0.656,1.0,0.0,0.0
CUST_02974,5,E-commerce,Europe,SMB,21,0,Basic,29.0,26.59090909090909,44,0.18181818181818182,0.09090909090909091,7.0,18.0,0.226,1.0,0.0,0.0
CUST_02975,15,Healthcare,North America,SMB,9,0,Basic,29.0,23.2,19,0.4,0.0,7.0,23.0,0.517,1.0,0.0,1.25
CUST_02976,210,Healthcare,Europe,Mid-market,3,0,Pro,199.0,26.0,8,0.0,0.0,7.0,23.0,0.75,1.0,0.0,0.0
CUST_02977,311,Retail,Latin America,Mid-market,22,0,Pro,199.0,44.69565217391305,70,0.30434782608695654,0.13043478260869565,7.0,23.0,0.492,1.0,5.75,6.571
CUST_02978,3294,E-commerce,Europe,Enterprise,9,0,Pro,299.0,61.7,60,0.5,0.4,7.0,23.0,0.438,1.0,0.0,1.0
CUST_02979,39,Healthcare,Latin America,SMB,15,0,Basic,29.0,20.625,30,0.4375,0.125,7.0,23.0,0.873,1.0,0.0,1.143
CUST_02980,324,Retail,Latin America,Mid-market,16,0,Pro,199.0,42.8235294117647,55,0.23529411764705882,0.11764705882352941,7.0,23.0,0.28,1.0,4.25,2.125
CUST_02981,35,Finance,North America,SMB,13,0,Basic,29.0,26.285714285714285,26,0.07142857142857142,0.07142857142857142,7.0,23.0,0.552,1.0,0.0,0.0
CUST_02982,6,Education,Asia-Pacific,SMB,8,0,Basic,29.0,25.11111111111111,11,0.2222222222222222,0.1111111111111111,7.0,23.0,0.597,1.0,4.5,2.25
CUST_02983,405,Healthcare,Latin America,Mid-market,5,0,Pro,199.0,46.166666666666664,19,0.5,0.08333333333333333,7.0,23.0,0.661,1.0,3.0,2.0
CUST_02984,51,Healthcare,Latin America,Mid-market,2,1,Basic,49.0,18.0,6,0.0,0.0,7.0,23.0,0.75,1.0,0.0,0.0
CUST_02985,18,Finance,North America,SMB,9,0,Basic,29.0,24.1,20,0.3,0.1,7.0,23.0,0.456,1.0,0.0,0.0
CUST_02986,7,Retail,North America,SMB,18,1,Basic,29.0,25.38095238095238,40,0.23809523809523808,0.07142857142857142,7.0,23.0,0.611,1.0,0.0,0.0
CUST_02987,10,Education,North America,SMB,8,1,Basic,29.0,20.333333333333332,14,0.3333333333333333,0.1111111111111111,7.0,23.0,0.492,1.0,0.0,1.5
CUST_02988,25,Retail,North America,SMB,12,0,Basic,29.0,24.46153846153846,19,0.38461538461538464,0.15384615384615385,7.0,23.0,0.491,1.0,0.0,0.0
CUST_02989,2359,E-commerce,North America,Enterprise,19,1,Enterprise,999.0,65.04166666666667,179,0.625,0.2916666666666667,9.0,43.0,0.53,1.0,0.0,0.0
CUST_02990,35,Technology,North America,SMB,18,0,Basic,29.0,27.526315789473685,35,0.3684210526315789,0.15789473684210525,7.0,23.0,0.854,1.0,0.0,0.0
CUST_02991,182,Healthcare,North America,Mid-market,3,0,Pro,199.0,30.75,12,1.0,0.625,7.0,23.0,0.634,1.0,1.2,1.5
CUST_02992,75,Finance,North America,Mid-market,5,0,Basic,49.0,34.833333333333336,12,0.3333333333333333,0.08333333333333333,9.0,28.0,0.761,1.0,3.0,3.0
CUST_02993,970,Technology,North America,Enterprise,6,0,Enterprise,999.0,54.42857142857143,38,0.42857142857142855,0.21428571428571427,7.0,23.0,0.413,1.0,3.5,3.5
CUST_02994,3,E-commerce,Asia-Pacific,SMB,5,1,Basic,29.0,15.833333333333334,7,0.16666666666666666,0.0,7.0,23.0,0.853,1.0,0.0,3.0
CUST_02995,4860,Finance,Latin America,Enterprise,4,0,Enterprise,999.0,61.8,26,1.0,0.3,7.0,23.0,0.72,1.0,0.833,1.0
CUST_02996,46,Healthcare,Europe,SMB,11,0,Basic,29.0,25.0,13,0.25,0.0,7.0,23.0,0.94,1.0,0.0,0.0
CUST_02997,39,Technology,Latin America,SMB,7,0,Basic,29.0,19.375,9,0.125,0.0,7.0,23.0,0.723,1.0,0.0,0.0
CUST_02998,447,Retail,Latin America,Mid-market,20,0,Pro,199.0,42.61904761904762,70,0.47619047619047616,0.35714285714285715,6.0,8.0,0.481,1.0,0.0,1.05
CUST_02999,32,E-commerce,North America,SMB,11,0,Basic,29.0,25.25,21,0.16666666666666666,0.16666666666666666,8.0,22.0,0.317,1.0,0.0,0.0
CUST_03000,47,Technology,North America,SMB,21,0,Pro,99.0,25.863636363636363,29,0.22727272727272727,0.0,7.0,23.0,0.773,1.0,0.0,2.2
CUST_03001,3737,Retail,Asia-Pacific,Enterprise,10,0,Basic,99.0,84.81818181818181,62,0.7272727272727273,0.4090909090909091,7.0,23.0,0.755,1.0,1.833,2.062
CUST_03002,49,Retail,Latin America,SMB,19,0,Basic,29.0,23.65,26,0.3,0.15,7.0,24.0,0.444,1.0,0.0,1.667
CUST_03003,274,E-commerce,North America,Mid-market,8,1,Pro,199.0,42.888888888888886,25,0.3333333333333333,0.16666666666666666,7.0,23.0,0.723,1.0,1.5,3.0
CUST_03004,13,E-commerce,Europe,SMB,1,0,Basic,29.0,24.5,3,0.0,0.0,7.0,23.0,1.0,1.0,0.0,0.0
CUST_03005,19,Finance,North America,SMB,5,0,Basic,29.0,20.666666666666668,6,0.16666666666666666,0.0,7.0,23.0,1.016,1.0,0.0,0.0
CUST_03006,39,Education,Europe,SMB,3,1,Basic,29.0,14.75,3,0.0,0.0,7.0,23.0,0.441,1.0,0.0,0.0
CUST_03007,2250,Healthcare,North America,Enterprise,2,1,Enterprise,999.0,48.4,10,0.0,0.0,7.0,23.0,0.868,1.0,0.0,0.0
CUST_03008,41,Healthcare,Europe,SMB,10,1,Basic,29.0,22.09090909090909,21,0.18181818181818182,0.0,7.0,23.0,0.521,1.0,0.0,0.0
CUST_03009,3,Technology,North America,SMB,1,1,Basic,29.0,11.0,1,0.0,0.0,7.0,23.0,1.0,1.0,0.0,0.0
CUST_03010,25,Healthcare,North America,SMB,11,0,Basic,29.0,24.25,17,0.25,0.041666666666666664,7.0,23.0,0.515,1.0,0.0,0.0
CUST_03011,4,E-commerce,North America,SMB,18,1,Basic,29.0,28.523809523809526,39,0.14285714285714285,0.047619047619047616,7.0,23.0,0.561,1.0,0.0,3.5
CUST_03012,41,Healthcare,North America,SMB,9,0,Basic,29.0,29.4,14,0.1,0.1,7.0,23.0,0.51,1.0,0.0,0.0
CUST_03013,2256,Retail,North America,Enterprise,4,0,Pro,299.0,49.6,21,0.0,0.0,8.0,30.0,0.937,1.0,0.0,0.0
CUST_03014,14,Finance,North America,SMB,2,0,Pro,99.0,19.333333333333332,1,0.6666666666666666,0.3333333333333333,7.0,23.0,0.983,1.0,1.5,1.5
CUST_03015,9,Education,Latin America,SMB,23,0,Basic,29.0,28.26923076923077,51,0.15384615384615385,0.038461538461538464,7.0,23.0,0.354,1.0,0.0,0.0
CUST_03016,1089,Education,North America,Enterprise,6,0,Basic,99.0,59.285714285714285,40,0.7142857142857143,0.5,7.0,23.0,0.945,1.0,0.5,1.4
CUST_03017,20,Healthcare,Europe,SMB,0,0,Basic,29.0,24.0,1,0.0,0.0,7.0,23.0,1.0,1.0,0.0,0.0
CUST_03018,6,Technology,Latin America,SMB,16,0,Basic,29.0,27.705882352941178,32,0.35294117647058826,0.058823529411764705,7.0,23.0,0.668,1.0,0.0,0.0
CUST_03019,33,Technology,Asia-Pacific,SMB,1,1,Enterprise,299.0,15.5,1,0.5,0.0,7.0,23.0,1.0,1.0,0.0,1.0
CUST_03020,395,Finance,Asia-Pacific,Mid-market,8,0,Pro,199.0,35.333333333333336,24,0.4444444444444444,0.3333333333333333,7.0,23.0,0.651,1.0,1.5,1.125
CUST_03021,264,Healthcare,Europe,Mid-market,16,0,Basic,49.0,47.64705882352941,53,0.29411764705882354,0.14705882352941177,6.0,33.0,0.535,1.0,0.0,0.0
CUST_03022,192,Technology,Asia-Pacific,Mid-market,4,0,Pro,199.0,33.2,12,0.2,0.2,7.0,23.0,0.512,1.0,0.0,0.0
CUST_03023,4145,Education,Asia-Pacific,Enterprise,13,0,Enterprise,999.0,67.92857142857143,86,0.42857142857142855,0.42857142857142855,9.0,22.0,0.721,1.0,1.167,1.167
CUST_03024,463,Retail,North America,Mid-market,4,0,Enterprise,499.0,35.6,15,0.2,0.0,7.0,23.0,0.983,1.0,0.0,2.5
CUST_03025,22,Technology,North America,SMB,1,0,Basic,29.0,17.5,4,0.0,0.0,7.0,23.0,1.0,1.0,0.0,0.0
CUST_03026,1573,E-commerce,Europe,Enterprise,21,0,Pro,299.0,63.77272727272727,153,0.45454545454545453,0.25,7.0,23.0,0.682,1.0,2.0,1.1
CUST_03027,31,Finance,Latin America,SMB,8,0,Basic,29.0,22.11111111111111,10,0.1111111111111111,0.1111111111111111,7.0,23.0,0.52,1.0,0.0,0.0
CUST_03028,4488,Technology,North America,Enterprise,8,0,Enterprise,999.0,64.66666666666667,36,0.7777777777777778,0.6666666666666666,7.0,23.0,0.387,1.0,1.5,1.286
CUST_03029,487,Retail,Europe,Mid-market,9,0,Enterprise,499.0,36.6,32,0.4,0.2,7.0,23.0,0.861,1.0,2.5,1.25
CUST_03030,3233,Education,Asia-Pacific,Enterprise,7,0,Enterprise,999.0,56.125,43,0.5,0.3125,7.0,23.0,0.624,1.0,0.0,0.0
CUST_03031,405,Retail,North America,Mid-market,9,1,Pro,199.0,30.6,26,0.1,0.1,7.0,23.0,0.539,1.0,0.0,0.0
CUST_03032,2512,Education,North America,Enterprise,4,1,Enterprise,999.0,34.8,20,0.8,0.6,7.0,23.0,0.891,1.0,0.833,1.25
CUST_03033,1748,Technology,North America,Enterprise,16,0,Enterprise,999.0,71.29411764705883,110,0.35294117647058826,0.29411764705882354,7.0,23.0,0.449,1.0,1.7,1.417
CUST_03034,49,Technology,North America,SMB,19,0,Basic,29.0,28.65,47,0.2,0.1,7.0,23.0,0.541,1.0,0.0,0.0
CUST_03035,49,Retail,Europe,SMB,4,0,Pro,99.0,13.4,6,0.2,0.2,7.0,23.0,0.97,1.0,2.5,2.5
CUST_03036,6,Healthcare,North America,SMB,11,1,Basic,29.0,23.071428571428573,15,0.07142857142857142,0.0,7.0,23.0,0.759,1.0,0.0,0.0
CUST_03037,34,Technology,Europe,SMB,11,0,Basic,29.0,23.583333333333332,19,0.16666666666666666,0.0,8.0,63.0,0.615,1.0,0.0,0.0
CUST_03038,693,Retail,Europe,Enterprise,6,0,Enterprise,999.0,69.28571428571429,47,0.7142857142857143,0.2857142857142857,7.0,23.0,0.382,1.0,0.0,0.0
CUST_03039,40,Finance,North America,SMB,19,0,Basic,29.0,24.8,32,0.35,0.125,7.0,41.0,0.625,1.0,0.0,1.429
CUST_03040,47,Technology,Asia-Pacific,SMB,22,1,Basic,29.0,28.88,46,0.16,0.04,7.0,31.0,0.675,1.0,0.0,3.125
CUST_03041,1,Healthcare,Europe,SMB,20,0,Enterprise,299.0,25.38095238095238,35,0.14285714285714285,0.047619047619047616,7.0,12.0,0.492,1.0,0.0,3.5
CUST_03042,30,Education,Asia-Pacific,SMB,14,0,Basic,29.0,24.333333333333332,23,0.06666666666666667,0.0,7.0,23.0,0.288,1.0,0.0,0.0
CUST_03043,15,Technology,Europe,SMB,13,0,Basic,29.0,21.214285714285715,20,0.35714285714285715,0.14285714285714285,7.0,19.0,0.448,1.0,0.0,2.8
CUST_03044,3,E-commerce,Latin America,SMB,6,1,Basic,29.0,24.714285714285715,11,0.14285714285714285,0.14285714285714285,7.0,23.0,0.647,1.0,0.0,0.0
CUST_03045,4112,E-commerce,Asia-Pacific,Enterprise,8,0,Enterprise,999.0,65.0,44,0.2222222222222222,0.1111111111111111,7.0,23.0,0.477,1.0,0.0,0.0
CUST_03046,234,Finance,North America,Mid-market,8,0,Basic,49.0,44.44444444444444,29,0.2222222222222222,0.0,7.0,23.0,0.754,1.0,0.0,2.25
CUST_03047,124,Healthcare,North America,Mid-market,8,0,Pro,199.0,43.22222222222222,26,0.1111111111111111,0.0,7.0,15.0,0.59,1.0,0.0,0.0
CUST_03048,428,Retail,Latin America,Mid-market,16,0,Enterprise,499.0,39.470588235294116,75,0.29411764705882354,0.17647058823529413,6.0,7.0,0.735,1.0,0.0,0.0
CUST_03049,233,Finance,Europe,Mid-market,4,0,Basic,49.0,33.4,11,0.0,0.0,7.0,23.0,0.778,1.0,0.0,0.0
CUST_03050,10,Education,Europe,SMB,18,1,Pro,99.0,27.08695652173913,54,0.0,0.0,7.0,23.0,0.849,1.0,0.0,0.0
CUST_03051,338,Healthcare,Europe,Mid-market,20,1,Pro,199.0,42.32,69,0.24,0.18,7.0,23.0,0.815,1.0,2.778,2.083
CUST_03052,440,Education,North America,Mid-market,15,0,Basic,49.0,40.125,71,0.5,0.21875,10.0,38.0,0.798,1.0,0.0,0.0
CUST_03053,7,Healthcare,North America,SMB,5,1,Basic,29.0,20.5,13,0.0,0.0,7.0,23.0,0.78,1.0,0.0,0.0
CUST_03054,1410,Healthcare,North America,Enterprise,17,0,Pro,299.0,62.166666666666664,123,0.16666666666666666,0.1111111111111111,7.0,23.0,0.41,1.0,0.0,0.0
CUST_03055,49,Technology,Asia-Pacific,SMB,3,1,Basic,29.0,19.166666666666668,7,0.16666666666666666,0.0,7.0,23.0,0.704,1.0,0.0,3.0
CUST_03056,12,Education,Europe,SMB,2,1,Basic,29.0,15.4,7,0.0,0.0,7.0,23.0,1.136,1.0,0.0,0.0
CUST_03057,3,E-commerce,Europe,SMB,9,1,Pro,99.0,29.75,16,0.08333333333333333,0.0,7.0,23.0,0.891,1.0,0.0,0.0
CUST_03058,16,Retail,North America,SMB,12,1,Pro,99.0,24.307692307692307,23,0.07692307692307693,0.0,7.0,23.0,0.391,1.0,0.0,0.0
CUST_03059,46,Retail,Europe,SMB,19,0,Enterprise,299.0,23.25,47,0.15,0.0,8.0,14.0,0.559,1.0,0.0,0.0
CUST_03060,41,Finance,Europe,SMB,8,0,Basic,29.0,21.88888888888889,17,0.3333333333333333,0.1111111111111111,7.0,23.0,0.685,1.0,4.5,1.5
CUST_03061,3731,Education,North America,Enterprise,11,0,Enterprise,999.0,58.166666666666664,56,0.5,0.2916666666666667,9.0,45.0,0.327,1.0,0.0,0.0
CUST_03062,39,E-commerce,North America,SMB,1,0,Enterprise,299.0,19.5,2,0.0,0.0,7.0,23.0,1.0,1.0,0.0,0.0
CUST_03063,28,Finance,Europe,SMB,8,1,Basic,29.0,19.454545454545453,19,0.09090909090909091,0.09090909090909091,7.0,23.0,1.208,1.0,0.0,0.0
CUST_03064,16,Retail,Asia-Pacific,SMB,0,0,Pro,99.0,6.0,2,0.0,0.0,7.0,23.0,1.0,1.0,0.0,0.0
CUST_03065,3239,Retail,Latin America,Enterprise,0,0,Enterprise,999.0,43.0,3,0.0,0.0,7.0,23.0,1.0,1.0,0.0,0.0
CUST_03066,275,Technology,Europe,Mid-market,2,1,Pro,199.0,20.0,7,0.0,0.0,7.0,23.0,1.1,1.0,0.0,0.0
CUST_03067,40,Finance,North America,SMB,9,1,Basic,29.0,24.916666666666668,15,0.08333333333333333,0.0,7.0,18.0,0.622,1.0,0.0,0.0
CUST_03068,8,Technology,North America,SMB,15,1,Basic,29.0,29.5,35,0.2222222222222222,0.0,7.0,23.0,0.61,1.0,0.0,2.25
CUST_03069,45,Retail,Asia-Pacific,SMB,19,0,Basic,29.0,27.45,31,0.0,0.0,7.0,23.0,0.455,1.0,0.0,0.0
CUST_03070,31,Finance,North America,SMB,9,1,Basic,29.0,25.6,22,0.4,0.2,7.0,23.0,0.293,1.0,2.5,1.25
CUST_03071,418,E-commerce,Latin America,Mid-market,7,0,Pro,199.0,36.875,26,0.25,0.25,7.0,23.0,0.854,1.0,2.0,2.0
CUST_03072,167,E-commerce,Asia-Pacific,Mid-market,4,0,Basic,49.0,29.6,10,0.2,0.2,7.0,23.0,0.963,1.0,2.5,2.5
CUST_03073,162,Retail,North America,Mid-market,4,0,Enterprise,499.0,33.4,10,0.0,0.0,7.0,23.0,1.048,1.0,0.0,0.0
CUST_03074,43,Education,North America,SMB,18,0,Basic,29.0,26.789473684210527,40,0.15789473684210525,0.10526315789473684,7.0,23.0,0.448,1.0,0.0,0.0
CUST_03075,194,Finance,Asia-Pacific,Mid-market,23,1,Pro,199.0,39.38461538461539,92,0.38461538461538464,0.23076923076923078,9.0,59.0,0.724,1.0,2.167,1.3
CUST_03076,47,Education,Europe,SMB,10,0,Basic,29.0,25.363636363636363,18,0.2727272727272727,0.0,7.0,23.0,0.532,1.0,0.0,0.0
CUST_03077,497,Finance,North America,Mid-market,0,0,Enterprise,499.0,15.0,2,0.0,0.0,7.0,23.0,1.0,1.0,0.0,0.0
CUST_03078,217,E-commerce,North America,Mid-market,11,0,Pro,199.0,48.5,43,0.75,0.4166666666666667,7.0,23.0,0.464,1.0,1.2,2.0
CUST_03079,9,Healthcare,North America,SMB,9,0,Basic,29.0,27.5,24,0.0,0.0,7.0,23.0,0.382,1.0,0.0,0.0
CUST_03080,13,Technology,Europe,SMB,23,0,Basic,29.0,24.125,53,0.25,0.041666666666666664,6.0,12.0,0.684,1.0,0.0,2.0
CUST_03081,43,Retail,Asia-Pacific,SMB,8,0,Basic,29.0,25.77777777777778,16,0.3333333333333333,0.2222222222222222,4.0,-14.0,0.543,1.0,2.25,1.5
CUST_03082,2536,Education,North America,Enterprise,23,0,Enterprise,999.0,64.125,161,0.4583333333333333,0.22916666666666666,7.0,23.0,0.374,1.0,1.091,4.364
CUST_03083,3,E-commerce,North America,SMB,15,0,Basic,29.0,22.9375,17,0.4375,0.3125,7.0,21.0,0.436,1.0,1.6,1.143
CUST_03084,610,E-commerce,Latin America,Enterprise,10,0,Enterprise,999.0,66.0,63,0.45454545454545453,0.36363636363636365,6.0,23.0,0.78,1.0,1.375,1.1
CUST_03085,2879,Technology,Latin America,Enterprise,7,1,Pro,299.0,77.3,51,0.7,0.3,7.0,23.0,0.563,1.0,3.333,1.429
CUST_03086,42,Education,Asia-Pacific,SMB,11,1,Basic,29.0,25.75,25,0.3333333333333333,0.16666666666666666,7.0,23.0,0.66,1.0,3.0,1.5
CUST_03087,36,Finance,North America,SMB,9,0,Basic,29.0,21.7,21,0.1,0.0,7.0,23.0,0.899,1.0,0.0,5.0
CUST_03088,44,Retail,North America,SMB,4,0,Basic,29.0,25.8,13,0.0,0.0,7.0,23.0,0.911,1.0,0.0,0.0
CUST_03089,68,Finance,Europe,Mid-market,11,0,Pro,199.0,41.833333333333336,32,0.4166666666666667,0.3333333333333333,8.0,40.0,0.55,1.0,0.0,0.0
CUST_03090,2,Technology,Asia-Pacific,SMB,12,1,Basic,29.0,31.823529411764707,20,0.11764705882352941,0.11764705882352941,7.0,23.0,0.644,1.0,0.0,0.0
CUST_03091,48,Technology,North America,SMB,15,1,Enterprise,299.0,22.38888888888889,42,0.2222222222222222,0.05555555555555555,7.0,49.0,0.648,1.0,0.0,0.0
CUST_03092,25,Technology,Asia-Pacific,SMB,15,0,Pro,99.0,26.3125,25,0.25,0.0625,6.0,8.0,0.513,1.0,0.0,2.0
CUST_03093,2716,Retail,North America,Enterprise,10,0,Enterprise,999.0,63.45454545454545,63,0.36363636363636365,0.18181818181818182,7.0,23.0,0.591,1.0,0.0,0.0
CUST_03094,678,Healthcare,Asia-Pacific,Enterprise,4,0,Enterprise,999.0,49.0,26,0.8,0.4,7.0,23.0,1.02,1.0,0.0,0.625
CUST_03095,35,Technology,Europe,SMB,22,0,Pro,99.0,27.565217391304348,37,0.43478260869565216,0.15217391304347827,6.0,24.0,0.78,1.0,3.285,3.45
CUST_03096,38,Finance,Europe,SMB,20,0,Basic,29.0,28.666666666666668,34,0.19047619047619047,0.047619047619047616,9.0,33.0,0.837,1.0,0.0,2.625
CUST_03097,37,E-commerce,Latin America,SMB,22,0,Pro,99.0,26.347826086956523,41,0.2608695652173913,0.13043478260869565,5.0,7.0,0.323,1.0,0.0,0.0
CUST_03098,1309,Education,North America,Enterprise,15,0,Pro,299.0,77.5625,85,0.4375,0.1875,7.0,23.0,0.677,1.0,2.667,1.143
CUST_03099,67,Education,Latin America,Mid-market,23,1,Pro,199.0,39.32142857142857,75,0.5,0.39285714285714285,7.0,23.0,0.903,1.0,0.0,0.0
CUST_03100,19,Retail,Asia-Pacific,SMB,9,0,Basic,29.0,26.5,14,0.0,0.0,7.0,23.0,0.528,1.0,0.0,0.0
CUST_03101,39,Finance,Asia-Pacific,SMB,5,0,Basic,29.0,21.333333333333332,13,0.5,0.25,7.0,23.0,0.562,1.0,1.0,2.0
CUST_03102,4,Retail,North America,SMB,12,1,Basic,29.0,21.46153846153846,16,0.15384615384615385,0.15384615384615385,7.0,23.0,0.489,1.0,0.0,0.0
CUST_03103,20,Technology,Europe,SMB,18,0,Basic,29.0,22.94736842105263,27,0.0,0.0,6.0,10.0,0.567,1.0,0.0,0.0
CUST_03104,42,Technology,Europe,SMB,1,0,Basic,29.0,20.5,3,0.0,0.0,7.0,23.0,1.0,1.0,0.0,0.0
CUST_03105,150,Retail,Europe,Mid-market,16,0,Basic,49.0,39.411764705882355,65,0.29411764705882354,0.11764705882352941,7.0,23.0,0.634,1.0,0.0,0.0
CUST_03106,48,Technology,North America,SMB,0,0,Basic,29.0,16.0,2,1.0,0.0,7.0,23.0,1.0,1.0,0.0,1.0
CUST_03107,48,E-commerce,Asia-Pacific,SMB,4,0,Basic,29.0,21.0,6,0.6,0.1,8.0,38.0,0.786,1.0,2.5,1.667
CUST_03108,2457,Retail,Europe,Enterprise,6,0,Pro,299.0,76.28571428571429,45,0.14285714285714285,0.14285714285714285,7.0,23.0,0.636,1.0,0.0,0.0
CUST_03109,417,E-commerce,North America,Mid-market,7,0,Basic,49.0,34.0,24,0.5,0.3125,7.0,23.0,0.941,1.0,1.6,1.0
CUST_03110,282,E-commerce,Europe,Mid-market,7,1,Basic,49.0,35.875,19,0.375,0.25,7.0,23.0,0.613,1.0,0.0,1.333
CUST_03111,48,Retail,Latin America,SMB,11,1,Basic,29.0,26.25,26,0.125,0.0625,7.0,23.0,0.533,1.0,0.0,0.0
CUST_03112,1894,E-commerce,North America,Enterprise,5,0,Pro,299.0,54.666666666666664,28,0.3333333333333333,0.08333333333333333,7.0,23.0,0.713,1.0,3.0,3.0
CUST_03113,28,Retail,North America,SMB,1,0,Basic,29.0,14.0,0,0.0,0.0,7.0,23.0,1.0,1.0,0.0,0.0
CUST_03114,34,Education,North America,SMB,14,0,Basic,29.0,22.933333333333334,23,0.3333333333333333,0.06666666666666667,7.0,23.0,0.916,1.0,7.499,1.5
CUST_03115,25,Technology,Asia-Pacific,SMB,6,0,Pro,99.0,20.0,5,0.14285714285714285,0.14285714285714285,7.0,23.0,0.425,1.0,3.5,3.5
CUST_03116,20,Retail,North America,SMB,11,0,Pro,99.0,24.416666666666668,17,0.16666666666666666,0.08333333333333333,7.0,23.0,0.819,1.0,0.0,0.0
CUST_03117,34,Education,Asia-Pacific,SMB,17,0,Basic,29.0,24.88888888888889,28,0.2222222222222222,0.08333333333333333,7.0,23.0,0.723,1.0,5.999,2.25
CUST_03118,3379,Retail,Europe,Enterprise,17,0,Enterprise,999.0,66.72222222222223,155,0.6111111111111112,0.3055555555555556,7.0,23.0,0.749,1.0,1.636,0.818
CUST_03119,2391,E-commerce,Asia-Pacific,Enterprise,20,1,Pro,299.0,75.82608695652173,167,0.4782608695652174,0.2826086956521739,9.0,34.0,0.699,1.0,1.769,1.045
CUST_03120,58,Finance,North America,Mid-market,20,0,Pro,199.0,41.904761904761905,79,0.47619047619047616,0.23809523809523808,7.0,23.0,0.668,1.0,0.0,0.0
CUST_03121,36,Retail,Europe,SMB,7,1,Basic,29.0,21.5,21,0.8333333333333334,0.08333333333333333,7.0,23.0,0.419,1.0,0.0,0.0
CUST_03122,36,Healthcare,Latin America,SMB,11,0,Pro,99.0,21.75,18,0.5,0.041666666666666664,7.0,23.0,0.506,1.0,0.0,1.0
CUST_03123,4484,Retail,North America,Enterprise,5,0,Enterprise,999.0,65.66666666666667,35,0.8333333333333334,0.27777777777777773,6.0,10.0,0.586,1.0,1.2,1.8
CUST_03124,5,Healthcare,Asia-Pacific,SMB,12,1,Basic,29.0,22.733333333333334,35,0.26666666666666666,0.13333333333333333,7.0,23.0,0.748,1.0,0.0,0.0
CUST_03125,30,Technology,North America,SMB,2,1,Basic,29.0,15.0,1,0.0,0.0,7.0,23.0,0.867,1.0,0.0,0.0
CUST_03126,22,Education,Europe,SMB,23,0,Basic,29.0,23.041666666666668,49,0.20833333333333334,0.041666666666666664,8.0,45.0,0.499,1.0,0.0,0.0
CUST_03127,4930,Technology,North America,Enterprise,6,0,Basic,99.0,52.714285714285715,31,0.5714285714285714,0.23809523809523808,7.0,23.0,0.664,1.0,0.0,0.0
CUST_03128,23,Technology,North America,SMB,2,1,Basic,29.0,13.0,3,0.0,0.0,7.0,23.0,0.769,1.0,0.0,0.0
CUST_03129,29,Healthcare,Asia-Pacific,SMB,15,0,Basic,29.0,26.875,24,0.125,0.0625,8.0,18.0,0.484,1.0,0.0,0.0
CUST_03130,406,E-commerce,North America,Mid-market,7,0,Enterprise,499.0,35.75,37,0.25,0.125,7.0,23.0,0.559,1.0,0.0,0.0
CUST_03131,43,E-commerce,North America,SMB,19,0,Basic,29.0,24.9,39,0.3,0.05,7.0,23.0,0.562,1.0,0.0,1.667
CUST_03132,24,Retail,North America,SMB,23,0,Basic,29.0,23.53846153846154,29,0.23076923076923078,0.057692307692307696,8.0,50.0,0.361,1.0,0.0,0.0
CUST_03133,33,Education,Latin America,SMB,7,0,Basic,29.0,24.25,6,0.5,0.1875,7.0,23.0,0.701,1.0,2.667,1.0
CUST_03134,289,Retail,North America,Mid-market,16,1,Pro,199.0,36.1578947368421,66,0.2631578947368421,0.07894736842105263,7.0,23.0,0.608,1.0,0.0,1.9
CUST_03135,469,Finance,Asia-Pacific,Mid-market,5,1,Enterprise,499.0,36.0,15,0.3333333333333333,0.0,7.0,23.0,0.653,1.0,0.0,3.0
CUST_03136,45,E-commerce,North America,SMB,5,0,Pro,99.0,16.833333333333332,7,0.5,0.0,7.0,23.0,0.713,1.0,0.0,1.0
CUST_03137,31,Finance,Latin America,SMB,2,0,Basic,29.0,16.333333333333332,1,0.0,0.0,7.0,23.0,1.133,1.0,0.0,0.0
CUST_03138,46,Healthcare,North America,SMB,2,1,Basic,29.0,12.0,1,0.3333333333333333,0.0,7.0,23.0,0.917,1.0,0.0,1.5
CUST_03139,43,Retail,Europe,SMB,6,0,Basic,29.0,18.0,12,0.5714285714285714,0.21428571428571427,7.0,23.0,0.444,1.0,0.0,0.0
CUST_03140,2,Finance,North America,SMB,2,0,Basic,29.0,14.333333333333334,1,0.0,0.0,7.0,23.0,1.326,1.0,0.0,0.0
CUST_03141,37,Education,North America,SMB,17,0,Pro,99.0,24.61111111111111,41,0.1111111111111111,0.027777777777777776,7.0,23.0,0.427,1.0,0.0,0.0
CUST_03142,42,Healthcare,Latin America,SMB,17,0,Basic,29.0,24.22222222222222,30,0.1111111111111111,0.05555555555555555,7.0,23.0,0.578,1.0,0.0,0.0
CUST_03143,44,Education,North America,SMB,12,0,Basic,29.0,26.923076923076923,20,0.3076923076923077,0.07692307692307693,7.0,23.0,0.539,1.0,6.499,3.25
CUST_03144,6,E-commerce,Latin America,SMB,13,0,Basic,29.0,23.857142857142858,19,0.21428571428571427,0.14285714285714285,6.0,-1.0,0.524,1.0,0.0,0.0
CUST_03145,8,E-commerce,Europe,SMB,19,1,Basic,29.0,25.541666666666668,38,0.08333333333333333,0.041666666666666664,7.0,23.0,0.45,1.0,0.0,0.0
CUST_03146,20,Retail,Europe,SMB,13,0,Basic,29.0,23.357142857142858,18,0.14285714285714285,0.03571428571428571,7.0,23.0,0.278,1.0,0.0,0.0
CUST_03147,206,Retail,North America,Mid-market,0,0,Pro,199.0,28.0,0,0.0,0.0,7.0,23.0,1.0,1.0,0.0,0.0
CUST_03148,33,Healthcare,North America,SMB,15,0,Basic,29.0,29.25,19,0.1875,0.0625,7.0,23.0,0.564,1.0,0.0,0.0
CUST_03149,5,E-commerce,Europe,SMB,1,1,Basic,29.0,5.0,2,1.0,0.25,7.0,23.0,1.0,1.0,1.0,1.0
CUST_03150,305,E-commerce,Europe,Mid-market,19,1,Pro,199.0,41.13636363636363,67,0.045454545454545456,0.0,8.0,49.0,0.644,1.0,0.0,0.0
CUST_03151,18,Technology,North America,SMB,2,1,Enterprise,299.0,11.333333333333334,1,1.0,0.3333333333333333,7.0,23.0,0.926,1.0,0.0,1.0
CUST_03152,7,Retail,Europe,SMB,8,0,Basic,29.0,25.77777777777778,18,0.4444444444444444,0.2222222222222222,8.0,33.0,0.95,1.0,0.0,0.0
CUST_03153,36,Education,North America,SMB,5,0,Enterprise,299.0,16.833333333333332,5,0.3333333333333333,0.0,7.0,23.0,0.861,1.0,0.0,1.5
CUST_03154,425,Finance,Europe,Mid-market,16,0,Pro,199.0,43.11764705882353,58,0.47058823529411764,0.11764705882352941,7.0,25.0,0.406,1.0,0.0,0.0
CUST_03155,405,Finance,Latin America,Mid-market,21,1,Pro,199.0,41.75,77,0.25,0.16666666666666666,7.0,16.0,0.407,1.0,6.0,4.0
CUST_03156,25,Retail,Latin America,SMB,5,0,Basic,29.0,16.333333333333332,7,0.16666666666666666,0.0,7.0,23.0,0.52,1.0,0.0,0.0
CUST_03157,3,Education,Latin America,SMB,9,1,Basic,29.0,20.2,8,0.4,0.15,8.0,42.0,0.47,1.0,0.0,0.0
CUST_03158,41,Retail,North America,SMB,2,0,Basic,29.0,11.666666666666666,2,0.3333333333333333,0.0,7.0,23.0,1.029,1.0,0.0,1.5
CUST_03159,2661,Finance,Europe,Enterprise,16,0,Enterprise,999.0,63.529411764705884,125,0.4117647058823529,0.11764705882352941,9.0,6.0,0.315,1.0,0.0,0.0
CUST_03160,46,E-commerce,Europe,SMB,7,1,Basic,29.0,20.75,14,0.5,0.125,7.0,23.0,0.651,1.0,0.0,0.0
CUST_03161,3692,Finance,North America,Enterprise,15,1,Pro,299.0,73.22222222222223,121,0.3333333333333333,0.1388888888888889,7.0,23.0,0.28,1.0,0.0,0.0
CUST_03162,269,Technology,North America,Mid-market,15,0,Pro,199.0,43.75,68,0.3125,0.1875,7.0,23.0,0.251,1.0,2.667,1.6
CUST_03163,3824,Technology,Europe,Enterprise,16,1,Enterprise,999.0,62.1578947368421,115,0.47368421052631576,0.19298245614035087,10.0,47.0,0.603,1.0,0.0,0.0
CUST_03164,27,Retail,Europe,SMB,9,1,Pro,99.0,27.3,19,0.2,0.1,8.0,63.0,0.33,1.0,5.0,2.5
CUST_03165,3082,E-commerce,Europe,Enterprise,16,1,Basic,99.0,79.36842105263158,105,0.47368421052631576,0.3157894736842105,7.0,23.0,0.283,1.0,1.583,1.056
CUST_03166,3353,Education,North America,Enterprise,5,0,Enterprise,999.0,43.833333333333336,25,0.3333333333333333,0.16666666666666666,6.0,18.0,0.616,1.0,0.0,0.0
CUST_03167,22,Finance,Europe,SMB,14,0,Enterprise,299.0,29.266666666666666,21,0.13333333333333333,0.06666666666666667,7.0,14.0,0.7,1.0,0.0,0.0
CUST_03168,3,Finance,Europe,SMB,0,0,Pro,99.0,27.0,1,0.0,0.0,7.0,23.0,1.0,1.0,0.0,0.0
CUST_03169,42,E-commerce,Latin America,SMB,11,0,Enterprise,299.0,21.5,19,0.08333333333333333,0.0,7.0,23.0,0.651,1.0,0.0,0.0
CUST_03170,3,Healthcare,Latin America,SMB,7,0,Pro,99.0,26.0,13,0.125,0.0,7.0,23.0,0.731,1.0,0.0,0.0
CUST_03171,464,Finance,North America,Mid-market,6,0,Pro,199.0,32.142857142857146,19,0.42857142857142855,0.2857142857142857,7.0,23.0,0.653,1.0,0.0,1.167
CUST_03172,46,E-commerce,Asia-Pacific,SMB,0,0,Basic,29.0,16.0,2,0.0,0.0,7.0,23.0,1.0,1.0,0.0,0.0
CUST_03173,13,Retail,Europe,SMB,15,0,Enterprise,299.0,25.9375,31,0.0625,0.0,7.0,23.0,0.636,1.0,0.0,0.0
CUST_03174,183,Technology,Europe,Mid-market,7,0,Basic,49.0,42.0,23,0.5,0.375,8.0,43.0,0.429,1.0,1.333,1.0
CUST_03175,161,E-commerce,North America,Mid-market,0,0,Pro,199.0,21.0,4,0.0,0.0,7.0,23.0,1.0,1.0,0.0,0.0
CUST_03176,49,Education,Asia-Pacific,SMB,7,1,Enterprise,299.0,17.75,9,0.125,0.125,7.0,23.0,0.958,1.0,0.0,0.0
CUST_03177,39,E-commerce,North America,SMB,14,0,Pro,99.0,29.4,16,0.2,0.1,7.0,23.0,0.493,1.0,0.0,0.0
CUST_03178,15,Retail,North America,SMB,12,0,Pro,99.0,21.76923076923077,22,0.15384615384615385,0.15384615384615385,7.0,23.0,0.781,1.0,3.25,3.25
CUST_03179,38,Technology,Asia-Pacific,SMB,1,0,Pro,99.0,6.0,2,0.0,0.0,7.0,23.0,1.0,1.0,0.0,0.0
CUST_03180,4976,Retail,Asia-Pacific,Enterprise,17,0,Basic,99.0,59.77777777777778,140,0.4444444444444444,0.3888888888888889,8.0,36.0,0.502,1.0,1.286,1.125
CUST_03181,1044,Education,North America,Enterprise,6,0,Enterprise,999.0,56.142857142857146,51,0.8571428571428571,0.2857142857142857,7.0,23.0,0.846,1.0,1.75,2.917
CUST_03182,2,Finance,Europe,SMB,0,0,Basic,29.0,10.0,0,0.0,0.0,7.0,23.0,1.0,1.0,0.0,0.0
CUST_03183,15,E-commerce,North America,SMB,12,0,Basic,29.0,26.692307692307693,18,0.3076923076923077,0.07692307692307693,7.0,23.0,0.637,1.0,6.499,1.625
CUST_03184,38,Healthcare,Latin America,SMB,3,1,Basic,29.0,20.25,5,0.25,0.0,7.0,23.0,0.617,1.0,0.0,2.0
CUST_03185,5,Technology,North America,SMB,6,0,Basic,29.0,17.285714285714285,12,0.2857142857142857,0.0,7.0,23.0,0.434,1.0,0.0,0.0
CUST_03186,3280,Finance,Europe,Enterprise,6,1,Pro,299.0,55.22222222222222,39,0.5555555555555556,0.2222222222222222,7.0,23.0,0.579,1.0,0.0,0.0
CUST_03187,495,Technology,Asia-Pacific,Mid-market,2,1,Enterprise,499.0,17.666666666666668,3,0.0,0.0,7.0,23.0,1.132,1.0,0.0,0.0
CUST_03188,45,Healthcare,Latin America,SMB,1,0,Basic,29.0,15.0,2,0.0,0.0,7.0,23.0,1.0,1.0,0.0,0.0
CUST_03189,30,Education,Europe,SMB,1,0,Basic,29.0,15.5,3,0.0,0.0,7.0,23.0,1.0,1.0,0.0,0.0
CUST_03190,40,Finance,North America,SMB,10,0,Basic,29.0,24.09090909090909,11,0.09090909090909091,0.09090909090909091,7.0,23.0,0.54,1.0,0.0,0.0
CUST_03191,104,Healthcare,North America,Mid-market,12,0,Basic,49.0,39.266666666666666,52,0.3333333333333333,0.26666666666666666,7.0,28.0,1.019,1.0,0.0,0.0
CUST_03192,414,Education,Latin America,Mid-market,5,1,Pro,199.0,34.5,17,0.6666666666666666,0.16666666666666666,7.0,23.0,0.478,1.0,3.0,0.75
CUST_03193,31,Education,Asia-Pacific,SMB,8,0,Basic,29.0,27.555555555555557,15,0.1111111111111111,0.1111111111111111,7.0,23.0,0.581,1.0,0.0,0.0
CUST_03194,732,Education,Europe,Enterprise,21,1,Pro,299.0,72.125,140,0.6666666666666666,0.4166666666666667,8.0,35.0,0.471,1.0,1.2,0.75
CUST_03195,162,Technology,Asia-Pacific,Mid-market,10,1,Basic,49.0,44.45454545454545,34,0.09090909090909091,0.0,7.0,23.0,0.832,1.0,0.0,0.0
CUST_03196,2260,Healthcare,Europe,Enterprise,10,0,Enterprise,999.0,59.90909090909091,61,0.45454545454545453,0.18181818181818182,7.0,23.0,0.442,1.0,0.0,0.0
CUST_03197,1474,Finance,Latin America,Enterprise,6,0,Enterprise,999.0,66.28571428571429,42,0.5714285714285714,0.42857142857142855,7.0,23.0,0.445,1.0,1.167,0.875
CUST_03198,32,E-commerce,Asia-Pacific,SMB,11,0,Pro,99.0,27.333333333333332,25,0.4166666666666667,0.25,7.0,23.0,0.64,1.0,0.0,0.0
CUST_03199,4599,Healthcare,North America,Enterprise,6,0,Enterprise,999.0,67.85714285714286,41,0.14285714285714285,0.14285714285714285,8.0,27.0,0.472,1.0,0.0,0.0
CUST_03200,42,E-commerce,Europe,SMB,7,0,Basic,29.0,23.75,12,0.375,0.0,7.0,23.0,0.463,1.0,0.0,1.333
CUST_03201,42,Education,North America,SMB,5,0,Basic,29.0,22.0,10,0.5,0.0,7.0,23.0,0.705,1.0,0.0,1.0
CUST_03202,267,Healthcare,Europe,Mid-market,2,0,Pro,199.0,16.0,3,0.3333333333333333,0.3333333333333333,7.0,23.0,0.844,1.0,1.5,1.5
CUST_03203,13,Retail,North America,SMB,9,1,Basic,29.0,27.3,13,0.0,0.0,6.0,26.0,0.458,1.0,0.0,0.0
CUST_03204,17,Education,Latin America,SMB,8,1,Basic,29.0,24.11111111111111,12,0.2222222222222222,0.1111111111111111,7.0,23.0,0.353,1.0,0.0,0.0
CUST_03205,6,Technology,Europe,SMB,3,1,Basic,29.0,18.25,7,0.25,0.0,7.0,23.0,0.712,1.0,0.0,0.0
CUST_03206,10,Healthcare,North America,SMB,11,1,Basic,29.0,20.583333333333332,17,0.4166666666666667,0.027777777777777776,7.0,7.0,0.753,1.0,0.0,0.0
CUST_03207,396,Finance,North America,Mid-market,14,0,Basic,49.0,41.0,55,0.2,0.06666666666666667,8.0,3.0,0.817,1.0,0.0,0.0
CUST_03208,1441,Finance,Europe,Enterprise,8,0,Enterprise,999.0,71.66666666666667,54,0.3333333333333333,0.3333333333333333,7.0,23.0,0.6,1.0,0.0,0.0
CUST_03209,4386,E-commerce,Europe,Enterprise,3,0,Pro,299.0,24.0,10,0.5,0.5,7.0,23.0,1.021,1.0,2.0,2.0
CUST_03210,90,Healthcare,Asia-Pacific,Mid-market,21,0,Basic,49.0,39.95454545454545,80,0.3181818181818182,0.18181818181818182,7.0,23.0,0.551,1.0,0.0,1.571
CUST_03211,23,Education,North America,SMB,19,1,Basic,29.0,28.304347826086957,43,0.13043478260869565,0.08695652173913043,9.0,22.0,0.866,1.0,0.0,0.0
CUST_03212,21,Retail,Asia-Pacific,SMB,1,1,Basic,29.0,15.0,5,0.0,0.0,7.0,23.0,1.0,1.0,0.0,0.0
CUST_03213,14,E-commerce,North America,SMB,3,0,Basic,29.0,19.0,3,0.0,0.0,7.0,23.0,0.684,1.0,0.0,0.0
CUST_03214,2551,Technology,Asia-Pacific,Enterprise,0,0,Basic,99.0,44.0,7,0.0,0.0,7.0,23.0,1.0,1.0,0.0,0.0
CUST_03215,31,Retail,Europe,SMB,7,0,Pro,99.0,30.125,13,0.25,0.125,7.0,23.0,0.647,1.0,0.0,2.0
CUST_03216,33,Technology,Latin America,SMB,3,1,Pro,99.0,17.75,6,0.0,0.0,7.0,23.0,0.873,1.0,0.0,0.0
CUST_03217,322,E-commerce,North America,Mid-market,23,1,Enterprise,499.0,40.53846153846154,81,0.34615384615384615,0.17307692307692307,7.0,23.0,0.703,1.0,0.0,0.0
CUST_03218,198,Education,North America,Mid-market,5,0,Basic,49.0,29.0,13,0.16666666666666666,0.0,7.0,23.0,0.983,1.0,0.0,0.0
CUST_03219,394,Education,Latin America,Mid-market,18,0,Pro,199.0,40.26315789473684,60,0.3157894736842105,0.13157894736842105,7.0,23.0,0.509,1.0,0.0,1.583
CUST_03220,31,Healthcare,Europe,SMB,1,1,Pro,99.0,16.0,3,0.0,0.0,7.0,23.0,1.0,1.0,0.0,0.0
CUST_03221,2984,Technology,Asia-Pacific,Enterprise,1,0,Enterprise,999.0,42.0,12,1.0,0.5,7.0,23.0,1.0,1.0,1.0,1.0
CUST_03222,273,E-commerce,North America,Mid-market,12,1,Basic,49.0,35.76923076923077,42,0.15384615384615385,0.07692307692307693,7.0,23.0,0.685,1.0,6.499,3.25
CUST_03223,3774,E-commerce,North America,Enterprise,23,0,Pro,299.0,71.75,151,0.5833333333333334,0.2708333333333333,7.0,23.0,0.718,1.0,3.692,1.714
CUST_03224,5,Education,Asia-Pacific,SMB,15,0,Basic,29.0,23.0625,33,0.125,0.0625,7.0,23.0,0.39,1.0,0.0,0.0
CUST_03225,124,Technology,Asia-Pacific,Mid-market,1,0,Enterprise,499.0,21.5,2,0.0,0.0,6.0,27.0,1.0,1.0,0.0,0.0
CUST_03226,12,Finance,Asia-Pacific,SMB,9,1,Pro,99.0,20.5,16,0.2,0.1,7.0,23.0,0.659,1.0,0.0,0.0
CUST_03227,9,Healthcare,Asia-Pacific,SMB,6,0,Basic,29.0,20.428571428571427,18,0.14285714285714285,0.0,7.0,23.0,0.71,1.0,0.0,0.0
CUST_03228,23,Finance,North America,SMB,16,0,Pro,99.0,23.058823529411764,19,0.23529411764705882,0.058823529411764705,7.0,23.0,0.651,1.0,0.0,0.0
CUST_03229,280,E-commerce,North America,Mid-market,5,0,Pro,199.0,39.333333333333336,19,0.3333333333333333,0.16666666666666666,7.0,23.0,0.572,1.0,0.0,0.0
CUST_03230,19,Education,Asia-Pacific,SMB,0,0,Pro,99.0,23.0,1,0.0,0.0,7.0,23.0,1.0,1.0,0.0,0.0
CUST_03231,36,Finance,North America,SMB,11,1,Basic,29.0,26.571428571428573,28,0.14285714285714285,0.07142857142857142,7.0,23.0,0.715,1.0,0.0,3.5
CUST_03232,720,Retail,Latin America,Enterprise,10,0,Enterprise,999.0,65.45454545454545,78,0.18181818181818182,0.045454545454545456,8.0,35.0,0.443,1.0,0.0,0.0
CUST_03233,34,Finance,Latin America,SMB,5,0,Pro,99.0,24.166666666666668,11,0.5,0.16666666666666666,7.0,23.0,0.621,1.0,3.0,2.0
CUST_03234,496,Education,North America,Mid-market,1,0,Pro,199.0,28.0,3,0.0,0.0,7.0,23.0,1.0,1.0,0.0,0.0
CUST_03235,22,Finance,North America,SMB,21,1,Basic,29.0,26.625,27,0.2916666666666667,0.20833333333333334,7.0,23.0,0.469,1.0,0.0,0.0
CUST_03236,376,E-commerce,Latin America,Mid-market,13,0,Pro,199.0,47.142857142857146,47,0.5714285714285714,0.17857142857142858,7.0,23.0,0.392,1.0,0.0,0.875
CUST_03237,179,Technology,North America,Mid-market,11,1,Basic,49.0,37.07142857142857,37,0.21428571428571427,0.14285714285714285,7.0,23.0,0.593,1.0,0.0,0.0
CUST_03238,399,Retail,Europe,Mid-market,1,0,Basic,49.0,20.0,8,0.0,0.0,7.0,23.0,1.0,1.0,0.0,0.0
CUST_03239,38,Technology,North America,SMB,2,0,Basic,29.0,18.333333333333332,2,0.0,0.0,7.0,23.0,0.982,1.0,0.0,0.0
CUST_03240,2,Technology,North America,SMB,9,0,Pro,99.0,20.3,17,0.0,0.0,7.0,23.0,0.369,1.0,0.0,0.0
CUST_03241,3387,Healthcare,North America,Enterprise,12,0,Enterprise,999.0,68.92307692307692,87,0.0,0.0,9.0,44.0,0.667,1.0,0.0,0.0
CUST_03242,31,Technology,North America,SMB,1,1,Basic,29.0,19.0,3,0.0,0.0,7.0,23.0,1.0,1.0,0.0,0.0
CUST_03243,259,Technology,Latin America,Mid-market,16,0,Enterprise,499.0,45.05882352941177,54,0.35294117647058826,0.11764705882352941,7.0,23.0,0.732,1.0,0.0,2.833
CUST_03244,2,Healthcare,Europe,SMB,2,1,Basic,29.0,14.666666666666666,5,0.3333333333333333,0.3333333333333333,7.0,23.0,1.057,1.0,1.5,1.5
CUST_03245,15,Technology,North America,SMB,6,0,Basic,29.0,19.857142857142858,5,0.2857142857142857,0.0,7.0,23.0,0.655,1.0,0.0,0.0
CUST_03246,30,Retail,North America,SMB,1,1,Basic,29.0,22.0,3,0.0,0.0,7.0,23.0,1.0,1.0,0.0,0.0
CUST_03247,2791,E-commerce,Asia-Pacific,Enterprise,2,0,Enterprise,999.0,54.0,21,0.0,0.0,7.0,23.0,0.972,1.0,0.0,0.0
CUST_03248,18,Healthcare,North America,SMB,8,1,Pro,99.0,22.555555555555557,17,0.1111111111111111,0.0,7.0,23.0,0.865,1.0,0.0,4.5
CUST_03249,11,Finance,North America,SMB,6,0,Pro,99.0,19.714285714285715,17,0.0,0.0,7.0,23.0,0.482,1.0,0.0,0.0
CUST_03250,32,Healthcare,Asia-Pacific,SMB,4,0,Basic,29.0,21.8,7,0.0,0.0,7.0,23.0,1.032,1.0,0.0,0.0
CUST_03251,199,Retail,Europe,Mid-market,10,1,Basic,49.0,35.07692307692308,49,0.8461538461538461,0.6153846153846154,7.0,23.0,0.656,1.0,0.812,1.773
CUST_03252,1182,Retail,Europe,Enterprise,23,0,Pro,299.0,71.38461538461539,202,0.3076923076923077,0.19230769230769232,7.0,23.0,0.343,1.0,2.6,1.625
CUST_03253,28,Technology,Asia-Pacific,SMB,3,1,Basic,29.0,16.0,4,0.25,0.25,7.0,23.0,0.625,1.0,2.0,2.0
CUST_03254,22,Technology,Asia-Pacific,SMB,9,1,Basic,29.0,18.6,16,0.4,0.1,7.0,23.0,0.753,1.0,0.0,0.0
CUST_03255,28,Technology,Latin America,SMB,1,0,Basic,29.0,16.0,3,0.0,0.0,7.0,23.0,1.0,1.0,0.0,0.0
CUST_03256,124,Education,North America,Mid-market,10,1,Enterprise,499.0,45.46153846153846,38,0.3076923076923077,0.11538461538461539,7.0,23.0,0.539,1.0,4.333,1.625
CUST_03257,43,Education,Asia-Pacific,SMB,16,0,Basic,29.0,24.41176470588235,26,0.17647058823529413,0.029411764705882353,7.0,23.0,0.901,1.0,0.0,0.0
CUST_03258,100,Education,North America,Mid-market,6,0,Pro,199.0,36.0,26,0.42857142857142855,0.14285714285714285,7.0,23.0,0.75,1.0,3.5,2.333
CUST_03259,280,Education,Asia-Pacific,Mid-market,5,0,Pro,199.0,34.0,14,0.5,0.3333333333333333,8.0,18.0,1.088,1.0,3.0,3.0
CUST_03260,4129,Healthcare,Asia-Pacific,Enterprise,11,0,Enterprise,999.0,56.416666666666664,73,0.4166666666666667,0.20833333333333334,9.0,24.0,0.833,1.0,0.0,0.0
CUST_03261,4,Technology,North America,SMB,7,1,Basic,29.0,21.75,16,0.375,0.125,7.0,23.0,0.644,1.0,0.0,0.0
CUST_03262,44,Technology,Latin America,SMB,9,0,Pro,99.0,23.2,11,0.3,0.1,7.0,23.0,0.453,1.0,0.0,1.667
CUST_03263,27,Technology,North America,SMB,5,1,Basic,29.0,17.25,18,0.0,0.0,7.0,23.0,1.101,1.0,0.0,0.0
CUST_03264,21,Education,North America,SMB,11,1,Basic,29.0,27.142857142857142,23,0.14285714285714285,0.0,7.0,23.0,0.571,1.0,0.0,0.0
CUST_03265,29,Retail,North America,SMB,13,0,Basic,29.0,27.285714285714285,20,0.14285714285714285,0.0,7.0,23.0,0.696,1.0,0.0,3.5
CUST_03266,323,Technology,Latin America,Mid-market,10,1,Basic,49.0,43.45454545454545,41,0.18181818181818182,0.09090909090909091,7.0,23.0,0.713,1.0,0.0,2.75
CUST_03267,53,E-commerce,North America,Mid-market,16,0,Pro,199.0,40.470588235294116,64,0.23529411764705882,0.11764705882352941,7.0,23.0,0.494,1.0,8.499,6.375
CUST_03268,44,Education,North America,SMB,8,0,Basic,29.0,26.0,14,0.1111111111111111,0.0,7.0,23.0,0.788,1.0,0.0,0.0
CUST_03269,15,Healthcare,Europe,SMB,20,0,Basic,29.0,28.047619047619047,37,0.38095238095238093,0.23809523809523808,7.0,29.0,0.357,1.0,0.0,0.0
CUST_03270,24,Retail,North America,SMB,9,0,Basic,29.0,20.4,16,0.2,0.2,7.0,23.0,0.833,1.0,0.0,0.0
CUST_03271,13,Education,Europe,SMB,4,0,Basic,29.0,20.2,9,0.0,0.0,7.0,23.0,1.04,1.0,0.0,0.0
CUST_03272,31,Healthcare,Latin America,SMB,9,0,Basic,29.0,24.0,18,0.5,0.25,4.0,5.0,0.687,1.0,2.0,1.0
CUST_03273,207,Technology,Europe,Mid-market,8,0,Enterprise,499.0,35.55555555555556,30,0.5555555555555556,0.2222222222222222,7.0,23.0,0.858,1.0,2.25,0.9
CUST_03274,2202,Education,North America,Enterprise,14,0,Enterprise,999.0,53.13333333333333,85,0.6666666666666666,0.43333333333333335,7.0,23.0,0.612,1.0,1.154,0.75
CUST_03275,401,E-commerce,North America,Mid-market,5,0,Pro,199.0,28.0,15,0.3333333333333333,0.0,7.0,23.0,0.732,1.0,0.0,0.0
CUST_03276,289,Technology,North America,Mid-market,5,1,Pro,199.0,31.0,7,0.16666666666666666,0.0,7.0,23.0,0.661,1.0,0.0,0.0
CUST_03277,15,Finance,Latin America,SMB,1,0,Basic,29.0,24.5,0,0.0,0.0,5.0,-15.0,1.0,1.0,0.0,0.0
CUST_03278,22,Healthcare,Asia-Pacific,SMB,7,1,Basic,29.0,18.5,13,0.0,0.0,6.0,27.0,0.486,1.0,0.0,0.0
CUST_03279,38,Technology,Europe,SMB,12,0,Pro,99.0,21.692307692307693,19,0.07692307692307693,0.0,7.0,23.0,0.645,1.0,0.0,0.0
CUST_03280,1584,E-commerce,Latin America,Enterprise,7,0,Enterprise,999.0,60.25,52,0.375,0.1875,10.0,52.0,0.714,1.0,0.0,0.0
CUST_03281,280,Technology,Asia-Pacific,Mid-market,10,0,Enterprise,499.0,42.36363636363637,38,0.2727272727272727,0.2727272727272727,7.0,23.0,0.46,1.0,0.0,0.0
CUST_03282,4835,Retail,North America,Enterprise,10,0,Enterprise,999.0,62.90909090909091,76,0.2727272727272727,0.18181818181818182,7.0,23.0,0.66,1.0,0.0,0.0
CUST_03283,498,Finance,Asia-Pacific,Mid-market,4,0,Basic,49.0,39.4,11,0.8,0.1,7.0,23.0,0.698,1.0,2.5,1.875
CUST_03284,386,Retail,Latin America,Mid-market,16,0,Basic,49.0,33.35294117647059,68,0.29411764705882354,0.11764705882352941,8.0,24.0,0.6,1.0,0.0,1.7
CUST_03285,4867,Healthcare,Europe,Enterprise,20,0,Enterprise,999.0,66.9047619047619,145,0.19047619047619047,0.14285714285714285,7.0,23.0,0.366,1.0,0.0,2.625
CUST_03286,21,Healthcare,Asia-Pacific,SMB,6,0,Basic,29.0,17.571428571428573,11,0.0,0.0,7.0,23.0,0.911,1.0,0.0,0.0
CUST_03287,3,E-commerce,Asia-Pacific,SMB,11,1,Basic,29.0,28.857142857142858,17,0.14285714285714285,0.0,5.0,-26.0,0.641,1.0,0.0,0.0
CUST_03288,10,Finance,North America,SMB,4,0,Basic,29.0,16.2,7,0.0,0.0,7.0,23.0,0.741,1.0,0.0,0.0
CUST_03289,854,Retail,North America,Enterprise,10,0,Enterprise,999.0,65.36363636363636,71,0.7272727272727273,0.4090909090909091,7.0,23.0,0.528,1.0,1.833,2.75
CUST_03290,26,Education,North America,SMB,4,0,Basic,29.0,19.2,4,0.2,0.0,7.0,23.0,0.807,1.0,0.0,0.0
CUST_03291,40,Healthcare,North America,SMB,1,0,Pro,99.0,16.0,1,0.0,0.0,7.0,23.0,1.0,1.0,0.0,0.0
CUST_03292,36,Retail,Latin America,SMB,9,1,Basic,29.0,21.5,15,0.08333333333333333,0.0,7.0,23.0,0.721,1.0,0.0,0.0
CUST_03293,35,E-commerce,Europe,SMB,8,0,Basic,29.0,23.88888888888889,14,0.0,0.0,7.0,23.0,0.837,1.0,0.0,0.0
CUST_03294,138,E-commerce,Asia-Pacific,Mid-market,22,0,Basic,49.0,45.0,89,0.2608695652173913,0.13043478260869565,7.0,23.0,0.867,1.0,0.0,0.0
CUST_03295,44,Technology,Europe,SMB,13,0,Pro,99.0,24.0,17,0.21428571428571427,0.21428571428571427,7.0,23.0,0.312,1.0,2.333,2.333
CUST_03296,31,Retail,North America,SMB,18,0,Basic,29.0,28.68421052631579,27,0.3157894736842105,0.15789473684210525,4.0,-18.0,0.628,1.0,3.166,1.583
CUST_03297,4,Technology,North America,SMB,21,0,Basic,29.0,28.545454545454547,40,0.13636363636363635,0.045454545454545456,7.0,23.0,0.561,1.0,0.0,3.666
CUST_03298,18,Healthcare,Asia-Pacific,SMB,22,0,Basic,29.0,26.82608695652174,34,0.34782608695652173,0.17391304347826086,6.0,-5.0,0.541,1.0,0.0,1.437
CUST_03299,179,Technology,Europe,Mid-market,13,1,Basic,49.0,48.111111111111114,61,0.2222222222222222,0.1388888888888889,7.0,23.0,0.634,1.0,0.0,0.0
CUST_03300,63,Healthcare,North America,Mid-market,3,1,Basic,49.0,28.25,11,0.5,0.25,7.0,23.0,1.044,1.0,0.0,1.0
CUST_03301,193,E-commerce,Latin America,Mid-market,21,0,Pro,199.0,41.5,73,0.3181818181818182,0.09090909090909091,7.0,23.0,0.373,1.0,0.0,0.0
CUST_03302,7,Healthcare,Latin America,SMB,6,1,Pro,99.0,18.428571428571427,9,0.2857142857142857,0.14285714285714285,7.0,23.0,0.922,1.0,0.0,0.0
CUST_03303,20,Finance,North America,SMB,7,1,Basic,29.0,22.125,12,0.5,0.125,7.0,23.0,0.497,1.0,4.0,2.0
CUST_03304,42,Technology,North America,SMB,8,0,Basic,29.0,20.666666666666668,17,0.0,0.0,6.0,-11.0,0.629,1.0,0.0,0.0
CUST_03305,2,E-commerce,Asia-Pacific,SMB,9,0,Basic,29.0,24.6,28,0.1,0.0,7.0,23.0,0.772,1.0,0.0,0.0
CUST_03306,149,E-commerce,North America,Mid-market,4,0,Basic,49.0,24.4,12,0.2,0.0,7.0,23.0,0.799,1.0,0.0,2.5
CUST_03307,30,Healthcare,North America,SMB,20,0,Basic,29.0,24.80952380952381,42,0.23809523809523808,0.023809523809523808,7.0,23.0,0.484,1.0,10.496,4.2
CUST_03308,48,E-commerce,Asia-Pacific,SMB,2,1,Basic,29.0,22.0,2,1.0,0.16666666666666666,7.0,23.0,1.023,1.0,1.5,1.0
CUST_03309,19,Healthcare,Latin America,SMB,2,0,Pro,99.0,18.666666666666668,2,0.0,0.0,7.0,23.0,1.071,1.0,0.0,0.0
CUST_03310,23,Healthcare,North America,SMB,8,1,Basic,29.0,21.77777777777778,14,0.3333333333333333,0.3333333333333333,7.0,23.0,0.666,1.0,0.0,0.0
CUST_03311,215,Finance,Asia-Pacific,Mid-market,6,1,Enterprise,499.0,28.555555555555557,16,0.6666666666666666,0.1111111111111111,7.0,23.0,0.77,1.0,0.0,0.75
CUST_03312,20,E-commerce,North America,SMB,9,0,Pro,99.0,22.3,17,0.1,0.1,7.0,23.0,0.448,1.0,5.0,5.0
CUST_03313,3704,E-commerce,Latin America,Enterprise,14,0,Pro,299.0,64.6,107,0.3333333333333333,0.13333333333333333,8.0,41.0,0.364,1.0,0.0,0.0
CUST_03314,23,Technology,Europe,SMB,10,1,Basic,29.0,24.454545454545453,17,0.18181818181818182,0.09090909090909091,7.0,23.0,0.695,1.0,0.0,0.0
CUST_03315,11,E-commerce,North America,SMB,3,0,Basic,29.0,12.25,5,0.0,0.0,7.0,23.0,0.735,1.0,0.0,0.0
CUST_03316,38,Healthcare,North America,SMB,7,1,Pro,99.0,24.75,19,0.125,0.0,7.0,23.0,0.505,1.0,0.0,0.0
CUST_03317,478,Technology,Europe,Mid-market,17,0,Basic,49.0,33.833333333333336,59,0.16666666666666666,0.05555555555555555,9.0,41.0,0.665,1.0,0.0,3.0
CUST_03318,2451,Healthcare,Europe,Enterprise,3,0,Pro,299.0,48.5,21,0.5,0.25,7.0,23.0,1.165,1.0,2.0,2.0
CUST_03319,97,E-commerce,Asia-Pacific,Mid-market,6,1,Pro,199.0,26.285714285714285,18,0.5714285714285714,0.21428571428571427,7.0,31.0,0.799,1.0,0.0,0.0
CUST_03320,19,Retail,Europe,SMB,8,0,Basic,29.0,27.0,15,0.3333333333333333,0.1111111111111111,7.0,23.0,0.611,1.0,0.0,3.0
CUST_03321,3554,Technology,Latin America,Enterprise,5,0,Enterprise,999.0,53.166666666666664,27,0.3333333333333333,0.3333333333333333,7.0,23.0,0.781,1.0,0.0,0.0
CUST_03322,170,Education,Latin America,Mid-market,5,1,Enterprise,499.0,29.333333333333332,22,0.8333333333333334,0.16666666666666666,7.0,23.0,0.511,1.0,1.5,1.8
CUST_03323,46,Technology,Europe,SMB,3,0,Pro,99.0,24.25,6,0.25,0.25,7.0,23.0,0.784,1.0,2.0,2.0
CUST_03324,365,E-commerce,Latin America,Mid-market,14,0,Basic,49.0,39.86666666666667,42,0.26666666666666666,0.13333333333333333,7.0,-7.0,0.765,1.0,0.0,3.75
CUST_03325,30,Finance,Europe,SMB,4,0,Basic,29.0,17.6,7,0.0,0.0,7.0,23.0,1.08,1.0,0.0,0.0
CUST_03326,17,Education,North America,SMB,18,1,Basic,29.0,25.217391304347824,35,0.2608695652173913,0.043478260869565216,8.0,30.0,0.694,1.0,0.0,0.0
CUST_03327,45,E-commerce,Latin America,SMB,4,0,Basic,29.0,17.0,8,0.2,0.0,7.0,23.0,0.824,1.0,0.0,0.0
CUST_03328,6,Healthcare,Europe,SMB,9,0,Enterprise,299.0,20.8,17,0.3,0.06666666666666667,7.0,23.0,0.793,1.0,0.0,0.0
CUST_03329,9,Finance,North America,SMB,1,0,Pro,99.0,17.5,3,0.5,0.5,7.0,23.0,1.0,1.0,1.0,1.0
CUST_03330,14,Education,Europe,SMB,2,1,Basic,29.0,20.0,2,0.0,0.0,7.0,23.0,1.0,1.0,0.0,0.0
CUST_03331,34,Education,Asia-Pacific,SMB,1,1,Basic,29.0,15.0,2,0.0,0.0,7.0,23.0,1.0,1.0,0.0,0.0
CUST_03332,4,Technology,North America,SMB,10,0,Basic,29.0,21.818181818181817,17,0.2727272727272727,0.09090909090909091,7.0,23.0,0.504,1.0,0.0,0.0
CUST_03333,4,Healthcare,Asia-Pacific,SMB,7,0,Pro,99.0,22.625,15,0.5,0.125,7.0,23.0,0.862,1.0,0.0,2.0
CUST_03334,9,Finance,North America,SMB,5,0,Basic,29.0,22.833333333333332,8,0.16666666666666666,0.0,7.0,23.0,0.832,1.0,0.0,0.0
CUST_03335,384,Finance,North America,Mid-market,19,1,Basic,49.0,35.63636363636363,68,0.045454545454545456,0.045454545454545456,7.0,23.0,0.884,1.0,0.0,0.0
CUST_03336,17,E-commerce,Asia-Pacific,SMB,6,0,Pro,99.0,28.857142857142858,9,0.0,0.0,7.0,23.0,0.658,1.0,0.0,0.0
CUST_03337,3876,Technology,Asia-Pacific,Enterprise,4,1,Pro,299.0,44.6,16,0.2,0.0,7.0,23.0,0.594,1.0,0.0,0.0
CUST_03338,194,Retail,North America,Mid-market,12,0,Enterprise,499.0,47.07692307692308,36,0.23076923076923078,0.07692307692307693,7.0,23.0,0.563,1.0,6.499,2.167
CUST_03339,30,E-commerce,Latin America,SMB,9,1,Basic,29.0,22.1,13,0.2,0.1,7.0,23.0,0.86,1.0,0.0,2.5
CUST_03340,39,Healthcare,Asia-Pacific,SMB,1,0,Pro,99.0,24.5,2,0.0,0.0,7.0,23.0,1.0,1.0,0.0,0.0
CUST_03341,43,Education,North America,SMB,6,0,Basic,29.0,19.0,10,0.0,0.0,7.0,23.0,0.816,1.0,0.0,0.0
CUST_03342,16,Retail,Europe,SMB,4,1,Basic,29.0,13.8,7,0.4,0.2,7.0,23.0,0.87,1.0,0.0,1.25
CUST_03343,43,Healthcare,Asia-Pacific,SMB,20,1,Basic,29.0,25.76,43,0.32,0.08,8.0,38.0,0.369,1.0,0.0,0.0
CUST_03344,26,Technology,Asia-Pacific,SMB,4,1,Basic,29.0,15.8,6,0.4,0.0,7.0,23.0,0.759,1.0,0.0,2.5
CUST_03345,2578,Education,Latin America,Enterprise,14,0,Pro,299.0,62.6,97,0.2,0.13333333333333333,7.0,23.0,0.399,1.0,0.0,0.0
CUST_03346,38,Technology,North America,SMB,6,0,Basic,29.0,28.142857142857142,11,0.2857142857142857,0.0,7.0,23.0,0.782,1.0,0.0,1.75
CUST_03347,1356,Healthcare,Europe,Enterprise,5,0,Pro,299.0,63.833333333333336,36,0.5,0.25,7.0,23.0,0.721,1.0,0.0,0.0
CUST_03348,3991,Finance,Latin America,Enterprise,18,0,Enterprise,999.0,63.73684210526316,121,0.5789473684210527,0.5263157894736842,9.0,55.0,1.012,1.0,0.0,0.0
CUST_03349,4165,Technology,Europe,Enterprise,19,0,Basic,99.0,84.7,122,0.6,0.35,7.0,13.0,0.785,1.0,1.429,2.5
CUST_03350,11,E-commerce,Europe,SMB,2,1,Enterprise,299.0,18.6,5,0.0,0.0,7.0,23.0,0.806,1.0,0.0,0.0
CUST_03351,1759,Retail,Europe,Enterprise,18,0,Enterprise,999.0,71.47368421052632,118,0.5789473684210527,0.34210526315789475,8.0,6.0,0.846,1.0,1.461,1.727
CUST_03352,38,Education,North America,SMB,2,0,Basic,29.0,17.333333333333332,1,0.0,0.0,7.0,23.0,1.269,1.0,0.0,0.0
CUST_03353,9,Technology,North America,SMB,8,0,Basic,29.0,22.0,16,0.3333333333333333,0.1111111111111111,7.0,23.0,0.5,1.0,4.5,3.0
CUST_03354,7,Technology,Europe,SMB,8,1,Basic,29.0,23.454545454545453,12,0.09090909090909091,0.09090909090909091,7.0,23.0,0.703,1.0,5.499,5.499
CUST_03355,48,Technology,North America,SMB,4,1,Pro,99.0,16.285714285714285,7,0.0,0.0,7.0,23.0,0.675,1.0,0.0,0.0
CUST_03356,4845,Finance,Europe,Enterprise,17,0,Basic,99.0,58.5,146,0.5555555555555556,0.4166666666666667,9.0,30.0,0.504,1.0,1.2,0.9
CUST_03357,2325,Education,Latin America,Enterprise,3,1,Enterprise,999.0,30.5,19,0.0,0.0,7.0,23.0,0.689,1.0,0.0,0.0
CUST_03358,4,Healthcare,Europe,SMB,11,1,Basic,29.0,25.166666666666668,22,0.16666666666666666,0.0,7.0,23.0,0.517,1.0,0.0,6.0
CUST_03359,73,Technology,Asia-Pacific,Mid-market,8,1,Pro,199.0,41.44444444444444,34,0.3333333333333333,0.3333333333333333,7.0,23.0,0.519,1.0,0.0,0.0
CUST_03360,119,Healthcare,North America,Mid-market,23,0,Pro,199.0,41.708333333333336,98,0.25,0.14583333333333334,8.0,35.0,0.551,1.0,0.0,0.0
CUST_03361,13,Education,Europe,SMB,1,0,Basic,29.0,18.5,0,0.0,0.0,7.0,23.0,1.0,1.0,0.0,0.0
CUST_03362,34,Technology,North America,SMB,15,0,Basic,29.0,27.0,28,0.25,0.0,7.0,23.0,0.778,1.0,0.0,0.0
CUST_03363,184,Technology,North America,Mid-market,20,0,Enterprise,499.0,39.142857142857146,71,0.2857142857142857,0.16666666666666666,7.0,23.0,0.651,1.0,0.0,0.0
CUST_03364,163,Retail,Europe,Mid-market,8,1,Basic,49.0,39.44444444444444,28,0.1111111111111111,0.0,7.0,23.0,0.532,1.0,0.0,0.0
CUST_03365,10,Education,Asia-Pacific,SMB,7,1,Basic,29.0,26.2,17,0.0,0.0,7.0,23.0,0.248,1.0,0.0,0.0
CUST_03366,33,Healthcare,Asia-Pacific,SMB,1,1,Basic,29.0,10.0,0,0.0,0.0,7.0,23.0,1.0,1.0,0.0,0.0
CUST_03367,34,Education,Europe,SMB,21,1,Basic,29.0,23.5,47,0.125,0.041666666666666664,7.0,23.0,0.894,1.0,0.0,0.0
CUST_03368,33,E-commerce,Asia-Pacific,SMB,3,1,Pro,99.0,17.25,3,0.25,0.0,7.0,23.0,0.957,1.0,0.0,2.0
CUST_03369,38,Technology,Asia-Pacific,SMB,8,1,Basic,29.0,25.77777777777778,15,0.0,0.0,7.0,23.0,0.562,1.0,0.0,0.0
CUST_03370,322,Healthcare,North America,Mid-market,15,0,Enterprise,499.0,40.125,63,0.1875,0.125,7.0,23.0,0.299,1.0,0.0,0.0
CUST_03371,36,E-commerce,North America,SMB,7,0,Basic,29.0,21.375,10,0.125,0.0,7.0,23.0,0.912,1.0,0.0,0.0
CUST_03372,399,Technology,Asia-Pacific,Mid-market,23,1,Basic,49.0,44.34615384615385,88,0.5769230769230769,0.28846153846153844,7.0,23.0,0.53,1.0,1.733,1.733
CUST_03373,323,Retail,Asia-Pacific,Mid-market,2,0,Pro,199.0,24.666666666666668,10,0.0,0.0,7.0,23.0,0.791,1.0,0.0,0.0
CUST_03374,5,Technology,Europe,SMB,6,0,Enterprise,299.0,30.0,8,0.14285714285714285,0.14285714285714285,7.0,23.0,0.583,1.0,0.0,0.0
CUST_03375,19,E-commerce,North America,SMB,4,0,Pro,99.0,13.6,6,0.4,0.1,7.0,23.0,0.846,1.0,2.5,2.5
CUST_03376,41,Retail,North America,SMB,3,0,Pro,99.0,16.75,3,0.5,0.0,7.0,23.0,0.955,1.0,0.0,2.0
CUST_03377,33,Retail,North America,SMB,3,1,Basic,29.0,25.75,10,0.5,0.0,7.0,23.0,0.641,1.0,0.0,1.0
CUST_03378,1951,E-commerce,North America,Enterprise,11,0,Enterprise,999.0,64.57142857142857,94,0.2857142857142857,0.0,7.0,23.0,0.565,1.0,0.0,0.0
CUST_03379,2015,Healthcare,North America,Enterprise,2,1,Basic,99.0,50.666666666666664,15,1.0,0.6666666666666666,7.0,23.0,0.819,1.0,1.5,1.5
CUST_03380,1518,E-commerce,Latin America,Enterprise,23,0,Pro,299.0,73.25,168,0.7083333333333334,0.3194444444444445,7.0,23.0,0.819,1.0,1.565,0.706
CUST_03381,12,Healthcare,Europe,SMB,12,1,Pro,99.0,22.6,23,0.13333333333333333,0.06666666666666667,7.0,23.0,0.819,1.0,0.0,3.75
CUST_03382,449,Finance,Latin America,Mid-market,19,0,Pro,199.0,39.0,58,0.4,0.35,7.0,23.0,0.641,1.0,1.429,2.5
CUST_03383,389,Finance,Asia-Pacific,Mid-market,1,1,Basic,49.0,20.5,3,0.0,0.0,7.0,23.0,1.0,1.0,0.0,0.0
CUST_03384,170,Education,Asia-Pacific,Mid-market,9,0,Basic,49.0,45.1,42,0.3,0.2,7.0,23.0,0.333,1.0,0.0,0.0
CUST_03385,4170,Healthcare,North America,Enterprise,5,1,Enterprise,999.0,38.166666666666664,32,0.5,0.5,7.0,23.0,0.996,1.0,1.0,1.0
CUST_03386,173,Technology,Europe,Mid-market,22,1,Basic,49.0,38.56,81,0.16,0.08,5.0,28.0,0.428,1.0,0.0,0.0
CUST_03387,39,Education,North America,SMB,2,0,Basic,29.0,16.333333333333332,5,0.0,0.0,7.0,23.0,1.286,1.0,0.0,0.0
CUST_03388,14,Education,Asia-Pacific,SMB,5,0,Basic,29.0,14.666666666666666,9,0.16666666666666666,0.16666666666666666,7.0,23.0,0.545,1.0,0.0,0.0
CUST_03389,220,Healthcare,North America,Mid-market,0,0,Pro,199.0,23.0,2,0.0,0.0,7.0,23.0,1.0,1.0,0.0,0.0
CUST_03390,304,E-commerce,North America,Mid-market,21,0,Basic,49.0,37.31818181818182,66,0.18181818181818182,0.13636363636363635,6.0,7.0,0.724,1.0,3.666,2.75
CUST_03391,1,Finance,North America,SMB,12,0,Basic,29.0,23.384615384615383,22,0.23076923076923078,0.0,7.0,23.0,0.492,1.0,0.0,2.167
CUST_03392,11,Education,North America,SMB,9,0,Basic,29.0,19.8,14,0.0,0.0,7.0,25.0,0.404,1.0,0.0,0.0
CUST_03393,417,E-commerce,Europe,Mid-market,2,0,Pro,199.0,27.0,6,0.0,0.0,7.0,23.0,1.296,1.0,0.0,0.0
CUST_03394,27,Finance,North America,SMB,4,0,Basic,29.0,22.8,6,0.4,0.2,7.0,23.0,0.68,1.0,0.0,1.25
CUST_03395,4982,E-commerce,Latin America,Enterprise,3,0,Enterprise,999.0,71.25,31,0.5,0.0,9.0,45.0,0.933,1.0,0.0,0.0
CUST_03396,31,E-commerce,Europe,SMB,1,0,Basic,29.0,13.0,1,0.5,0.5,7.0,23.0,1.0,1.0,1.0,1.0
CUST_03397,2473,Healthcare,North America,Enterprise,14,1,Enterprise,999.0,73.05263157894737,124,0.3684210526315789,0.23684210526315788,7.0,20.0,0.637,1.0,1.056,2.714
CUST_03398,389,Retail,Europe,Mid-market,1,1,Basic,49.0,16.0,4,0.0,0.0,7.0,23.0,1.0,1.0,0.0,0.0
CUST_03399,2,Retail,North America,SMB,2,0,Pro,99.0,17.0,2,0.0,0.0,7.0,23.0,1.118,1.0,0.0,0.0
CUST_03400,43,Healthcare,Europe,SMB,12,0,Pro,99.0,24.692307692307693,18,0.3076923076923077,0.23076923076923078,7.0,23.0,0.547,1.0,2.167,1.625
CUST_03401,19,Finance,Asia-Pacific,SMB,17,1,Basic,29.0,23.1,25,0.1,0.0,7.0,23.0,0.649,1.0,0.0,0.0
CUST_03402,328,Technology,Asia-Pacific,Mid-market,11,0,Enterprise,499.0,44.666666666666664,37,0.5,0.2916666666666667,7.0,23.0,0.504,1.0,1.714,1.0
CUST_03403,49,Healthcare,Europe,SMB,13,1,Pro,99.0,24.6875,19,0.25,0.09375,8.0,46.0,0.567,1.0,0.0,0.0
CUST_03404,36,Finance,North America,SMB,12,1,Basic,29.0,29.53846153846154,25,0.3076923076923077,0.23076923076923078,7.0,23.0,0.474,1.0,0.0,0.0
CUST_03405,2,E-commerce,North America,SMB,21,1,Basic,29.0,24.291666666666668,44,0.08333333333333333,0.041666666666666664,7.0,35.0,0.638,1.0,0.0,0.0
CUST_03406,286,Education,North America,Mid-market,16,1,Pro,199.0,44.714285714285715,72,0.2857142857142857,0.0,7.0,23.0,0.492,1.0,0.0,0.0
CUST_03407,326,Retail,Europe,Mid-market,8,0,Enterprise,499.0,42.44444444444444,24,0.3333333333333333,0.05555555555555555,7.0,23.0,0.53,1.0,4.499,3.0
CUST_03408,258,Finance,North America,Mid-market,15,0,Enterprise,499.0,39.0625,52,0.1875,0.125,7.0,42.0,0.73,1.0,0.0,0.0
CUST_03409,31,Healthcare,North America,SMB,0,0,Pro,99.0,9.0,1,0.0,0.0,7.0,23.0,1.0,1.0,0.0,0.0
CUST_03410,38,Education,North America,SMB,12,0,Basic,29.0,26.46153846153846,20,0.23076923076923078,0.15384615384615385,7.0,23.0,0.397,1.0,3.25,2.167
CUST_03411,11,Healthcare,North America,SMB,6,0,Enterprise,299.0,24.0,8,0.14285714285714285,0.14285714285714285,7.0,23.0,0.812,1.0,3.5,3.5
CUST_03412,1026,Finance,Asia-Pacific,Enterprise,4,0,Enterprise,999.0,47.8,23,0.4,0.2,7.0,23.0,0.973,1.0,0.0,0.0
CUST_03413,10,Education,Asia-Pacific,SMB,7,0,Basic,29.0,15.125,18,0.0,0.0,7.0,23.0,0.694,1.0,0.0,0.0
CUST_03414,10,E-commerce,North America,SMB,4,0,Basic,29.0,18.0,14,0.0,0.0,7.0,23.0,0.722,1.0,0.0,0.0
CUST_03415,138,Finance,Europe,Mid-market,1,1,Basic,49.0,26.5,6,0.0,0.0,7.0,23.0,1.0,1.0,0.0,0.0
CUST_03416,2,E-commerce,North America,SMB,7,0,Basic,29.0,18.625,13,0.125,0.125,7.0,23.0,0.805,1.0,0.0,0.0
CUST_03417,496,Technology,Asia-Pacific,Mid-market,16,0,Basic,49.0,38.470588235294116,56,0.35294117647058826,0.23529411764705882,7.0,23.0,0.429,1.0,0.0,0.0
CUST_03418,152,Finance,North America,Mid-market,21,1,Pro,199.0,42.416666666666664,110,0.2916666666666667,0.10416666666666667,7.0,23.0,0.79,1.0,0.0,0.0
CUST_03419,33,Healthcare,Asia-Pacific,SMB,15,0,Enterprise,299.0,29.0,31,0.1875,0.1875,7.0,23.0,0.5,1.0,2.667,2.667
CUST_03420,7,Healthcare,North America,SMB,2,0,Basic,29.0,18.666666666666668,2,0.3333333333333333,0.0,7.0,23.0,1.098,1.0,0.0,1.5
CUST_03421,125,E-commerce,North America,Mid-market,12,0,Pro,199.0,45.92307692307692,31,0.38461538461538464,0.23076923076923078,7.0,23.0,0.664,1.0,0.0,0.0
CUST_03422,389,E-commerce,Europe,Mid-market,6,1,Basic,49.0,42.857142857142854,17,0.5714285714285714,0.23809523809523808,7.0,23.0,0.455,1.0,1.4,2.625
CUST_03423,18,Technology,Europe,SMB,9,0,Enterprise,299.0,20.5,19,0.3,0.0,7.0,23.0,0.829,1.0,0.0,0.0
CUST_03424,2752,Finance,Latin America,Enterprise,6,0,Enterprise,999.0,67.28571428571429,33,0.5714285714285714,0.2857142857142857,8.0,37.0,0.728,1.0,3.5,2.625
CUST_03425,42,Technology,North America,SMB,3,0,Basic,29.0,14.5,5,0.0,0.0,7.0,23.0,0.897,1.0,0.0,0.0
CUST_03426,33,Technology,North America,SMB,1,1,Basic,29.0,22.5,4,0.5,0.5,7.0,23.0,1.0,1.0,1.0,1.0
CUST_03427,2,Education,Asia-Pacific,SMB,6,1,Basic,29.0,24.142857142857142,9,0.14285714285714285,0.14285714285714285,7.0,23.0,0.373,1.0,3.5,3.5
CUST_03428,3,Technology,Europe,SMB,13,0,Basic,29.0,22.5,26,0.0,0.0,6.0,27.0,0.333,1.0,0.0,0.0
CUST_03429,34,Healthcare,North America,SMB,4,0,Basic,29.0,19.6,5,0.2,0.0,7.0,23.0,0.791,1.0,0.0,2.5
CUST_03430,3685,Retail,North America,Enterprise,23,1,Enterprise,999.0,65.23076923076923,200,0.5769230769230769,0.4230769230769231,7.0,23.0,0.682,1.0,0.0,0.0
CUST_03431,157,Finance,Latin America,Mid-market,21,0,Pro,199.0,40.22727272727273,94,0.36363636363636365,0.13636363636363635,7.0,23.0,0.534,1.0,0.0,0.0
CUST_03432,176,Healthcare,North America,Mid-market,23,1,Basic,49.0,49.57142857142857,85,0.5714285714285714,0.14285714285714285,8.0,30.0,0.444,1.0,0.0,0.0
CUST_03433,99,Finance,North America,Mid-market,14,0,Pro,199.0,38.13333333333333,42,0.2,0.13333333333333333,7.0,23.0,0.826,1.0,0.0,2.5
CUST_03434,47,Healthcare,Europe,SMB,7,0,Basic,29.0,18.0,11,0.125,0.0,7.0,23.0,0.639,1.0,0.0,0.0
CUST_03435,148,Finance,Europe,Mid-market,23,1,Pro,199.0,45.23076923076923,84,0.38461538461538464,0.17307692307692307,7.0,31.0,0.696,1.0,0.0,0.0
CUST_03436,32,Finance,North America,SMB,4,0,Pro,99.0,26.2,10,0.2,0.2,7.0,23.0,0.859,1.0,0.0,0.0
CUST_03437,454,Finance,Europe,Mid-market,23,0,Pro,199.0,46.25,87,0.3333333333333333,0.25,7.0,23.0,0.67,1.0,4.0,3.0
CUST_03438,277,Technology,North America,Mid-market,21,0,Enterprise,499.0,40.81818181818182,79,0.45454545454545453,0.18181818181818182,7.0,23.0,0.845,1.0,2.75,2.2
CUST_03439,437,Technology,North America,Mid-market,14,0,Basic,49.0,35.266666666666666,55,0.4,0.26666666666666666,8.0,52.0,0.709,1.0,1.875,1.25
CUST_03440,238,Retail,North America,Mid-market,3,0,Pro,199.0,27.5,9,0.0,0.0,7.0,23.0,1.018,1.0,0.0,0.0
CUST_03441,25,E-commerce,North America,SMB,18,0,Pro,99.0,26.05263157894737,29,0.15789473684210525,0.05263157894736842,5.0,-4.0,0.499,1.0,0.0,0.0
CUST_03442,2,Healthcare,Europe,SMB,22,0,Pro,99.0,26.391304347826086,48,0.17391304347826086,0.043478260869565216,7.0,23.0,0.758,1.0,0.0,2.875
CUST_03443,134,Healthcare,Latin America,Mid-market,3,1,Basic,49.0,31.25,14,0.25,0.0,7.0,23.0,0.864,1.0,0.0,0.0
CUST_03444,194,E-commerce,North America,Mid-market,0,0,Pro,199.0,16.0,1,0.0,0.0,7.0,23.0,1.0,1.0,0.0,0.0
CUST_03445,23,Education,Asia-Pacific,SMB,6,1,Basic,29.0,16.142857142857142,9,0.0,0.0,7.0,23.0,0.712,1.0,0.0,0.0
CUST_03446,3,Technology,Asia-Pacific,SMB,7,0,Pro,99.0,20.625,9,0.125,0.0,7.0,23.0,0.461,1.0,0.0,0.0
CUST_03447,11,Education,Europe,SMB,4,0,Basic,29.0,20.8,10,0.0,0.0,7.0,23.0,0.481,1.0,0.0,0.0
CUST_03448,48,Education,Latin America,SMB,5,0,Basic,29.0,20.166666666666668,7,0.5,0.3333333333333333,7.0,23.0,0.719,1.0,3.0,2.0
CUST_03449,18,E-commerce,Europe,SMB,9,0,Basic,29.0,24.1,15,0.1,0.0,7.0,23.0,0.851,1.0,0.0,0.0
CUST_03450,38,Retail,North America,SMB,1,1,Pro,99.0,10.5,0,0.5,0.0,7.0,23.0,1.0,1.0,0.0,1.0
CUST_03451,7,Finance,North America,SMB,0,0,Pro,99.0,13.0,2,0.0,0.0,7.0,23.0,1.0,1.0,0.0,0.0
CUST_03452,1999,E-commerce,Latin America,Enterprise,5,0,Enterprise,999.0,53.833333333333336,32,0.6666666666666666,0.6666666666666666,7.0,23.0,0.743,1.0,0.75,0.75
CUST_03453,24,E-commerce,Latin America,SMB,9,0,Basic,29.0,27.5,17,0.1,0.1,7.0,23.0,0.618,1.0,0.0,0.0
CUST_03454,481,Retail,Europe,Mid-market,0,0,Enterprise,499.0,15.0,2,0.0,0.0,7.0,23.0,1.0,1.0,0.0,0.0
CUST_03455,73,E-commerce,Europe,Mid-market,21,0,Pro,199.0,37.0,72,0.2727272727272727,0.1590909090909091,8.0,7.0,0.581,1.0,1.571,3.667
CUST_03456,10,Technology,North America,SMB,2,1,Basic,29.0,13.8,5,0.2,0.0,7.0,23.0,0.942,1.0,0.0,2.5
CUST_03457,48,E-commerce,North America,SMB,12,0,Enterprise,299.0,23.23076923076923,18,0.07692307692307693,0.07692307692307693,6.0,-8.0,0.732,1.0,0.0,0.0
CUST_03458,47,Healthcare,Latin America,SMB,10,1,Basic,29.0,20.363636363636363,17,0.2727272727272727,0.0,7.0,23.0,0.786,1.0,0.0,0.0
CUST_03459,16,Technology,North America,SMB,7,0,Pro,99.0,21.25,11,0.0,0.0,7.0,23.0,0.894,1.0,0.0,0.0
CUST_03460,14,Education,North America,SMB,3,0,Basic,29.0,14.5,6,0.0,0.0,6.0,15.0,0.966,1.0,0.0,0.0
CUST_03461,20,Healthcare,Latin America,SMB,3,1,Pro,99.0,19.5,3,0.0,0.0,7.0,23.0,0.667,1.0,0.0,0.0
CUST_03462,16,Healthcare,North America,SMB,16,1,Pro,99.0,24.42105263157895,41,0.05263157894736842,0.0,6.0,9.0,0.573,1.0,0.0,0.0
CUST_03463,321,E-commerce,Latin America,Mid-market,1,0,Basic,49.0,20.5,5,0.5,0.5,7.0,23.0,1.0,1.0,1.0,1.0
CUST_03464,2802,Healthcare,North America,Enterprise,19,0,Basic,99.0,70.3,140,0.2,0.1,7.0,23.0,0.498,1.0,5.0,2.5
CUST_03465,419,Finance,North America,Mid-market,0,0,Pro,199.0,12.0,3,0.0,0.0,7.0,23.0,1.0,1.0,0.0,0.0
CUST_03466,129,Education,Europe,Mid-market,17,1,Pro,199.0,43.95,75,0.1,0.0,7.0,23.0,0.637,1.0,0.0,0.0
CUST_03467,30,Finance,Europe,SMB,1,0,Basic,29.0,19.0,2,0.5,0.0,7.0,23.0,1.0,1.0,0.0,1.0
CUST_03468,2892,Finance,North America,Enterprise,3,0,Enterprise,999.0,46.75,13,0.5,0.25,7.0,23.0,0.973,1.0,0.0,0.0
CUST_03469,34,Technology,Europe,SMB,5,0,Basic,29.0,21.833333333333332,9,0.16666666666666666,0.0,7.0,23.0,0.687,1.0,0.0,3.0
CUST_03470,27,Retail,Asia-Pacific,SMB,9,1,Basic,29.0,21.3,18,0.2,0.0,7.0,23.0,0.869,1.0,0.0,2.5
CUST_03471,2788,Retail,North America,Enterprise,8,0,Enterprise,999.0,51.55555555555556,53,0.2222222222222222,0.0,7.0,23.0,0.592,1.0,0.0,0.0
CUST_03472,4610,Retail,Latin America,Enterprise,0,0,Enterprise,999.0,18.0,8,1.0,1.0,7.0,23.0,1.0,1.0,1.0,1.0
CUST_03473,13,E-commerce,Latin America,SMB,7,1,Basic,29.0,21.25,11,0.5,0.125,7.0,23.0,0.4,1.0,0.0,0.0
CUST_03474,120,Retail,North America,Mid-market,7,0,Pro,199.0,38.5,27,0.375,0.125,7.0,23.0,0.636,1.0,0.0,0.0
CUST_03475,11,Finance,Latin America,SMB,9,0,Basic,29.0,24.5,21,0.3,0.0,7.0,23.0,0.755,1.0,0.0,0.0
CUST_03476,16,Healthcare,Europe,SMB,7,1,Basic,29.0,21.5,11,0.5,0.0,7.0,23.0,0.465,1.0,0.0,1.0
CUST_03477,3363,Healthcare,Asia-Pacific,Enterprise,5,0,Enterprise,999.0,53.333333333333336,39,1.0,0.5,7.0,23.0,0.581,1.0,1.0,1.0
CUST_03478,132,Retail,Asia-Pacific,Mid-market,16,1,Enterprise,499.0,38.904761904761905,96,0.14285714285714285,0.023809523809523808,7.0,23.0,0.45,1.0,0.0,0.0
CUST_03479,1725,Education,North America,Enterprise,14,1,Enterprise,999.0,69.88235294117646,91,0.35294117647058826,0.20588235294117646,7.0,23.0,0.472,1.0,0.0,0.0
CUST_03480,30,Technology,North America,SMB,2,0,Basic,29.0,14.333333333333334,3,0.0,0.0,7.0,23.0,1.081,1.0,0.0,0.0
CUST_03481,15,Retail,Latin America,SMB,2,1,Basic,29.0,17.666666666666668,1,0.0,0.0,7.0,23.0,1.189,1.0,0.0,0.0
CUST_03482,161,Healthcare,Latin America,Mid-market,0,0,Enterprise,499.0,19.0,1,0.0,0.0,7.0,23.0,1.0,1.0,0.0,0.0
CUST_03483,39,Technology,North America,SMB,5,1,Pro,99.0,24.833333333333332,12,0.16666666666666666,0.16666666666666666,7.0,23.0,0.483,1.0,0.0,0.0
CUST_03484,151,Finance,Asia-Pacific,Mid-market,6,0,Basic,49.0,40.285714285714285,31,0.2857142857142857,0.2857142857142857,7.0,23.0,0.608,1.0,3.5,3.5
CUST_03485,12,Retail,North America,SMB,17,1,Basic,29.0,26.40909090909091,40,0.4090909090909091,0.09090909090909091,7.0,23.0,0.606,1.0,0.0,0.0
CUST_03486,27,Healthcare,Europe,SMB,5,0,Enterprise,299.0,17.166666666666668,10,0.16666666666666666,0.16666666666666666,8.0,29.0,0.495,1.0,0.0,0.0
CUST_03487,3,Finance,North America,SMB,0,0,Pro,99.0,15.0,0,0.0,0.0,7.0,23.0,1.0,1.0,0.0,0.0
CUST_03488,42,Technology,North America,SMB,3,0,Enterprise,299.0,21.0,3,0.0,0.0,7.0,23.0,0.667,1.0,0.0,0.0
CUST_03489,2527,Healthcare,Europe,Enterprise,0,0,Pro,299.0,62.0,4,0.0,0.0,7.0,23.0,1.0,1.0,0.0,0.0
CUST_03490,214,Finance,Europe,Mid-market,20,1,Pro,199.0,43.0,65,0.30434782608695654,0.1956521739130435,8.0,19.0,0.837,1.0,0.0,0.0
CUST_03491,10,Education,North America,SMB,9,0,Basic,29.0,24.5,16,0.3,0.05,7.0,23.0,0.939,1.0,4.999,5.0
CUST_03492,4451,Finance,Europe,Enterprise,0,0,Pro,299.0,43.0,6,0.0,0.0,7.0,23.0,1.0,1.0,0.0,0.0
CUST_03493,27,Education,North America,SMB,8,0,Enterprise,299.0,27.0,14,0.1111111111111111,0.1111111111111111,7.0,23.0,0.481,1.0,0.0,0.0
CUST_03494,67,Retail,Europe,Mid-market,6,1,Basic,49.0,45.333333333333336,39,0.4444444444444444,0.4444444444444444,7.0,23.0,0.849,1.0,0.0,0.0
CUST_03495,44,E-commerce,Latin America,SMB,1,0,Enterprise,299.0,17.5,1,0.5,0.0,7.0,23.0,1.0,1.0,0.0,1.0
CUST_03496,4916,E-commerce,Latin America,Enterprise,0,0,Enterprise,999.0,22.0,3,0.0,0.0,7.0,23.0,1.0,1.0,0.0,0.0
CUST_03497,1216,Retail,Europe,Enterprise,0,0,Enterprise,999.0,18.0,5,0.0,0.0,7.0,23.0,1.0,1.0,0.0,0.0
CUST_03498,16,Finance,North America,SMB,8,1,Pro,99.0,24.818181818181817,21,0.2727272727272727,0.09090909090909091,7.0,23.0,0.604,1.0,0.0,0.0
CUST_03499,43,Healthcare,North America,SMB,7,0,Basic,29.0,22.75,13,0.0,0.0,7.0,23.0,0.505,1.0,0.0,0.0
CUST_03500,3987,Finance,Asia-Pacific,Enterprise,23,0,Enterprise,999.0,63.458333333333336,182,0.375,0.3333333333333333,7.0,23.0,0.473,1.0,1.5,1.333
CUST_03501,4848,Education,Latin America,Enterprise,0,0,Enterprise,999.0,57.0,3,0.0,0.0,7.0,23.0,1.0,1.0,0.0,0.0
CUST_03502,38,Technology,Latin America,SMB,10,1,Basic,29.0,22.454545454545453,12,0.2727272727272727,0.09090909090909091,7.0,23.0,0.757,1.0,0.0,0.0
CUST_03503,24,E-commerce,Asia-Pacific,SMB,0,0,Enterprise,299.0,11.0,1,0.0,0.0,7.0,23.0,1.0,1.0,0.0,0.0
CUST_03504,294,Technology,North America,Mid-market,16,0,Basic,49.0,38.0,53,0.4117647058823529,0.14705882352941177,7.0,23.0,0.697,1.0,5.1,3.643
CUST_03505,45,E-commerce,Europe,SMB,4,1,Basic,29.0,12.0,12,0.0,0.0,7.0,23.0,1.292,1.0,0.0,0.0
CUST_03506,3009,Healthcare,Europe,Enterprise,17,0,Pro,299.0,70.5,116,0.5555555555555556,0.5555555555555556,7.0,23.0,0.709,1.0,0.9,0.9
CUST_03507,8,Retail,Latin America,SMB,5,1,Basic,29.0,18.166666666666668,4,0.0,0.0,7.0,23.0,0.578,1.0,0.0,0.0
CUST_03508,39,Education,North America,SMB,0,0,Basic,29.0,24.0,0,0.0,0.0,7.0,23.0,1.0,1.0,0.0,0.0
CUST_03509,338,Education,Latin America,Mid-market,6,1,Enterprise,499.0,36.0,17,0.42857142857142855,0.42857142857142855,8.0,32.0,0.819,1.0,1.167,1.167
CUST_03510,3,Finance,Europe,SMB,7,0,Basic,29.0,27.125,12,0.0,0.0,7.0,23.0,0.682,1.0,0.0,0.0
CUST_03511,8,Education,Asia-Pacific,SMB,8,0,Basic,29.0,24.666666666666668,14,0.3333333333333333,0.0,9.0,37.0,0.811,1.0,0.0,0.0
CUST_03512,38,E-commerce,Asia-Pacific,SMB,18,0,Basic,29.0,26.526315789473685,34,0.05263157894736842,0.0,9.0,50.0,0.886,1.0,0.0,0.0
CUST_03513,40,E-commerce,North America,SMB,7,0,Basic,29.0,21.0,10,0.0,0.0,7.0,23.0,0.643,1.0,0.0,0.0
CUST_03514,6,Finance,Europe,SMB,9,0,Enterprise,299.0,23.1,12,0.6,0.15,7.0,23.0,0.563,1.0,1.667,1.667
CUST_03515,16,E-commerce,Europe,SMB,18,0,Pro,99.0,23.473684210526315,27,0.3684210526315789,0.07894736842105263,6.0,-9.0,0.575,1.0,0.0,1.357
CUST_03516,65,Education,Asia-Pacific,Mid-market,5,1,Enterprise,499.0,33.5,20,0.6666666666666666,0.25,7.0,23.0,0.522,1.0,0.0,0.75
CUST_03517,144,Education,Asia-Pacific,Mid-market,20,1,Pro,199.0,40.26086956521739,68,0.4782608695652174,0.15217391304347827,7.0,23.0,0.745,1.0,0.0,0.0
CUST_03518,411,Retail,Europe,Mid-market,9,1,Pro,199.0,32.166666666666664,51,0.08333333333333333,0.0,8.0,37.0,0.653,1.0,0.0,0.0
CUST_03519,37,E-commerce,North America,SMB,2,1,Basic,29.0,16.0,2,0.0,0.0,7.0,23.0,0.969,1.0,0.0,0.0
CUST_03520,19,Retail,Europe,SMB,9,1,Basic,29.0,25.5,13,0.0,0.0,7.0,23.0,0.706,1.0,0.0,0.0
CUST_03521,142,Healthcare,North America,Mid-market,13,1,Pro,199.0,41.1875,74,0.1875,0.03125,9.0,48.0,0.668,1.0,0.0,0.0
CUST_03522,3419,Finance,Latin America,Enterprise,2,0,Enterprise,999.0,31.333333333333332,13,0.0,0.0,7.0,23.0,1.021,1.0,0.0,0.0
CUST_03523,11,Finance,Latin America,SMB,3,1,Basic,29.0,18.25,5,0.0,0.0,7.0,23.0,0.63,1.0,0.0,0.0
CUST_03524,3253,E-commerce,North America,Enterprise,1,0,Enterprise,999.0,47.0,8,0.0,0.0,7.0,23.0,1.0,1.0,0.0,0.0
CUST_03525,338,E-commerce,Asia-Pacific,Mid-market,12,0,Pro,199.0,38.30769230769231,51,0.3076923076923077,0.15384615384615385,7.0,23.0,0.535,1.0,3.25,1.625
CUST_03526,310,Retail,North America,Mid-market,11,1,Enterprise,499.0,44.642857142857146,59,0.2857142857142857,0.14285714285714285,7.0,23.0,0.84,1.0,0.0,1.75
CUST_03527,351,Retail,Europe,Mid-market,18,0,Basic,49.0,38.21052631578947,61,0.2631578947368421,0.10526315789473684,7.0,23.0,0.432,1.0,4.75,3.8
CUST_03528,162,Education,Europe,Mid-market,18,0,Basic,49.0,40.63157894736842,78,0.47368421052631576,0.13157894736842105,7.0,23.0,0.812,1.0,3.8,2.111
CUST_03529,48,Technology,North America,SMB,5,1,Pro,99.0,17.833333333333332,14,0.0,0.0,7.0,23.0,0.785,1.0,0.0,0.0
CUST_03530,401,Finance,Europe,Mid-market,12,0,Pro,199.0,41.84615384615385,48,0.3076923076923077,0.07692307692307693,7.0,23.0,0.454,1.0,0.0,1.625
CUST_03531,13,Retail,Asia-Pacific,SMB,10,0,Basic,29.0,24.454545454545453,12,0.18181818181818182,0.18181818181818182,7.0,23.0,0.552,1.0,2.75,2.75
CUST_03532,3387,Technology,Latin America,Enterprise,21,0,Basic,99.0,71.27272727272727,134,0.8636363636363636,0.38636363636363635,7.0,23.0,0.638,1.0,0.863,1.737
CUST_03533,17,Retail,Asia-Pacific,SMB,23,0,Basic,29.0,28.625,49,0.4166666666666667,0.125,7.0,23.0,0.786,1.0,0.0,1.2
CUST_03534,361,Education,North America,Mid-market,7,0,Pro,199.0,34.875,32,0.375,0.125,7.0,23.0,0.717,1.0,0.0,1.333
CUST_03535,47,E-commerce,Europe,SMB,16,0,Basic,29.0,23.764705882352942,28,0.29411764705882354,0.11764705882352941,5.0,19.0,0.231,1.0,4.25,1.7
CUST_03536,34,Healthcare,Asia-Pacific,SMB,0,0,Basic,29.0,22.0,1,0.0,0.0,7.0,23.0,1.0,1.0,0.0,0.0
CUST_03537,218,Education,North America,Mid-market,21,1,Pro,199.0,35.875,96,0.3333333333333333,0.16666666666666666,8.0,23.0,0.878,1.0,0.0,0.0
CUST_03538,1981,E-commerce,North America,Enterprise,2,0,Pro,299.0,44.333333333333336,15,0.3333333333333333,0.3333333333333333,7.0,23.0,0.868,1.0,1.5,1.5
CUST_03539,46,Finance,Asia-Pacific,SMB,15,0,Basic,29.0,26.0625,32,0.3125,0.125,10.0,29.0,0.691,1.0,0.0,0.0
CUST_03540,333,Healthcare,North America,Mid-market,8,1,Enterprise,499.0,34.55555555555556,19,0.1111111111111111,0.1111111111111111,9.0,28.0,0.839,1.0,0.0,0.0
CUST_03541,1838,E-commerce,North America,Enterprise,17,0,Enterprise,999.0,59.666666666666664,113,0.6111111111111112,0.3888888888888889,7.0,20.0,0.277,1.0,1.286,0.818
CUST_03542,3058,Retail,Europe,Enterprise,1,1,Enterprise,999.0,22.0,7,0.0,0.0,7.0,23.0,1.0,1.0,0.0,0.0
CUST_03543,3311,Technology,Europe,Enterprise,18,1,Enterprise,999.0,70.0,160,0.21739130434782608,0.17391304347826086,7.0,23.0,0.55,1.0,2.875,2.3
CUST_03544,3200,Technology,North America,Enterprise,9,1,Basic,99.0,69.66666666666667,77,1.0,0.5,9.0,42.0,0.531,1.0,2.0,1.0
CUST_03545,4154,Retail,Europe,Enterprise,2,1,Enterprise,999.0,53.666666666666664,10,0.0,0.0,7.0,23.0,1.155,1.0,0.0,0.0
CUST_03546,217,E-commerce,North America,Mid-market,15,0,Enterprise,499.0,39.1875,74,0.5625,0.1875,7.0,23.0,0.612,1.0,0.0,0.0
CUST_03547,15,Healthcare,North America,SMB,4,1,Basic,29.0,15.0,9,0.0,0.0,7.0,23.0,0.733,1.0,0.0,0.0
CUST_03548,2322,Healthcare,North America,Enterprise,20,0,Enterprise,999.0,70.52380952380952,128,0.6666666666666666,0.39285714285714285,7.0,23.0,0.44,1.0,1.273,0.75
CUST_03549,10,Retail,Latin America,SMB,4,0,Basic,29.0,25.4,7,0.0,0.0,7.0,23.0,0.531,1.0,0.0,0.0
CUST_03550,1,Healthcare,North America,SMB,2,0,Basic,29.0,21.666666666666668,2,0.3333333333333333,0.0,7.0,23.0,1.108,1.0,0.0,1.5
CUST_03551,465,E-commerce,Latin America,Mid-market,6,1,Pro,199.0,31.428571428571427,14,0.14285714285714285,0.14285714285714285,7.0,23.0,0.716,1.0,0.0,0.0
CUST_03552,19,E-commerce,Asia-Pacific,SMB,2,0,Basic,29.0,18.333333333333332,5,0.3333333333333333,0.0,7.0,23.0,1.173,1.0,0.0,1.5
CUST_03553,18,Healthcare,North America,SMB,16,0,Basic,29.0,24.235294117647058,29,0.11764705882352941,0.0,7.0,23.0,0.371,1.0,0.0,4.25
CUST_03554,106,Education,North America,Mid-market,8,0,Enterprise,499.0,39.22222222222222,21,0.3333333333333333,0.2222222222222222,7.0,23.0,0.867,1.0,2.25,1.5
CUST_03555,23,Finance,North America,SMB,3,0,Pro,99.0,25.5,4,0.0,0.0,7.0,23.0,0.824,1.0,0.0,0.0
CUST_03556,36,Education,North America,SMB,10,0,Basic,29.0,27.363636363636363,12,0.09090909090909091,0.0,7.0,23.0,0.603,1.0,0.0,0.0
CUST_03557,141,Technology,Latin America,Mid-market,23,1,Enterprise,499.0,44.23076923076923,75,0.46153846153846156,0.38461538461538464,7.0,26.0,0.328,1.0,0.0,0.0
CUST_03558,35,E-commerce,Asia-Pacific,SMB,8,0,Basic,29.0,24.444444444444443,12,0.0,0.0,7.0,23.0,0.491,1.0,0.0,0.0
CUST_03559,40,Retail,Asia-Pacific,SMB,4,0,Basic,29.0,21.0,6,0.4,0.0,7.0,23.0,0.643,1.0,0.0,0.0
CUST_03560,25,Healthcare,Asia-Pacific,SMB,22,0,Basic,29.0,24.73913043478261,46,0.34782608695652173,0.21739130434782608,7.0,23.0,0.445,1.0,0.0,1.437
CUST_03561,19,Finance,Asia-Pacific,SMB,8,1,Basic,29.0,21.444444444444443,11,0.1111111111111111,0.1111111111111111,7.0,23.0,0.606,1.0,0.0,0.0
CUST_03562,34,Healthcare,Asia-Pacific,SMB,12,0,Pro,99.0,23.076923076923077,16,0.07692307692307693,0.0,7.0,23.0,0.542,1.0,0.0,0.0
CUST_03563,160,Finance,Asia-Pacific,Mid-market,10,1,Enterprise,499.0,41.54545454545455,25,0.09090909090909091,0.0,7.0,23.0,0.674,1.0,0.0,0.0
CUST_03564,484,Finance,North America,Mid-market,12,0,Pro,199.0,45.69230769230769,38,0.23076923076923078,0.07692307692307693,7.0,23.0,0.624,1.0,0.0,0.0
CUST_03565,4585,Technology,North America,Enterprise,3,0,Pro,299.0,54.75,14,0.25,0.25,7.0,23.0,0.749,1.0,2.0,2.0
CUST_03566,3,E-commerce,Europe,SMB,14,0,Basic,29.0,26.0,15,0.26666666666666666,0.26666666666666666,7.0,23.0,0.808,1.0,0.0,0.0
CUST_03567,440,Retail,North America,Mid-market,10,1,Basic,49.0,44.38461538461539,40,0.6153846153846154,0.5384615384615384,7.0,23.0,0.732,1.0,0.929,0.812
CUST_03568,2,Retail,Europe,SMB,0,0,Pro,99.0,7.0,2,0.0,0.0,7.0,23.0,1.0,1.0,0.0,0.0
CUST_03569,397,Healthcare,Asia-Pacific,Mid-market,1,1,Enterprise,499.0,17.0,10,1.0,0.5,7.0,23.0,1.0,1.0,1.0,1.0
CUST_03570,365,Healthcare,Asia-Pacific,Mid-market,10,0,Pro,199.0,34.45454545454545,29,0.09090909090909091,0.09090909090909091,6.0,4.0,0.566,1.0,0.0,0.0
CUST_03571,453,Retail,Europe,Mid-market,1,0,Pro,199.0,23.0,5,0.5,0.0,7.0,23.0,1.0,1.0,0.0,1.0
CUST_03572,24,Finance,Europe,SMB,23,0,Pro,99.0,26.291666666666668,53,0.20833333333333334,0.16666666666666666,7.0,23.0,0.532,1.0,0.0,0.0
CUST_03573,239,Healthcare,North America,Mid-market,21,1,Pro,199.0,42.166666666666664,80,0.2916666666666667,0.22916666666666666,7.0,23.0,0.332,1.0,4.363,3.428
CUST_03574,21,Education,North America,SMB,12,0,Basic,29.0,23.0,22,0.23076923076923078,0.0,6.0,4.0,0.522,1.0,0.0,2.167
CUST_03575,38,Education,Asia-Pacific,SMB,23,1,Basic,29.0,24.153846153846153,59,0.19230769230769232,0.07692307692307693,7.0,23.0,0.476,1.0,0.0,0.0
CUST_03576,4,Technology,North America,SMB,2,1,Basic,29.0,14.333333333333334,5,0.0,0.0,7.0,23.0,1.186,1.0,0.0,0.0
CUST_03577,21,E-commerce,Europe,SMB,9,0,Basic,29.0,25.7,11,0.4,0.05,7.0,35.0,0.584,1.0,0.0,1.25
CUST_03578,302,Education,Latin America,Mid-market,2,1,Pro,199.0,16.0,3,0.3333333333333333,0.3333333333333333,7.0,23.0,0.781,1.0,1.5,1.5
CUST_03579,34,Retail,North America,SMB,2,0,Pro,99.0,13.333333333333334,5,0.0,0.0,7.0,23.0,1.087,1.0,0.0,0.0
CUST_03580,162,Healthcare,Europe,Mid-market,7,0,Pro,199.0,39.25,21,0.0,0.0,7.0,23.0,0.446,1.0,0.0,0.0
CUST_03581,402,Education,Europe,Mid-market,4,0,Enterprise,499.0,33.8,9,0.4,0.2,7.0,23.0,1.006,1.0,0.0,1.25
CUST_03582,297,Finance,Latin America,Mid-market,20,0,Pro,199.0,41.857142857142854,60,0.5714285714285714,0.22222222222222218,7.0,23.0,0.514,1.0,2.25,0.875
CUST_03583,37,Retail,Europe,SMB,9,0,Basic,29.0,19.6,12,0.2,0.2,7.0,23.0,0.714,1.0,0.0,0.0
CUST_03584,47,Finance,North America,SMB,2,1,Basic,29.0,14.333333333333334,1,0.3333333333333333,0.3333333333333333,7.0,23.0,1.012,1.0,1.5,1.5
CUST_03585,40,Education,North America,SMB,22,1,Basic,29.0,25.51851851851852,55,0.25925925925925924,0.18518518518518517,8.0,27.0,0.294,1.0,0.0,0.0
CUST_03586,19,Healthcare,North America,SMB,14,1,Basic,29.0,21.0,29,0.058823529411764705,0.058823529411764705,7.0,15.0,0.333,1.0,0.0,0.0
CUST_03587,3001,Healthcare,Europe,Enterprise,5,0,Enterprise,999.0,44.666666666666664,26,0.16666666666666666,0.16666666666666666,7.0,23.0,1.131,1.0,0.0,0.0
CUST_03588,218,E-commerce,Europe,Mid-market,9,0,Enterprise,499.0,37.7,35,0.2,0.2,7.0,23.0,0.623,1.0,2.5,2.5
CUST_03589,20,Retail,North America,SMB,12,0,Basic,29.0,24.23076923076923,25,0.15384615384615385,0.038461538461538464,10.0,69.0,0.33,1.0,6.498,6.5
CUST_03590,370,Healthcare,Europe,Mid-market,19,0,Pro,199.0,44.0,62,0.5,0.2,7.0,23.0,0.682,1.0,2.5,1.0
CUST_03591,40,Technology,North America,SMB,3,1,Pro,99.0,19.5,6,0.0,0.0,7.0,23.0,0.667,1.0,0.0,0.0
CUST_03592,4407,E-commerce,North America,Enterprise,3,0,Basic,99.0,47.0,18,0.75,0.25,7.0,23.0,1.277,1.0,2.0,1.333
CUST_03593,24,Finance,Europe,SMB,7,1,Basic,29.0,24.375,14,0.5,0.0625,7.0,23.0,0.718,1.0,3.999,2.0
CUST_03594,13,E-commerce,Asia-Pacific,SMB,23,0,Basic,29.0,25.75,46,0.3333333333333333,0.125,9.0,31.0,0.485,1.0,0.0,0.0
CUST_03595,49,Finance,Europe,SMB,2,1,Basic,29.0,17.0,6,0.0,0.0,7.0,23.0,0.765,1.0,0.0,0.0
CUST_03596,4496,E-commerce,Asia-Pacific,Enterprise,18,0,Enterprise,999.0,67.89473684210526,140,0.3684210526315789,0.24561403508771926,7.0,23.0,0.508,1.0,2.036,1.357
CUST_03597,216,Technology,Europe,Mid-market,5,0,Pro,199.0,34.166666666666664,19,0.5,0.16666666666666666,7.0,23.0,0.483,1.0,0.0,0.0
CUST_03598,4379,Healthcare,North America,Enterprise,10,0,Enterprise,999.0,66.27272727272727,70,0.45454545454545453,0.3181818181818182,7.0,23.0,1.003,1.0,0.786,2.2
CUST_03599,42,E-commerce,Europe,SMB,11,1,Basic,29.0,23.625,39,0.375,0.3125,7.0,23.0,0.275,1.0,0.0,0.0
CUST_03600,12,E-commerce,Asia-Pacific,SMB,4,1,Basic,29.0,17.6,12,0.4,0.2,8.0,28.0,0.653,1.0,2.5,2.5
CUST_03601,1,Healthcare,North America,SMB,16,1,Basic,29.0,21.94736842105263,30,0.10526315789473684,0.10526315789473684,7.0,23.0,0.615,1.0,0.0,0.0
CUST_03602,208,Finance,North America,Mid-market,10,1,Basic,49.0,46.0,35,0.23076923076923078,0.15384615384615385,7.0,23.0,0.717,1.0,3.25,2.167
CUST_03603,25,Healthcare,Europe,SMB,1,0,Basic,29.0,11.5,3,0.0,0.0,7.0,23.0,1.0,1.0,0.0,0.0
CUST_03604,333,Healthcare,North America,Mid-market,11,0,Pro,199.0,36.083333333333336,46,0.3333333333333333,0.020833333333333332,7.0,23.0,0.818,1.0,0.0,0.0
CUST_03605,35,Healthcare,North America,SMB,9,0,Basic,29.0,24.1,12,0.3,0.05,7.0,23.0,0.456,1.0,4.999,3.333
CUST_03606,12,Education,North America,SMB,12,0,Pro,99.0,22.46153846153846,28,0.15384615384615385,0.07692307692307693,7.0,23.0,0.623,1.0,0.0,0.0
CUST_03607,272,Retail,North America,Mid-market,22,0,Pro,199.0,41.78260869565217,69,0.21739130434782608,0.17391304347826086,7.0,31.0,0.694,1.0,0.0,0.0
CUST_03608,49,Finance,Asia-Pacific,SMB,3,0,Basic,29.0,10.25,7,0.25,0.0,7.0,23.0,1.122,1.0,0.0,2.0
CUST_03609,204,Finance,North America,Mid-market,9,0,Enterprise,499.0,47.2,37,0.1,0.1,8.0,24.0,0.794,1.0,0.0,0.0
CUST_03610,214,Retail,Asia-Pacific,Mid-market,6,0,Pro,199.0,39.42857142857143,13,0.2857142857142857,0.14285714285714285,7.0,24.0,0.685,1.0,3.5,1.75
CUST_03611,309,Education,North America,Mid-market,5,0,Enterprise,499.0,34.666666666666664,21,0.3333333333333333,0.16666666666666666,7.0,23.0,1.082,1.0,0.0,1.5
CUST_03612,211,Retail,Latin America,Mid-market,8,1,Basic,49.0,33.0,37,0.3333333333333333,0.05555555555555555,7.0,23.0,0.727,1.0,0.0,1.5
CUST_03613,3476,Finance,North America,Enterprise,11,0,Enterprise,999.0,56.583333333333336,86,0.4166666666666667,0.16666666666666666,7.0,23.0,0.459,1.0,3.0,3.6
CUST_03614,79,Education,North America,Mid-market,5,0,Basic,49.0,33.5,20,0.0,0.0,7.0,23.0,0.881,1.0,0.0,0.0
CUST_03615,2,Retail,Asia-Pacific,SMB,1,1,Basic,29.0,20.0,1,0.0,0.0,7.0,23.0,1.0,1.0,0.0,0.0
CUST_03616,43,Education,Europe,SMB,0,0,Basic,29.0,6.0,2,0.0,0.0,7.0,23.0,1.0,1.0,0.0,0.0
CUST_03617,5,Retail,North America,SMB,9,0,Enterprise,299.0,27.2,13,0.2,0.1,7.0,23.0,0.551,1.0,5.0,2.5
CUST_03618,42,Education,Latin America,SMB,1,1,Basic,29.0,9.5,1,0.0,0.0,7.0,23.0,1.0,1.0,0.0,0.0
CUST_03619,3,Finance,Asia-Pacific,SMB,5,0,Basic,29.0,19.0,11,0.0,0.0,7.0,23.0,0.789,1.0,0.0,0.0
CUST_03620,10,E-commerce,Asia-Pacific,SMB,3,0,Basic,29.0,15.5,2,0.0,0.0,7.0,23.0,1.0,1.0,0.0,0.0
CUST_03621,38,E-commerce,Europe,SMB,17,0,Basic,29.0,26.38888888888889,29,0.4444444444444444,0.05555555555555555,7.0,23.0,0.625,1.0,0.0,2.25
CUST_03622,4,Finance,Asia-Pacific,SMB,1,0,Basic,29.0,15.5,1,0.0,0.0,7.0,23.0,1.0,1.0,0.0,0.0
CUST_03623,2554,Finance,Latin America,Enterprise,15,0,Enterprise,999.0,63.25,112,0.3125,0.15625,7.0,23.0,0.482,1.0,3.2,3.2
CUST_03624,2599,Healthcare,Europe,Enterprise,7,0,Pro,299.0,54.5,57,0.125,0.125,7.0,23.0,0.431,1.0,0.0,0.0
CUST_03625,10,Retail,Europe,SMB,16,0,Basic,29.0,31.823529411764707,28,0.0,0.0,8.0,-4.0,0.409,1.0,0.0,0.0
CUST_03626,358,Technology,Latin America,Mid-market,16,1,Basic,49.0,42.68421052631579,70,0.21052631578947367,0.10526315789473684,7.0,23.0,0.586,1.0,4.75,2.375
CUST_03627,25,Retail,North America,SMB,13,1,Pro,99.0,25.38888888888889,35,0.05555555555555555,0.0,6.0,22.0,0.945,1.0,0.0,0.0
CUST_03628,29,Education,North America,SMB,6,0,Basic,29.0,20.428571428571427,10,0.14285714285714285,0.14285714285714285,7.0,23.0,0.71,1.0,0.0,0.0
CUST_03629,133,Education,North America,Mid-market,7,0,Enterprise,499.0,37.25,32,0.25,0.0,7.0,23.0,0.859,1.0,0.0,2.0
CUST_03630,194,Healthcare,North America,Mid-market,11,0,Pro,199.0,37.916666666666664,43,0.16666666666666666,0.08333333333333333,7.0,23.0,0.857,1.0,0.0,0.0
CUST_03631,1449,Technology,North America,Enterprise,6,0,Pro,299.0,70.71428571428571,33,0.2857142857142857,0.2857142857142857,7.0,23.0,0.424,1.0,3.5,3.5
CUST_03632,460,Retail,Asia-Pacific,Mid-market,22,0,Enterprise,499.0,44.0,67,0.30434782608695654,0.13043478260869565,7.0,23.0,0.523,1.0,0.0,1.643
CUST_03633,3926,Retail,Asia-Pacific,Enterprise,9,0,Enterprise,999.0,68.5,67,0.3,0.3,7.0,23.0,0.803,1.0,0.0,0.0
CUST_03634,26,Finance,North America,SMB,18,0,Pro,99.0,21.736842105263158,35,0.05263157894736842,0.05263157894736842,7.0,23.0,0.69,1.0,0.0,0.0
CUST_03635,298,Finance,Europe,Mid-market,21,1,Pro,199.0,36.75,83,0.25,0.16666666666666666,7.0,23.0,0.517,1.0,3.0,2.0
CUST_03636,45,Education,Latin America,SMB,17,0,Basic,29.0,26.77777777777778,37,0.2777777777777778,0.08333333333333333,7.0,23.0,0.485,1.0,0.0,0.0
CUST_03637,1338,Technology,North America,Enterprise,1,0,Pro,299.0,25.0,3,0.0,0.0,7.0,23.0,1.0,1.0,0.0,0.0
CUST_03638,3,Education,Europe,SMB,4,0,Basic,29.0,24.0,7,0.2,0.2,7.0,23.0,0.958,1.0,0.0,0.0
CUST_03639,3194,Retail,Asia-Pacific,Enterprise,16,0,Pro,299.0,69.76470588235294,103,0.29411764705882354,0.20588235294117646,7.0,23.0,0.717,1.0,0.0,0.0
CUST_03640,26,Healthcare,Europe,SMB,6,0,Basic,29.0,31.285714285714285,10,0.0,0.0,7.0,23.0,0.719,1.0,0.0,0.0
CUST_03641,21,E-commerce,North America,SMB,1,0,Basic,29.0,14.0,1,0.5,0.0,7.0,23.0,1.0,1.0,0.0,1.0
CUST_03642,31,Healthcare,North America,SMB,11,1,Basic,29.0,27.0,22,0.7857142857142857,0.0,7.0,23.0,0.667,1.0,0.0,0.0
CUST_03643,130,E-commerce,Asia-Pacific,Mid-market,3,1,Basic,49.0,27.25,10,0.0,0.0,7.0,23.0,0.807,1.0,0.0,0.0
CUST_03644,4766,Healthcare,North America,Enterprise,22,0,Enterprise,999.0,69.78260869565217,170,0.43478260869565216,0.2608695652173913,7.0,23.0,0.444,1.0,0.0,0.0
CUST_03645,25,Technology,Latin America,SMB,19,0,Pro,99.0,23.6,37,0.15,0.05,7.0,23.0,0.72,1.0,0.0,0.0
CUST_03646,279,Finance,Asia-Pacific,Mid-market,4,0,Basic,49.0,33.4,17,0.0,0.0,7.0,29.0,0.554,1.0,0.0,0.0
CUST_03647,1675,E-commerce,Europe,Enterprise,18,1,Enterprise,999.0,61.38095238095238,144,0.38095238095238093,0.3333333333333333,7.0,4.0,0.464,1.0,1.5,1.312
CUST_03648,28,Finance,Europe,SMB,19,0,Basic,29.0,27.7,30,0.15,0.05,7.0,23.0,0.469,1.0,0.0,3.333
CUST_03649,20,Technology,North America,SMB,8,1,Pro,99.0,25.77777777777778,14,0.1111111111111111,0.1111111111111111,7.0,23.0,0.543,1.0,0.0,0.0
CUST_03650,429,Retail,Europe,Mid-market,1,0,Basic,49.0,29.5,2,0.0,0.0,7.0,19.0,1.0,1.0,0.0,0.0
CUST_03651,44,Retail,Latin America,SMB,13,0,Pro,99.0,19.785714285714285,22,0.2857142857142857,0.03571428571428571,7.0,23.0,0.455,1.0,0.0,0.0
CUST_03652,94,Healthcare,Europe,Mid-market,18,0,Basic,49.0,44.1578947368421,63,0.2631578947368421,0.21052631578947367,7.0,18.0,0.555,1.0,2.375,1.9
CUST_03653,4977,E-commerce,Europe,Enterprise,8,0,Basic,99.0,61.666666666666664,51,0.3333333333333333,0.2222222222222222,7.0,23.0,0.714,1.0,2.25,1.5
CUST_03654,549,Healthcare,Latin America,Enterprise,1,0,Pro,299.0,50.0,5,0.0,0.0,7.0,23.0,1.0,1.0,0.0,0.0
CUST_03655,19,Education,Latin America,SMB,1,0,Pro,99.0,15.5,3,0.0,0.0,7.0,23.0,1.0,1.0,0.0,0.0
CUST_03656,25,Retail,North America,SMB,22,0,Pro,99.0,25.52173913043478,34,0.30434782608695654,0.10869565217391304,6.0,27.0,0.901,1.0,0.0,0.0
CUST_03657,9,Healthcare,Europe,SMB,14,0,Basic,29.0,24.066666666666666,22,0.06666666666666667,0.0,6.0,9.0,0.602,1.0,0.0,0.0
CUST_03658,273,Retail,Europe,Mid-market,17,0,Basic,49.0,37.666666666666664,54,0.2777777777777778,0.1111111111111111,7.0,23.0,0.677,1.0,0.0,1.8
CUST_03659,94,Healthcare,Asia-Pacific,Mid-market,12,0,Pro,199.0,40.84615384615385,51,0.5384615384615384,0.17948717948717946,7.0,23.0,0.282,1.0,0.0,0.0
CUST_03660,86,Technology,Asia-Pacific,Mid-market,11,0,Pro,199.0,39.166666666666664,36,0.16666666666666666,0.08333333333333333,7.0,23.0,0.472,1.0,0.0,0.0
CUST_03661,323,Finance,Latin America,Mid-market,22,0,Pro,199.0,42.04347826086956,75,0.5652173913043478,0.17391304347826086,7.0,23.0,0.797,1.0,2.875,0.885
CUST_03662,40,Technology,Latin America,SMB,15,0,Basic,29.0,28.25,34,0.25,0.125,7.0,23.0,0.513,1.0,0.0,2.0
CUST_03663,4023,Healthcare,Asia-Pacific,Enterprise,12,0,Enterprise,999.0,73.53846153846153,90,0.3076923076923077,0.23076923076923078,7.0,23.0,0.462,1.0,0.0,0.0
CUST_03664,29,Education,Europe,SMB,11,0,Basic,29.0,26.0,18,0.16666666666666666,0.08333333333333333,7.0,23.0,0.5,1.0,5.999,3.0
CUST_03665,4,E-commerce,Europe,SMB,2,1,Basic,29.0,14.0,8,0.0,0.0,7.0,23.0,1.25,1.0,0.0,0.0
CUST_03666,28,Finance,North America,SMB,11,0,Enterprise,299.0,23.083333333333332,23,0.08333333333333333,0.08333333333333333,7.0,23.0,0.693,1.0,0.0,0.0
CUST_03667,33,Education,Europe,SMB,4,0,Basic,29.0,26.0,5,0.2,0.2,7.0,23.0,0.75,1.0,0.0,0.0
CUST_03668,297,Finance,North America,Mid-market,14,0,Pro,199.0,40.266666666666666,51,0.4,0.16666666666666666,7.0,23.0,0.41,1.0,3.0,1.25
CUST_03669,35,Retail,Europe,SMB,19,0,Enterprise,299.0,28.05,33,0.2,0.1,7.0,23.0,0.517,1.0,0.0,2.5
CUST_03670,492,Education,Asia-Pacific,Mid-market,11,0,Pro,199.0,39.583333333333336,36,0.25,0.16666666666666666,8.0,28.0,0.619,1.0,0.0,0.0
CUST_03671,44,E-commerce,North America,SMB,9,0,Basic,29.0,22.2,18,0.3,0.0,7.0,23.0,1.059,1.0,0.0,1.667
CUST_03672,448,E-commerce,North America,Mid-market,17,1,Pro,199.0,37.55,79,0.2,0.15,7.0,23.0,0.666,1.0,0.0,0.0
CUST_03673,3,E-commerce,Europe,SMB,5,0,Pro,99.0,17.666666666666668,9,0.16666666666666666,0.0,7.0,23.0,0.34,1.0,0.0,3.0
CUST_03674,587,Technology,Latin America,Enterprise,0,0,Pro,299.0,31.0,3,0.0,0.0,7.0,23.0,1.0,1.0,0.0,0.0
CUST_03675,90,Education,North America,Mid-market,2,0,Pro,199.0,23.333333333333332,3,0.6666666666666666,0.3333333333333333,7.0,23.0,0.921,1.0,1.5,1.5
CUST_03676,280,Finance,Asia-Pacific,Mid-market,21,0,Pro,199.0,40.90909090909091,70,0.45454545454545453,0.10606060606060605,7.0,23.0,0.819,1.0,0.0,1.1
CUST_03677,47,Education,Europe,SMB,22,0,Basic,29.0,23.565217391304348,54,0.2608695652173913,0.13043478260869565,7.0,23.0,0.339,1.0,0.0,0.0
CUST_03678,31,Healthcare,Europe,SMB,2,1,Basic,29.0,12.6,3,0.0,0.0,7.0,23.0,0.952,1.0,0.0,0.0
CUST_03679,21,Technology,North America,SMB,5,1,Basic,29.0,16.0,8,0.16666666666666666,0.16666666666666666,7.0,23.0,0.812,1.0,0.0,0.0
CUST_03680,445,Education,North America,Mid-market,5,1,Basic,49.0,37.875,33,0.0,0.0,7.0,23.0,0.62,1.0,0.0,0.0
CUST_03681,16,Healthcare,North America,SMB,20,1,Basic,29.0,25.47826086956522,38,0.4782608695652174,0.2391304347826087,7.0,23.0,0.805,1.0,0.0,0.0
CUST_03682,35,Retail,North America,SMB,17,0,Basic,29.0,23.555555555555557,34,0.2777777777777778,0.1111111111111111,7.0,27.0,0.849,1.0,0.0,0.0
CUST_03683,4,Technology,North America,SMB,8,1,Basic,29.0,21.90909090909091,13,0.18181818181818182,0.0,7.0,23.0,0.776,1.0,0.0,2.75
CUST_03684,11,Retail,Europe,SMB,16,0,Basic,29.0,28.941176470588236,28,0.23529411764705882,0.11764705882352941,7.0,23.0,0.657,1.0,0.0,0.0
CUST_03685,358,Finance,Asia-Pacific,Mid-market,12,1,Basic,49.0,41.53846153846154,47,0.46153846153846156,0.11538461538461539,7.0,23.0,0.578,1.0,0.0,0.0
CUST_03686,2,Technology,Europe,SMB,3,0,Pro,99.0,16.25,10,0.25,0.0,7.0,23.0,0.8,1.0,0.0,2.0
CUST_03687,298,Healthcare,Europe,Mid-market,16,0,Basic,49.0,41.470588235294116,49,0.5294117647058824,0.29411764705882354,7.0,23.0,0.53,1.0,0.0,0.944
CUST_03688,123,E-commerce,North America,Mid-market,4,0,Basic,49.0,39.4,17,0.4,0.4,7.0,23.0,0.635,1.0,0.0,0.0
CUST_03689,459,E-commerce,Asia-Pacific,Mid-market,9,0,Basic,49.0,36.4,36,0.3,0.15,7.0,23.0,0.481,1.0,0.0,0.0
CUST_03690,31,Technology,Europe,SMB,1,1,Basic,29.0,13.0,5,0.5,0.0,7.0,23.0,1.0,1.0,0.0,1.0
CUST_03691,36,Healthcare,North America,SMB,6,1,Basic,29.0,21.142857142857142,13,0.2857142857142857,0.0,7.0,23.0,0.899,1.0,0.0,1.75
CUST_03692,31,Healthcare,North America,SMB,7,1,Basic,29.0,25.25,6,0.125,0.0,7.0,23.0,0.515,1.0,0.0,4.0
CUST_03693,142,Finance,Latin America,Mid-market,13,0,Basic,49.0,39.5,49,0.2857142857142857,0.14285714285714285,5.0,-6.0,0.392,1.0,0.0,1.75
CUST_03694,484,Finance,Europe,Mid-market,6,0,Enterprise,499.0,25.857142857142858,14,0.14285714285714285,0.0,7.0,23.0,0.87,1.0,0.0,3.5
CUST_03695,25,Education,North America,SMB,1,0,Pro,99.0,10.5,0,0.5,0.5,7.0,23.0,1.0,1.0,1.0,1.0
CUST_03696,468,Technology,Latin America,Mid-market,23,0,Basic,49.0,42.958333333333336,82,0.2916666666666667,0.14583333333333334,7.0,23.0,0.454,1.0,0.0,0.0
CUST_03697,2542,Education,Asia-Pacific,Enterprise,23,0,Enterprise,999.0,71.04166666666667,149,0.6666666666666666,0.375,7.0,23.0,0.479,1.0,1.333,2.25
CUST_03698,45,Healthcare,Asia-Pacific,SMB,19,0,Pro,99.0,27.15,34,0.05,0.05,7.0,23.0,0.792,1.0,0.0,0.0
CUST_03699,46,Healthcare,North America,SMB,1,0,Pro,99.0,14.5,2,0.0,0.0,7.0,23.0,1.0,1.0,0.0,0.0
CUST_03700,370,Education,North America,Mid-market,14,0,Enterprise,499.0,40.2,73,0.3333333333333333,0.13333333333333333,7.0,23.0,0.721,1.0,0.0,0.0
CUST_03701,45,Healthcare,Asia-Pacific,SMB,1,1,Basic,29.0,10.0,2,0.0,0.0,7.0,23.0,1.0,1.0,0.0,0.0
CUST_03702,7,Finance,North America,SMB,23,0,Basic,29.0,23.208333333333332,45,0.20833333333333334,0.16666666666666666,6.0,29.0,0.582,1.0,0.0,0.0
CUST_03703,22,Technology,Asia-Pacific,SMB,6,1,Pro,99.0,17.571428571428573,13,0.2857142857142857,0.14285714285714285,7.0,23.0,0.797,1.0,0.0,1.75
CUST_03704,458,Healthcare,North America,Mid-market,12,0,Basic,49.0,43.38461538461539,39,0.46153846153846156,0.2692307692307692,7.0,23.0,0.726,1.0,1.857,1.083
CUST_03705,21,Healthcare,Asia-Pacific,SMB,5,1,Pro,99.0,20.833333333333332,9,0.0,0.0,7.0,23.0,0.864,1.0,0.0,0.0
CUST_03706,2376,Education,Europe,Enterprise,1,0,Enterprise,999.0,37.5,11,0.5,0.0,7.0,23.0,1.0,1.0,0.0,1.0
CUST_03707,13,E-commerce,Asia-Pacific,SMB,4,0,Pro,99.0,16.2,6,0.0,0.0,7.0,23.0,0.648,1.0,0.0,0.0
CUST_03708,474,Retail,North America,Mid-market,8,1,Basic,49.0,31.636363636363637,32,0.45454545454545453,0.18181818181818182,7.0,23.0,0.948,1.0,0.0,1.1
CUST_03709,18,Education,Europe,SMB,13,0,Pro,99.0,24.928571428571427,12,0.14285714285714285,0.07142857142857142,8.0,23.0,0.862,1.0,6.999,3.5
CUST_03710,103,E-commerce,Europe,Mid-market,22,0,Basic,49.0,42.30434782608695,96,0.43478260869565216,0.2608695652173913,7.0,23.0,0.733,1.0,0.0,1.15
CUST_03711,453,Education,North America,Mid-market,6,1,Pro,199.0,41.714285714285715,17,0.42857142857142855,0.14285714285714285,7.0,23.0,0.683,1.0,3.5,1.167
CUST_03712,3000,Healthcare,Latin America,Enterprise,4,0,Basic,99.0,66.0,15,0.2,0.2,7.0,23.0,0.508,1.0,0.0,0.0
CUST_03713,36,Education,Europe,SMB,3,1,Basic,29.0,9.75,6,0.0,0.0,7.0,23.0,0.974,1.0,0.0,0.0
CUST_03714,2272,Finance,Europe,Enterprise,17,0,Enterprise,999.0,74.44444444444444,132,0.4444444444444444,0.2777777777777778,7.0,23.0,0.779,1.0,0.0,0.0
CUST_03715,6,Finance,North America,SMB,3,0,Pro,99.0,14.5,4,0.25,0.25,6.0,24.0,1.034,1.0,0.0,0.0
CUST_03716,48,Retail,Europe,SMB,1,0,Basic,29.0,15.0,1,0.0,0.0,7.0,23.0,1.0,1.0,0.0,0.0
CUST_03717,3643,Healthcare,North America,Enterprise,21,1,Basic,99.0,74.41666666666667,163,0.7916666666666666,0.40277777777777773,9.0,33.0,0.43,1.0,0.0,0.632
CUST_03718,154,Finance,North America,Mid-market,7,0,Enterprise,499.0,31.625,33,0.125,0.0,6.0,1.0,0.775,1.0,0.0,0.0
CUST_03719,33,Healthcare,North America,SMB,20,1,Basic,29.0,23.565217391304348,33,0.13043478260869565,0.043478260869565216,7.0,23.0,0.382,1.0,0.0,0.0
CUST_03720,1067,Technology,Latin America,Enterprise,13,0,Enterprise,999.0,59.642857142857146,97,0.42857142857142855,0.17857142857142858,7.0,23.0,0.511,1.0,0.0,0.0
CUST_03721,18,Education,Europe,SMB,2,0,Basic,29.0,12.333333333333334,2,0.6666666666666666,0.6666666666666666,7.0,23.0,1.014,1.0,0.75,0.75
CUST_03722,10,Technology,Europe,SMB,3,1,Basic,29.0,17.75,3,0.0,0.0,7.0,23.0,0.732,1.0,0.0,0.0
CUST_03723,11,Technology,Europe,SMB,0,0,Basic,29.0,18.0,1,0.0,0.0,7.0,23.0,1.0,1.0,0.0,0.0
CUST_03724,21,Technology,Europe,SMB,19,0,Basic,29.0,25.15,27,0.15,0.0,7.0,23.0,0.417,1.0,0.0,0.0
CUST_03725,22,Retail,Europe,SMB,9,0,Basic,29.0,23.4,14,0.1,0.0,7.0,23.0,0.47,1.0,0.0,5.0
CUST_03726,4,Retail,North America,SMB,12,0,Basic,29.0,25.923076923076923,17,0.15384615384615385,0.15384615384615385,7.0,23.0,0.27,1.0,0.0,0.0
CUST_03727,288,Retail,Asia-Pacific,Mid-market,2,0,Pro,199.0,26.0,10,0.6666666666666666,0.3333333333333333,7.0,23.0,1.269,1.0,0.0,0.75
CUST_03728,25,E-commerce,North America,SMB,19,0,Basic,29.0,25.3,31,0.4,0.05,7.0,23.0,0.455,1.0,9.998,1.25
CUST_03729,440,Finance,North America,Mid-market,2,0,Basic,49.0,20.75,9,0.0,0.0,8.0,28.0,1.06,1.0,0.0,0.0
CUST_03730,13,E-commerce,Latin America,SMB,15,0,Pro,99.0,22.5,25,0.125,0.0625,7.0,23.0,0.333,1.0,0.0,0.0
CUST_03731,206,Healthcare,Europe,Mid-market,6,0,Enterprise,499.0,33.0,14,0.14285714285714285,0.14285714285714285,9.0,46.0,1.091,1.0,0.0,0.0
CUST_03732,42,Healthcare,Asia-Pacific,SMB,2,1,Basic,29.0,9.666666666666666,5,0.3333333333333333,0.3333333333333333,7.0,23.0,1.086,1.0,1.5,1.5
CUST_03733,36,E-commerce,North America,SMB,2,0,Pro,99.0,13.333333333333334,5,0.0,0.0,7.0,23.0,0.937,1.0,0.0,0.0
CUST_03734,3155,Finance,Europe,Enterprise,22,1,Enterprise,999.0,67.92,162,0.16,0.12,9.0,39.0,0.449,1.0,0.0,0.0
CUST_03735,24,Technology,North America,SMB,0,0,Pro,99.0,25.0,3,0.0,0.0,7.0,23.0,1.0,1.0,0.0,0.0
CUST_03736,47,E-commerce,Europe,SMB,14,0,Basic,29.0,23.733333333333334,27,0.4666666666666667,0.13333333333333333,4.0,-17.0,0.548,1.0,0.0,0.0
CUST_03737,84,Finance,Latin America,Mid-market,7,1,Pro,199.0,34.875,28,0.125,0.125,9.0,25.0,0.774,1.0,4.0,4.0
CUST_03738,264,Healthcare,North America,Mid-market,23,0,Pro,199.0,41.333333333333336,89,0.20833333333333334,0.125,7.0,16.0,0.629,1.0,4.0,2.4
CUST_03739,46,E-commerce,North America,SMB,5,0,Basic,29.0,22.0,8,0.3333333333333333,0.0,7.0,23.0,1.091,1.0,0.0,0.0
CUST_03740,4761,Technology,North America,Enterprise,18,0,Basic,99.0,61.10526315789474,132,0.6842105263157895,0.39473684210526316,10.0,51.0,0.483,1.0,1.267,1.462
CUST_03741,34,Education,Asia-Pacific,SMB,16,0,Basic,29.0,18.764705882352942,29,0.29411764705882354,0.058823529411764705,6.0,18.0,0.693,1.0,0.0,0.0
CUST_03742,174,E-commerce,North America,Mid-market,22,1,Enterprise,499.0,44.36,79,0.44,0.4,5.0,-8.0,0.631,1.0,0.0,0.0
CUST_03743,4786,Retail,North America,Enterprise,8,0,Enterprise,999.0,57.888888888888886,49,1.2222222222222223,0.4722222222222222,7.0,23.0,0.639,1.0,1.853,2.455
CUST_03744,242,Technology,Asia-Pacific,Mid-market,2,0,Basic,49.0,23.666666666666668,7,0.0,0.0,7.0,23.0,0.824,1.0,0.0,0.0
CUST_03745,8,Technology,Asia-Pacific,SMB,18,0,Basic,29.0,27.526315789473685,30,0.3684210526315789,0.15789473684210525,6.0,3.0,0.69,1.0,0.0,0.0
CUST_03746,38,Healthcare,Asia-Pacific,SMB,9,1,Basic,29.0,24.0,11,0.0,0.0,7.0,23.0,0.687,1.0,0.0,0.0
CUST_03747,41,Technology,North America,SMB,23,0,Pro,99.0,26.708333333333332,35,0.20833333333333334,0.20833333333333334,8.0,17.0,0.693,1.0,0.0,0.0
CUST_03748,49,Education,North America,SMB,2,0,Pro,99.0,6.0,2,0.0,0.0,7.0,23.0,1.167,1.0,0.0,0.0
CUST_03749,2485,Healthcare,North America,Enterprise,9,0,Enterprise,999.0,62.7,65,0.7,0.5,7.0,23.0,0.797,1.0,1.0,0.714
CUST_03750,28,Retail,Latin America,SMB,16,0,Basic,29.0,24.058823529411764,30,0.17647058823529413,0.11764705882352941,7.0,23.0,0.582,1.0,0.0,0.0
CUST_03751,1077,Education,Europe,Enterprise,22,1,Basic,99.0,65.16,186,0.4,0.14,7.0,23.0,0.583,1.0,1.786,2.5
CUST_03752,22,Finance,Asia-Pacific,SMB,2,1,Basic,29.0,11.666666666666666,0,0.0,0.0,7.0,23.0,1.029,1.0,0.0,0.0
CUST_03753,15,Technology,North America,SMB,6,0,Basic,29.0,24.571428571428573,9,0.42857142857142855,0.0,7.0,23.0,0.733,1.0,0.0,0.0
CUST_03754,279,Finance,North America,Mid-market,5,1,Basic,49.0,48.375,24,0.125,0.125,7.0,23.0,0.558,1.0,4.0,4.0
CUST_03755,44,Healthcare,Latin America,SMB,13,0,Basic,29.0,28.642857142857142,23,0.21428571428571427,0.14285714285714285,7.0,23.0,0.541,1.0,3.5,2.333
CUST_03756,2444,Education,Asia-Pacific,Enterprise,21,0,Enterprise,999.0,64.36363636363636,152,0.5454545454545454,0.36363636363636365,7.0,23.0,0.645,1.0,1.375,0.917
CUST_03757,911,Healthcare,Europe,Enterprise,20,1,Enterprise,999.0,79.56,162,0.44,0.32,9.0,40.0,0.547,1.0,0.0,0.0
CUST_03758,45,Education,Europe,SMB,8,1,Basic,29.0,25.333333333333332,15,0.1111111111111111,0.0,7.0,23.0,0.632,1.0,0.0,0.0
CUST_03759,47,Retail,North America,SMB,12,1,Basic,29.0,21.153846153846153,27,0.46153846153846156,0.23076923076923078,7.0,23.0,0.591,1.0,0.0,1.083
CUST_03760,3867,Finance,North America,Enterprise,14,0,Enterprise,999.0,68.46666666666667,120,0.4,0.26666666666666666,7.0,23.0,0.898,1.0,3.75,2.5
CUST_03761,49,Technology,North America,SMB,2,0,Basic,29.0,17.0,2,0.0,0.0,7.0,23.0,0.971,1.0,0.0,0.0
CUST_03762,376,Education,Asia-Pacific,Mid-market,19,1,Pro,199.0,42.63636363636363,76,0.36363636363636365,0.2727272727272727,7.0,23.0,0.727,1.0,3.667,2.75
CUST_03763,23,Retail,North America,SMB,14,0,Pro,99.0,26.0,26,0.26666666666666666,0.06666666666666667,7.0,23.0,0.904,1.0,0.0,1.875
CUST_03764,18,Finance,Europe,SMB,0,0,Basic,29.0,22.0,1,0.0,0.0,7.0,23.0,1.0,1.0,0.0,0.0
CUST_03765,42,Retail,North America,SMB,3,0,Pro,99.0,17.25,5,0.0,0.0,6.0,-10.0,0.435,1.0,0.0,0.0
CUST_03766,373,Education,Europe,Mid-market,10,1,Basic,49.0,36.09090909090909,37,0.18181818181818182,0.18181818181818182,7.0,23.0,0.596,1.0,2.75,2.75
CUST_03767,2971,Healthcare,Asia-Pacific,Enterprise,0,0,Enterprise,999.0,62.0,5,0.0,0.0,7.0,23.0,1.0,1.0,0.0,0.0
CUST_03768,91,Retail,North America,Mid-market,7,0,Pro,199.0,31.125,16,0.125,0.125,7.0,23.0,0.916,1.0,0.0,0.0
CUST_03769,12,Finance,Latin America,SMB,6,1,Basic,29.0,17.571428571428573,10,0.7142857142857143,0.14285714285714285,4.0,8.0,0.882,1.0,0.0,0.0
CUST_03770,1074,E-commerce,North America,Enterprise,1,0,Enterprise,999.0,31.5,8,0.5,0.5,7.0,23.0,1.0,1.0,1.0,1.0
CUST_03771,1520,Technology,North America,Enterprise,16,0,Enterprise,999.0,65.11764705882354,99,0.35294117647058826,0.14705882352941177,7.0,23.0,0.783,1.0,3.4,1.417
CUST_03772,31,Education,Europe,SMB,8,0,Basic,29.0,24.444444444444443,11,0.2222222222222222,0.2222222222222222,7.0,23.0,0.327,1.0,0.0,0.0
CUST_03773,6,Healthcare,Europe,SMB,21,0,Basic,29.0,25.90909090909091,40,0.22727272727272727,0.09090909090909091,6.0,3.0,0.637,1.0,0.0,0.0
CUST_03774,10,Healthcare,Latin America,SMB,12,0,Pro,99.0,28.23076923076923,24,0.3076923076923077,0.23076923076923078,7.0,23.0,0.584,1.0,0.0,0.0
CUST_03775,2081,Finance,Asia-Pacific,Enterprise,6,1,Pro,299.0,75.33333333333333,61,0.3333333333333333,0.16666666666666666,7.0,23.0,0.591,1.0,0.0,0.0
CUST_03776,1464,E-commerce,Latin America,Enterprise,1,0,Enterprise,999.0,37.5,5,0.5,0.5,7.0,23.0,1.0,1.0,1.0,1.0
CUST_03777,1,Education,North America,SMB,7,0,Pro,99.0,26.5,8,0.25,0.125,7.0,23.0,0.491,1.0,4.0,2.0
CUST_03778,21,Retail,North America,SMB,17,0,Pro,99.0,25.166666666666668,32,0.2777777777777778,0.05555555555555555,7.0,23.0,0.894,1.0,8.998,1.8
CUST_03779,16,Education,Latin America,SMB,19,0,Basic,29.0,26.3,33,0.3,0.1,7.0,23.0,0.456,1.0,0.0,0.0
CUST_03780,2249,Retail,North America,Enterprise,21,0,Pro,299.0,62.45454545454545,150,0.5909090909090909,0.23863636363636365,7.0,23.0,0.889,1.0,0.0,0.0
CUST_03781,28,Education,North America,SMB,1,1,Basic,29.0,9.0,1,0.0,0.0,7.0,23.0,1.0,1.0,0.0,0.0
CUST_03782,307,Healthcare,North America,Mid-market,8,0,Pro,199.0,39.22222222222222,27,0.2222222222222222,0.1111111111111111,7.0,23.0,0.65,1.0,0.0,0.0
CUST_03783,22,Finance,Europe,SMB,11,0,Basic,29.0,24.0,27,0.3333333333333333,0.25,7.0,23.0,0.771,1.0,0.0,0.0
CUST_03784,37,Retail,Asia-Pacific,SMB,19,1,Basic,29.0,23.681818181818183,40,0.2727272727272727,0.045454545454545456,7.0,23.0,0.591,1.0,0.0,0.0
CUST_03785,3931,Healthcare,Europe,Enterprise,8,1,Enterprise,999.0,62.90909090909091,80,0.2727272727272727,0.2727272727272727,7.0,23.0,0.699,1.0,1.833,1.833
CUST_03786,442,Finance,Latin America,Mid-market,11,0,Pro,199.0,38.916666666666664,48,0.25,0.08333333333333333,8.0,30.0,0.45,1.0,0.0,0.0
CUST_03787,38,Technology,Latin America,SMB,8,1,Basic,29.0,19.77777777777778,16,0.4444444444444444,0.2222222222222222,7.0,23.0,0.657,1.0,2.25,1.125
CUST_03788,1285,Retail,North America,Enterprise,22,0,Enterprise,999.0,70.6086956521739,146,0.391304347826087,0.18840579710144925,9.0,35.0,0.8,1.0,0.0,0.0
CUST_03789,15,Finance,North America,SMB,6,1,Basic,29.0,19.0,8,0.1111111111111111,0.0,7.0,23.0,0.684,1.0,0.0,0.0
CUST_03790,48,Retail,Asia-Pacific,SMB,6,1,Pro,99.0,24.428571428571427,7,0.14285714285714285,0.0,7.0,23.0,0.757,1.0,0.0,0.0
CUST_03791,9,Technology,Asia-Pacific,SMB,22,0,Basic,29.0,24.0,45,0.21739130434782608,0.06521739130434782,7.0,37.0,0.354,1.0,3.833,4.6
CUST_03792,4,Healthcare,Asia-Pacific,SMB,0,0,Basic,29.0,19.0,0,0.0,0.0,7.0,23.0,1.0,1.0,0.0,0.0
CUST_03793,36,Technology,North America,SMB,10,0,Basic,29.0,23.90909090909091,15,0.2727272727272727,0.09090909090909091,7.0,23.0,0.711,1.0,0.0,0.0
CUST_03794,225,E-commerce,North America,Mid-market,15,0,Basic,49.0,37.25,43,0.125,0.125,7.0,23.0,0.577,1.0,0.0,0.0
CUST_03795,43,E-commerce,Europe,SMB,1,1,Basic,29.0,18.0,0,0.0,0.0,7.0,23.0,1.0,1.0,0.0,0.0
CUST_03796,8,Technology,Europe,SMB,18,0,Pro,99.0,21.31578947368421,31,0.0,0.0,7.0,23.0,0.586,1.0,0.0,0.0
CUST_03797,196,Finance,North America,Mid-market,6,0,Basic,49.0,27.714285714285715,18,0.14285714285714285,0.0,6.0,20.0,0.523,1.0,0.0,0.0
CUST_03798,10,E-commerce,Europe,SMB,6,0,Basic,29.0,22.0,9,0.2857142857142857,0.0,7.0,23.0,0.568,1.0,0.0,1.75
CUST_03799,47,Technology,North America,SMB,11,1,Enterprise,299.0,27.285714285714285,14,0.42857142857142855,0.07142857142857142,7.0,23.0,0.751,1.0,0.0,0.0
CUST_03800,30,E-commerce,Europe,SMB,21,1,Pro,99.0,25.833333333333332,49,0.16666666666666666,0.0,6.0,7.0,0.91,1.0,0.0,0.0
CUST_03801,2963,Education,Latin America,Enterprise,18,1,Enterprise,999.0,72.0952380952381,159,0.47619047619047616,0.40476190476190477,7.0,23.0,0.506,1.0,0.0,0.0
CUST_03802,41,Healthcare,North America,SMB,14,0,Pro,99.0,25.333333333333332,38,0.06666666666666667,0.0,7.0,23.0,0.75,1.0,0.0,0.0
CUST_03803,25,Technology,Europe,SMB,2,1,Basic,29.0,17.333333333333332,4,0.6666666666666666,0.3333333333333333,7.0,23.0,1.01,1.0,1.5,1.5
CUST_03804,37,Retail,North America,SMB,4,0,Pro,99.0,15.4,9,0.0,0.0,7.0,0.0,0.552,1.0,0.0,0.0
CUST_03805,16,Technology,Europe,SMB,22,1,Basic,29.0,24.08,48,0.2,0.04,7.0,23.0,0.81,1.0,0.0,2.5
CUST_03806,23,E-commerce,North America,SMB,7,0,Basic,29.0,19.875,14,0.625,0.125,7.0,23.0,0.327,1.0,2.0,2.4
CUST_03807,49,Healthcare,Asia-Pacific,SMB,18,0,Pro,99.0,23.105263157894736,29,0.3157894736842105,0.10526315789473684,6.0,11.0,0.563,1.0,0.0,1.583
CUST_03808,171,E-commerce,Latin America,Mid-market,7,0,Basic,49.0,36.75,28,0.25,0.125,7.0,23.0,0.612,1.0,0.0,0.0
CUST_03809,9,Finance,Europe,SMB,16,0,Pro,99.0,26.294117647058822,30,0.17647058823529413,0.11764705882352941,8.0,21.0,0.818,1.0,0.0,0.0
CUST_03810,47,Technology,Asia-Pacific,SMB,21,0,Basic,29.0,24.045454545454547,40,0.22727272727272727,0.09090909090909091,7.0,18.0,0.52,1.0,0.0,0.0
CUST_03811,3900,Retail,Europe,Enterprise,10,1,Basic,99.0,62.76923076923077,96,0.46153846153846156,0.38461538461538464,7.0,23.0,0.581,1.0,2.6,2.167
CUST_03812,17,Education,North America,SMB,11,0,Basic,29.0,18.75,18,0.25,0.08333333333333333,6.0,11.0,0.48,1.0,0.0,0.0
CUST_03813,397,Healthcare,Europe,Mid-market,1,1,Pro,199.0,28.0,3,0.5,0.0,7.0,23.0,1.0,1.0,0.0,1.0
CUST_03814,6,E-commerce,Europe,SMB,0,0,Basic,29.0,9.0,0,0.0,0.0,7.0,23.0,1.0,1.0,0.0,0.0
CUST_03815,6,Education,Europe,SMB,14,0,Basic,29.0,23.533333333333335,23,0.06666666666666667,0.0,7.0,23.0,0.765,1.0,0.0,0.0
CUST_03816,221,Retail,Europe,Mid-market,5,0,Pro,199.0,26.166666666666668,14,0.3333333333333333,0.0,7.0,23.0,0.783,1.0,0.0,0.0
CUST_03817,1169,Finance,Latin America,Enterprise,17,0,Enterprise,999.0,75.33333333333333,120,0.3888888888888889,0.25,7.0,17.0,0.584,1.0,2.0,1.286
CUST_03818,17,Healthcare,North America,SMB,15,0,Basic,29.0,25.75,35,0.0625,0.0,10.0,52.0,0.602,1.0,0.0,7.999
CUST_03819,3323,E-commerce,Asia-Pacific,Enterprise,4,0,Pro,299.0,50.0,40,1.2,0.5,7.0,23.0,0.7,1.0,0.5,0.833
CUST_03820,4394,Retail,North America,Enterprise,1,0,Pro,299.0,46.5,12,0.0,0.0,7.0,23.0,1.0,1.0,0.0,0.0
CUST_03821,14,E-commerce,North America,SMB,9,1,Pro,99.0,22.6,21,0.1,0.1,7.0,23.0,0.642,1.0,0.0,0.0
CUST_03822,457,E-commerce,North America,Mid-market,2,0,Enterprise,499.0,21.666666666666668,6,0.6666666666666666,0.6666666666666666,7.0,23.0,1.085,1.0,0.75,0.75
CUST_03823,32,Healthcare,North America,SMB,10,1,Enterprise,299.0,24.727272727272727,17,0.18181818181818182,0.0,7.0,23.0,0.849,1.0,0.0,0.0
CUST_03824,34,Healthcare,North America,SMB,0,0,Basic,29.0,8.0,1,0.0,0.0,7.0,23.0,1.0,1.0,0.0,0.0
CUST_03825,2880,Retail,North America,Enterprise,15,0,Basic,99.0,63.0625,104,0.375,0.21875,7.0,23.0,0.484,1.0,2.286,1.333
CUST_03826,7,Education,Latin America,SMB,8,0,Pro,99.0,19.11111111111111,15,0.0,0.0,7.0,23.0,0.89,1.0,0.0,0.0
CUST_03827,3793,Technology,Europe,Enterprise,2,0,Enterprise,999.0,28.333333333333332,9,0.0,0.0,7.0,23.0,1.2,1.0,0.0,0.0
CUST_03828,134,E-commerce,Latin America,Mid-market,1,0,Enterprise,499.0,32.0,7,0.0,0.0,7.0,23.0,1.0,1.0,0.0,0.0
CUST_03829,5,Healthcare,Asia-Pacific,SMB,6,0,Basic,29.0,20.714285714285715,13,0.42857142857142855,0.2857142857142857,7.0,23.0,0.772,1.0,0.0,1.167
CUST_03830,3493,Retail,North America,Enterprise,12,0,Enterprise,999.0,60.38461538461539,79,1.0,0.46153846153846156,7.0,23.0,0.754,1.0,2.167,1.5
CUST_03831,211,E-commerce,North America,Mid-market,8,0,Enterprise,499.0,41.44444444444444,37,0.3333333333333333,0.3333333333333333,7.0,23.0,0.651,1.0,1.5,1.5
CUST_03832,2,Retail,Asia-Pacific,SMB,2,1,Basic,29.0,18.333333333333332,1,0.0,0.0,7.0,23.0,1.227,1.0,0.0,0.0
CUST_03833,46,Retail,Asia-Pacific,SMB,20,0,Enterprise,299.0,24.523809523809526,33,0.19047619047619047,0.047619047619047616,7.0,25.0,0.489,1.0,0.0,0.0
CUST_03834,43,Healthcare,North America,SMB,14,0,Basic,29.0,22.066666666666666,20,0.13333333333333333,0.0,7.0,23.0,0.634,1.0,0.0,0.0
CUST_03835,45,Finance,Asia-Pacific,SMB,23,1,Pro,99.0,26.692307692307693,33,0.23076923076923078,0.1346153846153846,7.0,23.0,0.749,1.0,0.0,0.0
CUST_03836,1,E-commerce,Europe,SMB,18,0,Basic,29.0,26.473684210526315,31,0.3157894736842105,0.13157894736842105,7.0,34.0,0.51,1.0,0.0,0.0
CUST_03837,3014,Finance,North America,Enterprise,21,1,Enterprise,999.0,68.08333333333333,144,0.2916666666666667,0.1875,7.0,23.0,0.712,1.0,2.667,1.714
CUST_03838,3268,Technology,Asia-Pacific,Enterprise,14,0,Enterprise,999.0,67.13333333333334,96,0.5333333333333333,0.4666666666666667,9.0,21.0,0.477,1.0,1.071,0.937
CUST_03839,27,Retail,North America,SMB,0,0,Basic,29.0,12.0,0,1.0,0.0,7.0,23.0,1.0,1.0,0.0,1.0
CUST_03840,498,Finance,North America,Mid-market,22,0,Pro,199.0,42.0,85,0.391304347826087,0.1956521739130435,7.0,23.0,0.512,1.0,0.0,0.0
CUST_03841,34,Healthcare,Europe,SMB,3,1,Basic,29.0,20.75,5,0.25,0.0,7.0,23.0,0.675,1.0,0.0,2.0
CUST_03842,13,E-commerce,Europe,SMB,0,0,Basic,29.0,28.0,0,0.0,0.0,7.0,23.0,1.0,1.0,0.0,0.0
CUST_03843,9,Healthcare,Latin America,SMB,5,0,Basic,29.0,18.333333333333332,6,0.6666666666666666,0.16666666666666666,7.0,23.0,1.009,1.0,3.0,2.25
CUST_03844,4216,Education,Europe,Enterprise,6,0,Enterprise,999.0,57.714285714285715,42,0.14285714285714285,0.14285714285714285,7.0,23.0,0.745,1.0,0.0,0.0
CUST_03845,103,Healthcare,North America,Mid-market,6,1,Enterprise,499.0,32.285714285714285,16,0.5714285714285714,0.2857142857142857,8.0,34.0,0.527,1.0,1.75,0.875
CUST_03846,240,Finance,Latin America,Mid-market,4,1,Enterprise,499.0,27.285714285714285,17,0.8571428571428571,0.07142857142857142,7.0,23.0,0.843,1.0,0.0,0.583
CUST_03847,7,Retail,Europe,SMB,3,1,Basic,29.0,20.5,6,0.25,0.0,7.0,23.0,0.634,1.0,0.0,0.0
CUST_03848,217,Education,Europe,Mid-market,11,0,Enterprise,499.0,36.416666666666664,44,0.08333333333333333,0.08333333333333333,7.0,23.0,0.371,1.0,0.0,0.0
CUST_03849,43,Education,Europe,SMB,14,0,Basic,29.0,21.266666666666666,27,0.06666666666666667,0.0,6.0,-1.0,0.4,1.0,0.0,0.0
CUST_03850,10,Technology,Europe,SMB,3,1,Basic,29.0,12.5,2,0.0,0.0,7.0,23.0,0.64,1.0,0.0,0.0
CUST_03851,397,Retail,North America,Mid-market,10,0,Pro,199.0,44.63636363636363,36,0.18181818181818182,0.0,7.0,23.0,0.426,1.0,0.0,0.0
CUST_03852,39,Technology,Asia-Pacific,SMB,22,0,Basic,29.0,24.304347826086957,47,0.17391304347826086,0.0,7.0,19.0,0.638,1.0,0.0,0.0
CUST_03853,13,Retail,Latin America,SMB,17,1,Pro,99.0,23.6,20,0.15,0.0,7.0,13.0,0.72,1.0,0.0,0.0
CUST_03854,43,Retail,Latin America,SMB,5,1,Basic,29.0,21.166666666666668,8,0.16666666666666666,0.0,7.0,23.0,0.803,1.0,0.0,0.0
CUST_03855,34,Finance,Asia-Pacific,SMB,10,0,Basic,29.0,27.0,12,0.18181818181818182,0.0,7.0,23.0,0.611,1.0,0.0,0.0
CUST_03856,1654,Healthcare,North America,Enterprise,7,1,Enterprise,999.0,63.6,77,0.2,0.1,9.0,36.0,0.873,1.0,5.0,2.5
CUST_03857,1720,Technology,North America,Enterprise,6,1,Pro,299.0,67.28571428571429,40,0.14285714285714285,0.14285714285714285,8.0,11.0,0.513,1.0,0.0,0.0
CUST_03858,48,Technology,Latin America,SMB,20,0,Basic,29.0,27.095238095238095,41,0.09523809523809523,0.047619047619047616,8.0,27.0,0.424,1.0,0.0,5.249
CUST_03859,14,Finance,Latin America,SMB,23,1,Basic,29.0,25.653846153846153,45,0.11538461538461539,0.038461538461538464,7.0,23.0,0.643,1.0,0.0,4.333
CUST_03860,384,Healthcare,Europe,Mid-market,10,0,Basic,49.0,37.18181818181818,34,0.6363636363636364,0.2727272727272727,7.0,23.0,0.834,1.0,0.0,0.0
CUST_03861,7,E-commerce,North America,SMB,5,1,Basic,29.0,18.75,11,0.125,0.0,7.0,23.0,0.64,1.0,0.0,4.0
CUST_03862,34,Education,North America,SMB,9,0,Basic,29.0,23.1,15,0.3,0.0,7.0,23.0,0.519,1.0,0.0,1.667
CUST_03863,4,Finance,North America,SMB,7,1,Basic,29.0,24.375,16,0.125,0.0,7.0,23.0,0.513,1.0,0.0,4.0
CUST_03864,40,Healthcare,North America,SMB,12,0,Basic,29.0,20.307692307692307,20,0.15384615384615385,0.07692307692307693,7.0,23.0,0.665,1.0,0.0,0.0
CUST_03865,332,Retail,Asia-Pacific,Mid-market,1,0,Basic,49.0,14.5,4,0.0,0.0,7.0,23.0,1.0,1.0,0.0,0.0
CUST_03866,16,Technology,Latin America,SMB,2,1,Basic,29.0,15.666666666666666,3,0.0,0.0,7.0,23.0,0.798,1.0,0.0,0.0
CUST_03867,10,Healthcare,Europe,SMB,18,0,Basic,29.0,28.42105263157895,33,0.10526315789473684,0.0,7.0,23.0,0.897,1.0,0.0,0.0
CUST_03868,8,Healthcare,North America,SMB,1,0,Basic,29.0,13.0,1,0.0,0.0,7.0,23.0,1.0,1.0,0.0,0.0
CUST_03869,39,Technology,North America,SMB,0,0,Basic,29.0,20.0,1,0.0,0.0,7.0,23.0,1.0,1.0,0.0,0.0
CUST_03870,441,Finance,Latin America,Mid-market,2,0,Basic,49.0,17.333333333333332,16,0.0,0.0,7.0,23.0,1.154,1.0,0.0,0.0
CUST_03871,47,Healthcare,Asia-Pacific,SMB,15,0,Basic,29.0,23.5,27,0.125,0.0625,7.0,23.0,0.745,1.0,0.0,0.0
CUST_03872,48,Technology,Asia-Pacific,SMB,1,1,Basic,29.0,8.0,3,0.5,0.0,7.0,23.0,1.0,1.0,0.0,1.0
CUST_03873,42,Technology,Asia-Pacific,SMB,8,0,Basic,29.0,22.555555555555557,17,0.2222222222222222,0.1111111111111111,7.0,23.0,0.466,1.0,0.0,0.0
CUST_03874,4409,Education,Asia-Pacific,Enterprise,22,0,Pro,299.0,72.52173913043478,174,0.5652173913043478,0.1956521739130435,7.0,23.0,0.503,1.0,2.555,1.769
CUST_03875,154,Technology,North America,Mid-market,10,0,Basic,49.0,43.09090909090909,29,0.45454545454545453,0.36363636363636365,6.0,-1.0,0.592,1.0,0.0,0.0
CUST_03876,2252,Healthcare,Asia-Pacific,Enterprise,2,0,Basic,99.0,34.666666666666664,11,0.6666666666666666,0.6666666666666666,7.0,23.0,0.404,1.0,0.75,0.75
CUST_03877,15,Education,North America,SMB,9,1,Basic,29.0,24.7,18,0.1,0.0,7.0,23.0,0.445,1.0,0.0,0.0
CUST_03878,425,Healthcare,North America,Mid-market,21,0,Basic,49.0,44.86363636363637,82,0.22727272727272727,0.06818181818181818,7.0,23.0,0.435,1.0,3.666,4.4
CUST_03879,2,Retail,Europe,SMB,21,1,Pro,99.0,24.291666666666668,31,0.08333333333333333,0.08333333333333333,9.0,47.0,0.72,1.0,0.0,0.0
CUST_03880,105,Education,Europe,Mid-market,6,1,Basic,49.0,32.55555555555556,24,0.0,0.0,7.0,23.0,0.737,1.0,0.0,0.0
CUST_03881,2839,Finance,Latin America,Enterprise,1,0,Enterprise,999.0,50.0,11,0.5,0.5,7.0,23.0,1.0,1.0,1.0,1.0
CUST_03882,6,Finance,Europe,SMB,13,0,Basic,29.0,25.571428571428573,25,0.14285714285714285,0.07142857142857142,6.0,4.0,0.645,1.0,6.999,3.5
CUST_03883,310,Technology,Latin America,Mid-market,13,1,Basic,49.0,33.125,50,0.6875,0.40625,7.0,23.0,0.408,1.0,1.231,0.727
CUST_03884,11,Retail,Europe,SMB,12,0,Basic,29.0,25.846153846153847,23,0.15384615384615385,0.15384615384615385,7.0,23.0,0.812,1.0,0.0,0.0
CUST_03885,65,Finance,Asia-Pacific,Mid-market,12,0,Pro,199.0,41.0,44,0.07692307692307693,0.0,7.0,23.0,0.512,1.0,0.0,0.0
CUST_03886,381,Healthcare,Europe,Mid-market,14,0,Pro,199.0,38.6,41,0.3333333333333333,0.13333333333333333,7.0,23.0,0.583,1.0,0.0,0.0
CUST_03887,33,Technology,North America,SMB,20,0,Basic,29.0,24.428571428571427,39,0.14285714285714285,0.047619047619047616,7.0,23.0,1.044,1.0,0.0,0.0
CUST_03888,34,Finance,North America,SMB,4,0,Basic,29.0,16.0,8,0.2,0.0,7.0,23.0,0.531,1.0,0.0,2.5
CUST_03889,40,Healthcare,North America,SMB,9,1,Basic,29.0,25.071428571428573,20,0.35714285714285715,0.07142857142857142,7.0,23.0,0.379,1.0,0.0,2.8
CUST_03890,29,Healthcare,Latin America,SMB,11,0,Basic,29.0,26.916666666666668,19,0.25,0.08333333333333333,7.0,15.0,0.613,1.0,0.0,2.0
CUST_03891,8,Healthcare,Latin America,SMB,12,0,Basic,29.0,23.0,20,0.07692307692307693,0.07692307692307693,7.0,23.0,0.5,1.0,6.499,6.499
CUST_03892,470,Finance,North America,Mid-market,22,0,Pro,199.0,41.78260869565217,86,0.13043478260869565,0.08695652173913043,7.0,23.0,0.239,1.0,0.0,0.0
CUST_03893,303,Education,Europe,Mid-market,1,0,Pro,199.0,30.5,6,0.0,0.0,7.0,23.0,1.0,1.0,0.0,0.0
CUST_03894,38,Education,Asia-Pacific,SMB,0,0,Basic,29.0,13.0,1,0.0,0.0,7.0,23.0,1.0,1.0,0.0,0.0
CUST_03895,1,Technology,North America,SMB,2,0,Basic,29.0,10.0,5,0.0,0.0,6.0,3.0,1.2,1.0,0.0,0.0
CUST_03896,151,Retail,Europe,Mid-market,10,0,Basic,49.0,43.45454545454545,41,0.18181818181818182,0.18181818181818182,7.0,23.0,0.805,1.0,0.0,0.0
CUST_03897,27,Healthcare,Asia-Pacific,SMB,4,0,Basic,29.0,20.2,6,0.2,0.2,7.0,23.0,0.916,1.0,2.5,2.5
CUST_03898,31,E-commerce,Latin America,SMB,5,1,Basic,29.0,20.625,11,0.125,0.0,7.0,23.0,0.558,1.0,0.0,0.0
CUST_03899,30,Healthcare,Asia-Pacific,SMB,13,0,Enterprise,299.0,25.285714285714285,25,0.2857142857142857,0.10714285714285714,7.0,23.0,0.732,1.0,4.666,1.75
CUST_03900,215,Technology,Asia-Pacific,Mid-market,3,1,Pro,199.0,26.0,5,0.25,0.25,7.0,23.0,0.942,1.0,2.0,2.0
CUST_03901,5,Education,Europe,SMB,14,0,Basic,29.0,26.933333333333334,37,0.13333333333333333,0.06666666666666667,7.0,23.0,0.464,1.0,0.0,0.0
CUST_03902,45,Finance,Europe,SMB,2,1,Basic,29.0,19.666666666666668,4,0.3333333333333333,0.0,7.0,23.0,1.017,1.0,0.0,1.5
CUST_03903,32,Technology,North America,SMB,14,0,Pro,99.0,24.6,21,0.2,0.13333333333333333,7.0,23.0,0.528,1.0,0.0,0.0
CUST_03904,20,E-commerce,North America,SMB,7,1,Basic,29.0,26.625,14,0.125,0.125,6.0,13.0,0.714,1.0,0.0,0.0
CUST_03905,31,Education,Asia-Pacific,SMB,5,0,Basic,29.0,19.333333333333332,9,0.3333333333333333,0.16666666666666666,7.0,23.0,0.595,1.0,0.0,1.5
CUST_03906,37,Finance,North America,SMB,2,1,Basic,29.0,10.333333333333334,2,0.0,0.0,7.0,23.0,1.016,1.0,0.0,0.0
CUST_03907,13,Retail,North America,SMB,3,1,Basic,29.0,19.75,2,0.0,0.0,7.0,23.0,0.582,1.0,0.0,0.0
CUST_03908,10,Education,North America,SMB,1,1,Basic,29.0,13.0,0,0.0,0.0,7.0,23.0,1.0,1.0,0.0,0.0
CUST_03909,146,Finance,Latin America,Mid-market,20,0,Basic,49.0,41.523809523809526,82,0.5238095238095238,0.2857142857142857,7.0,10.0,0.566,1.0,0.0,0.955
CUST_03910,12,Retail,Europe,SMB,7,1,Basic,29.0,24.0,17,0.125,0.0,7.0,23.0,0.437,1.0,0.0,0.0
CUST_03911,2,Finance,Europe,SMB,12,1,Basic,29.0,25.076923076923077,31,0.15384615384615385,0.15384615384615385,7.0,23.0,0.379,1.0,0.0,0.0
CUST_03912,433,Technology,North America,Mid-market,1,0,Basic,49.0,14.0,2,0.0,0.0,7.0,23.0,1.0,1.0,0.0,0.0
CUST_03913,7,Finance,North America,SMB,18,1,Basic,29.0,24.19047619047619,32,0.5238095238095238,0.23809523809523808,7.0,23.0,0.537,1.0,0.0,0.0
CUST_03914,31,E-commerce,Latin America,SMB,8,0,Basic,29.0,20.88888888888889,16,0.2222222222222222,0.0,7.0,23.0,0.503,1.0,0.0,2.25
CUST_03915,42,Healthcare,North America,SMB,17,0,Basic,29.0,22.72222222222222,33,0.16666666666666666,0.05555555555555555,7.0,23.0,0.55,1.0,0.0,3.0
CUST_03916,17,E-commerce,North America,SMB,8,0,Basic,29.0,20.11111111111111,13,0.3333333333333333,0.1111111111111111,7.0,23.0,0.547,1.0,0.0,1.5
CUST_03917,39,Education,Latin America,SMB,6,0,Basic,29.0,20.285714285714285,9,0.0,0.0,7.0,23.0,0.665,1.0,0.0,0.0
CUST_03918,18,Retail,Europe,SMB,14,0,Basic,29.0,25.4,20,0.13333333333333333,0.06666666666666667,6.0,7.0,0.551,1.0,0.0,0.0
CUST_03919,76,Finance,North America,Mid-market,21,0,Pro,199.0,45.5,63,0.45454545454545453,0.18181818181818182,7.0,23.0,0.604,1.0,0.0,0.0
CUST_03920,17,Retail,Asia-Pacific,SMB,1,0,Pro,99.0,10.0,1,0.0,0.0,7.0,23.0,1.0,1.0,0.0,0.0
CUST_03921,31,Technology,Europe,SMB,9,1,Basic,29.0,25.6,11,0.6,0.4,7.0,23.0,0.684,1.0,1.25,0.833
CUST_03922,31,Finance,Latin America,SMB,6,1,Basic,29.0,23.571428571428573,14,0.42857142857142855,0.07142857142857142,7.0,23.0,0.467,1.0,0.0,0.0
CUST_03923,6,Healthcare,Latin America,SMB,1,0,Basic,29.0,22.5,2,0.0,0.0,7.0,23.0,1.0,1.0,0.0,0.0
CUST_03924,102,Education,Latin America,Mid-market,6,1,Pro,199.0,45.44444444444444,25,0.0,0.0,7.0,23.0,0.451,1.0,0.0,0.0
CUST_03925,312,Finance,North America,Mid-market,22,1,Basic,49.0,43.52,114,0.36,0.1,7.0,23.0,0.528,1.0,7.499,4.167
CUST_03926,3822,Healthcare,North America,Enterprise,8,0,Enterprise,999.0,62.111111111111114,73,0.3333333333333333,0.1111111111111111,7.0,23.0,0.773,1.0,0.0,0.0
CUST_03927,45,Healthcare,North America,SMB,2,0,Basic,29.0,16.333333333333332,5,0.6666666666666666,0.3333333333333333,7.0,23.0,1.102,1.0,1.5,0.75
CUST_03928,3492,Finance,Europe,Enterprise,8,0,Enterprise,999.0,63.111111111111114,74,0.3333333333333333,0.1111111111111111,9.0,21.0,0.768,1.0,4.5,3.0
CUST_03929,4138,Finance,North America,Enterprise,16,0,Enterprise,999.0,81.70588235294117,109,0.7058823529411765,0.4411764705882353,8.0,33.0,0.765,1.0,0.0,0.0
CUST_03930,5,Retail,North America,SMB,2,0,Basic,29.0,14.0,0,0.3333333333333333,0.0,7.0,23.0,1.036,1.0,0.0,1.5
CUST_03931,187,Technology,Asia-Pacific,Mid-market,5,0,Pro,199.0,26.666666666666668,24,0.16666666666666666,0.16666666666666666,7.0,23.0,0.9,1.0,3.0,3.0
CUST_03932,8,Finance,Asia-Pacific,SMB,8,1,Enterprise,299.0,21.444444444444443,21,0.2222222222222222,0.0,7.0,23.0,0.699,1.0,0.0,2.25
CUST_03933,15,Healthcare,Europe,SMB,1,0,Basic,29.0,17.5,3,0.0,0.0,7.0,23.0,1.0,1.0,0.0,0.0
CUST_03934,15,E-commerce,North America,SMB,3,0,Basic,29.0,19.0,8,0.0,0.0,7.0,5.0,0.868,1.0,0.0,0.0
CUST_03935,11,E-commerce,Europe,SMB,15,0,Pro,99.0,25.5,25,0.375,0.08333333333333333,7.0,23.0,0.451,1.0,2.0,4.0
CUST_03936,292,Retail,Latin America,Mid-market,3,0,Pro,199.0,20.25,11,0.25,0.0,7.0,23.0,0.864,1.0,0.0,0.0
CUST_03937,148,Technology,Europe,Mid-market,2,1,Basic,49.0,16.0,8,0.3333333333333333,0.3333333333333333,7.0,23.0,1.0,1.0,0.0,0.0
CUST_03938,330,Technology,North America,Mid-market,6,0,Basic,49.0,38.714285714285715,15,0.14285714285714285,0.14285714285714285,7.0,23.0,0.542,1.0,0.0,0.0
CUST_03939,358,Finance,Europe,Mid-market,22,0,Basic,49.0,40.47826086956522,88,0.17391304347826086,0.043478260869565216,7.0,23.0,0.692,1.0,11.497,2.875
CUST_03940,442,Healthcare,North America,Mid-market,10,0,Pro,199.0,38.09090909090909,46,0.09090909090909091,0.09090909090909091,7.0,23.0,0.368,1.0,0.0,0.0
CUST_03941,32,Finance,North America,SMB,1,1,Basic,29.0,15.0,1,0.0,0.0,7.0,23.0,1.0,1.0,0.0,0.0
CUST_03942,49,Finance,Asia-Pacific,SMB,10,0,Enterprise,299.0,20.363636363636363,27,0.36363636363636365,0.045454545454545456,7.0,23.0,0.491,1.0,0.0,0.0
CUST_03943,4,Healthcare,North America,SMB,0,0,Basic,29.0,11.0,3,0.0,0.0,7.0,23.0,1.0,1.0,0.0,0.0
CUST_03944,40,Technology,North America,SMB,23,1,Basic,29.0,22.785714285714285,53,0.17857142857142858,0.07142857142857142,6.0,6.0,0.505,1.0,0.0,0.0
CUST_03945,718,Finance,Latin America,Enterprise,20,0,Pro,299.0,71.71428571428571,155,0.47619047619047616,0.21428571428571427,7.0,23.0,0.669,1.0,0.0,0.0
CUST_03946,55,Technology,North America,Mid-market,7,0,Basic,49.0,35.75,34,0.125,0.125,9.0,50.0,0.769,1.0,0.0,0.0
CUST_03947,419,E-commerce,North America,Mid-market,1,1,Basic,49.0,31.5,5,0.5,0.0,7.0,23.0,1.0,1.0,0.0,1.0
CUST_03948,48,Education,North America,SMB,6,1,Enterprise,299.0,25.571428571428573,3,0.2857142857142857,0.0,8.0,6.0,0.528,1.0,0.0,0.0
CUST_03949,44,Education,Europe,SMB,7,1,Basic,29.0,26.25,14,0.0,0.0,7.0,36.0,0.495,1.0,0.0,0.0
CUST_03950,17,Retail,North America,SMB,7,1,Enterprise,299.0,24.25,18,0.5,0.1875,7.0,23.0,0.969,1.0,1.333,2.0
CUST_03951,13,Finance,Europe,SMB,16,0,Basic,29.0,26.058823529411764,30,0.17647058823529413,0.0,7.0,23.0,0.48,1.0,0.0,0.0
CUST_03952,21,E-commerce,Latin America,SMB,1,0,Basic,29.0,11.5,3,0.5,0.5,7.0,23.0,1.0,1.0,1.0,1.0
CUST_03953,28,Finance,Latin America,SMB,21,0,Basic,29.0,25.0,28,0.13636363636363635,0.045454545454545456,7.0,23.0,0.68,1.0,10.998,3.666
CUST_03954,3863,Finance,Asia-Pacific,Enterprise,16,0,Enterprise,999.0,62.470588235294116,102,0.47058823529411764,0.3235294117647059,7.0,23.0,0.624,1.0,0.0,0.0
CUST_03955,44,Retail,Latin America,SMB,14,0,Basic,29.0,28.666666666666668,29,0.06666666666666667,0.06666666666666667,7.0,23.0,0.523,1.0,0.0,0.0
CUST_03956,85,Finance,Latin America,Mid-market,23,0,Basic,49.0,47.541666666666664,103,0.6666666666666666,0.2638888888888889,10.0,58.0,0.684,1.0,1.895,1.5
CUST_03957,190,Education,Asia-Pacific,Mid-market,4,1,Basic,49.0,34.6,9,0.4,0.2,7.0,23.0,0.78,1.0,2.5,2.5
CUST_03958,268,Retail,Latin America,Mid-market,22,0,Basic,49.0,43.78260869565217,82,0.30434782608695654,0.17391304347826086,10.0,44.0,0.834,1.0,0.0,0.0
CUST_03959,45,E-commerce,Asia-Pacific,SMB,12,0,Basic,29.0,24.2,29,0.13333333333333333,0.0,7.0,23.0,0.93,1.0,0.0,0.0
CUST_03960,17,Retail,Asia-Pacific,SMB,15,0,Basic,29.0,23.4375,30,0.25,0.0625,6.0,26.0,0.469,1.0,0.0,6.0
CUST_03961,324,Retail,Europe,Mid-market,16,0,Pro,199.0,41.0,50,0.23529411764705882,0.11764705882352941,8.0,29.0,0.659,1.0,4.25,2.125
CUST_03962,11,Retail,Latin America,SMB,11,0,Basic,29.0,24.25,22,0.25,0.16666666666666666,7.0,23.0,1.093,1.0,3.0,2.0
CUST_03963,14,Finance,North America,SMB,2,0,Basic,29.0,18.666666666666668,1,0.0,0.0,7.0,23.0,0.83,1.0,0.0,0.0
CUST_03964,282,E-commerce,Europe,Mid-market,21,0,Pro,199.0,38.68181818181818,79,0.13636363636363635,0.045454545454545456,7.0,23.0,0.633,1.0,0.0,0.0
CUST_03965,2,E-commerce,North America,SMB,11,0,Basic,29.0,28.25,16,0.5,0.20833333333333334,7.0,23.0,0.743,1.0,0.0,0.0
CUST_03966,19,Technology,Asia-Pacific,SMB,8,1,Basic,29.0,20.444444444444443,14,0.0,0.0,7.0,23.0,0.685,1.0,0.0,0.0
CUST_03967,3253,Retail,Asia-Pacific,Enterprise,6,0,Basic,99.0,62.857142857142854,40,0.42857142857142855,0.21428571428571427,7.0,23.0,0.509,1.0,2.333,1.167
CUST_03968,39,Retail,North America,SMB,8,1,Pro,99.0,27.0,7,0.18181818181818182,0.09090909090909091,7.0,23.0,0.704,1.0,0.0,0.0
CUST_03969,27,Education,Asia-Pacific,SMB,18,0,Basic,29.0,22.36842105263158,30,0.10526315789473684,0.10526315789473684,10.0,46.0,0.514,1.0,0.0,0.0
CUST_03970,101,Healthcare,North America,Mid-market,0,0,Enterprise,499.0,12.0,0,1.0,0.0,7.0,23.0,1.0,1.0,0.0,1.0
CUST_03971,224,Healthcare,North America,Mid-market,11,1,Pro,199.0,32.0,50,0.07142857142857142,0.07142857142857142,7.0,23.0,0.672,1.0,0.0,0.0
CUST_03972,11,Finance,Europe,SMB,4,1,Basic,29.0,22.0,6,0.0,0.0,7.0,23.0,0.341,1.0,0.0,0.0
CUST_03973,310,E-commerce,Asia-Pacific,Mid-market,5,1,Enterprise,499.0,34.5,17,0.6666666666666666,0.0,7.0,23.0,0.725,1.0,0.0,1.5
CUST_03974,25,Education,Asia-Pacific,SMB,11,0,Basic,29.0,30.416666666666668,12,0.3333333333333333,0.0,7.0,23.0,0.625,1.0,0.0,1.5
CUST_03975,40,E-commerce,North America,SMB,7,0,Basic,29.0,22.5,12,0.125,0.0,7.0,23.0,0.711,1.0,0.0,0.0
CUST_03976,4,Technology,Europe,SMB,12,0,Basic,29.0,27.23076923076923,21,0.38461538461538464,0.0,7.0,23.0,0.734,1.0,0.0,0.0
CUST_03977,447,Education,Europe,Mid-market,6,0,Pro,199.0,43.57142857142857,14,0.5714285714285714,0.2857142857142857,7.0,23.0,0.757,1.0,1.75,0.875
CUST_03978,8,Retail,Latin America,SMB,3,1,Basic,29.0,21.5,5,0.25,0.0,7.0,23.0,0.86,1.0,0.0,2.0
CUST_03979,215,Education,North America,Mid-market,6,0,Pro,199.0,30.428571428571427,19,0.0,0.0,7.0,23.0,1.15,1.0,0.0,0.0
CUST_03980,4184,Education,Asia-Pacific,Enterprise,13,0,Enterprise,999.0,73.57142857142857,90,0.42857142857142855,0.35714285714285715,9.0,31.0,0.51,1.0,0.0,0.0
CUST_03981,15,E-commerce,North America,SMB,11,0,Pro,99.0,28.583333333333332,21,0.16666666666666666,0.0,7.0,23.0,0.665,1.0,0.0,3.0
CUST_03982,41,Healthcare,Europe,SMB,4,1,Basic,29.0,20.2,6,0.0,0.0,7.0,23.0,0.941,1.0,0.0,0.0
CUST_03983,2242,Education,North America,Enterprise,6,0,Enterprise,999.0,77.0,50,0.42857142857142855,0.2857142857142857,7.0,23.0,0.669,1.0,0.0,1.167
CUST_03984,122,Retail,North America,Mid-market,8,0,Enterprise,499.0,33.888888888888886,25,0.2222222222222222,0.0,7.0,23.0,0.546,1.0,0.0,0.0
CUST_03985,4,Retail,North America,SMB,11,0,Basic,29.0,21.083333333333332,20,0.25,0.16666666666666666,7.0,23.0,0.474,1.0,0.0,0.0
CUST_03986,12,Retail,Asia-Pacific,SMB,21,0,Pro,99.0,25.454545454545453,32,0.22727272727272727,0.11363636363636363,7.0,23.0,0.589,1.0,0.0,0.0
CUST_03987,414,Technology,Europe,Mid-market,8,0,Enterprise,499.0,37.55555555555556,34,0.3333333333333333,0.1111111111111111,7.0,23.0,0.879,1.0,4.5,3.0
CUST_03988,44,Healthcare,Europe,SMB,18,1,Basic,29.0,23.904761904761905,33,0.19047619047619047,0.09523809523809523,7.0,23.0,0.607,1.0,0.0,0.0
CUST_03989,48,Technology,Asia-Pacific,SMB,15,0,Basic,29.0,29.375,23,0.375,0.09375,7.0,23.0,0.374,1.0,0.0,0.0
CUST_03990,1556,Finance,Asia-Pacific,Enterprise,16,0,Pro,299.0,80.29411764705883,107,0.35294117647058826,0.17647058823529413,7.0,23.0,0.492,1.0,2.833,2.833
CUST_03991,45,Technology,Europe,SMB,17,0,Basic,29.0,27.166666666666668,27,0.05555555555555555,0.0,6.0,9.0,0.681,1.0,0.0,0.0
CUST_03992,1469,Retail,Latin America,Enterprise,2,0,Basic,99.0,25.0,18,0.3333333333333333,0.3333333333333333,7.0,23.0,0.82,1.0,1.5,1.5
CUST_03993,31,Technology,North America,SMB,11,1,Basic,29.0,26.25,20,0.25,0.0,7.0,23.0,1.01,1.0,0.0,2.0
CUST_03994,28,Finance,Latin America,SMB,3,1,Basic,29.0,12.666666666666666,2,0.0,0.0,7.0,23.0,1.105,1.0,0.0,0.0
CUST_03995,13,Retail,Europe,SMB,13,0,Basic,29.0,28.642857142857142,26,0.14285714285714285,0.07142857142857142,7.0,27.0,0.454,1.0,0.0,0.0
CUST_03996,246,Education,Europe,Mid-market,1,0,Pro,199.0,41.0,5,1.0,1.0,7.0,23.0,1.0,1.0,1.0,1.0
CUST_03997,172,Technology,North America,Mid-market,9,0,Pro,199.0,43.8,24,0.2,0.1,7.0,23.0,0.491,1.0,0.0,0.0
CUST_03998,1210,Healthcare,Europe,Enterprise,23,0,Enterprise,999.0,67.16666666666667,151,0.875,0.5125000000000001,7.0,4.0,0.61,1.0,1.951,1.143
CUST_03999,19,Healthcare,Latin America,SMB,19,1,Pro,99.0,24.227272727272727,26,0.13636363636363635,0.045454545454545456,9.0,35.0,0.64,1.0,0.0,3.666
CUST_04000,56,Technology,North America,Mid-market,6,0,Basic,49.0,31.428571428571427,13,0.8571428571428571,0.5,8.0,34.0,0.843,1.0,0.5,1.167
CUST_04001,363,Technology,Europe,Mid-market,12,0,Pro,199.0,34.15384615384615,58,0.07692307692307693,0.0,7.0,23.0,0.82,1.0,0.0,0.0
CUST_04002,3595,Finance,Latin America,Enterprise,14,1,Pro,299.0,69.36842105263158,131,1.2105263157894737,0.5789473684210527,7.0,23.0,0.742,1.0,0.0,0.413
CUST_04003,32,Retail,Latin America,SMB,2,0,Pro,99.0,8.0,1,0.6666666666666666,0.6666666666666666,7.0,23.0,1.25,1.0,0.75,0.75
CUST_04004,26,E-commerce,North America,SMB,7,0,Pro,99.0,15.0,9,0.375,0.0,7.0,23.0,0.833,1.0,0.0,1.333
CUST_04005,12,Finance,Latin America,SMB,11,0,Pro,99.0,20.583333333333332,15,0.08333333333333333,0.0,7.0,23.0,0.462,1.0,0.0,5.999
CUST_04006,7,Technology,Europe,SMB,8,1,Basic,29.0,26.88888888888889,13,0.3333333333333333,0.1111111111111111,5.0,-20.0,0.595,1.0,0.0,0.0
CUST_04007,25,Finance,North America,SMB,4,0,Basic,29.0,24.8,4,0.0,0.0,7.0,23.0,0.685,1.0,0.0,0.0
CUST_04008,41,Education,Latin America,SMB,6,0,Pro,99.0,18.857142857142858,12,0.42857142857142855,0.07142857142857142,7.0,23.0,1.14,1.0,3.5,2.333
CUST_04009,18,Finance,North America,SMB,10,1,Pro,99.0,21.09090909090909,14,0.18181818181818182,0.09090909090909091,7.0,23.0,0.948,1.0,0.0,0.0
CUST_04010,29,E-commerce,Latin America,SMB,21,0,Pro,99.0,23.545454545454547,36,0.18181818181818182,0.022727272727272728,7.0,23.0,0.743,1.0,0.0,0.0
CUST_04011,7,E-commerce,North America,SMB,12,0,Basic,29.0,26.8,25,0.2,0.06666666666666667,7.0,23.0,0.429,1.0,0.0,2.5
CUST_04012,43,Education,North America,SMB,3,0,Basic,29.0,22.25,2,0.0,0.0,7.0,23.0,0.944,1.0,0.0,0.0
CUST_04013,427,E-commerce,North America,Mid-market,8,0,Pro,199.0,42.888888888888886,29,0.3333333333333333,0.2222222222222222,7.0,23.0,0.653,1.0,0.0,0.0
CUST_04014,268,Healthcare,Latin America,Mid-market,18,0,Pro,199.0,41.26315789473684,79,0.47368421052631576,0.23684210526315788,7.0,23.0,0.582,1.0,4.222,2.111
CUST_04015,21,Finance,Asia-Pacific,SMB,16,1,Basic,29.0,23.095238095238095,42,0.23809523809523808,0.0,7.0,23.0,0.801,1.0,0.0,0.0
CUST_04016,432,Retail,North America,Mid-market,2,1,Pro,199.0,25.333333333333332,6,0.0,0.0,7.0,23.0,1.125,1.0,0.0,0.0
CUST_04017,30,Healthcare,Asia-Pacific,SMB,5,1,Pro,99.0,20.833333333333332,14,0.16666666666666666,0.0,7.0,23.0,0.504,1.0,0.0,0.0
CUST_04018,2692,Technology,Europe,Enterprise,13,0,Enterprise,999.0,56.0,101,0.5714285714285714,0.35714285714285715,7.0,21.0,0.759,1.0,1.4,0.875
CUST_04019,164,Education,Latin America,Mid-market,6,0,Basic,49.0,40.0,17,0.0,0.0,7.0,23.0,0.612,1.0,0.0,0.0
CUST_04020,23,Retail,Latin America,SMB,3,1,Pro,99.0,19.0,5,0.25,0.25,7.0,23.0,1.158,1.0,2.0,2.0
CUST_04021,13,Education,North America,SMB,9,0,Basic,29.0,20.9,16,0.0,0.0,7.0,23.0,0.311,1.0,0.0,0.0
CUST_04022,31,E-commerce,North America,SMB,11,0,Pro,99.0,20.5,16,0.16666666666666666,0.041666666666666664,9.0,29.0,0.585,1.0,0.0,0.0
CUST_04023,3925,Technology,North America,Enterprise,10,0,Enterprise,999.0,68.81818181818181,78,0.45454545454545453,0.2727272727272727,7.0,23.0,0.785,1.0,0.0,1.1
CUST_04024,195,Retail,Latin America,Mid-market,17,0,Basic,49.0,43.22222222222222,58,0.2222222222222222,0.1111111111111111,7.0,23.0,0.486,1.0,0.0,0.0
CUST_04025,1,Technology,North America,SMB,8,0,Basic,29.0,22.88888888888889,14,0.1111111111111111,0.1111111111111111,7.0,23.0,0.502,1.0,4.5,4.5
CUST_04026,4648,Technology,Asia-Pacific,Enterprise,20,0,Enterprise,999.0,78.04761904761905,132,0.5714285714285714,0.38095238095238093,7.0,23.0,0.788,1.0,0.0,0.875
CUST_04027,37,E-commerce,Latin America,SMB,15,0,Basic,29.0,23.9375,20,0.1875,0.125,7.0,23.0,0.627,1.0,0.0,0.0
CUST_04028,396,Education,Latin America,Mid-market,4,0,Pro,199.0,29.0,18,0.2,0.2,7.0,23.0,0.845,1.0,0.0,0.0
CUST_04029,1559,Technology,Latin America,Enterprise,8,1,Pro,299.0,72.44444444444444,43,0.2222222222222222,0.1111111111111111,7.0,23.0,0.511,1.0,0.0,0.0
CUST_04030,18,Retail,North America,SMB,16,0,Basic,29.0,20.529411764705884,25,0.11764705882352941,0.058823529411764705,8.0,29.0,0.511,1.0,8.499,8.499
CUST_04031,18,Education,North America,SMB,2,0,Basic,29.0,16.0,4,0.3333333333333333,0.0,7.0,23.0,1.0,1.0,0.0,1.5
CUST_04032,42,Healthcare,North America,SMB,20,1,Pro,99.0,22.73913043478261,36,0.391304347826087,0.13043478260869565,6.0,8.0,0.616,1.0,3.833,3.833
CUST_04033,3,Healthcare,Latin America,SMB,4,0,Basic,29.0,22.4,7,0.2,0.0,7.0,23.0,0.625,1.0,0.0,2.5
CUST_04034,319,E-commerce,Latin America,Mid-market,15,0,Pro,199.0,47.25,57,0.375,0.15625,9.0,32.0,0.688,1.0,0.0,0.0
CUST_04035,19,Education,North America,SMB,8,0,Basic,29.0,21.555555555555557,10,0.2222222222222222,0.0,7.0,23.0,0.719,1.0,0.0,0.0
CUST_04036,8,Technology,Latin America,SMB,2,1,Pro,99.0,14.666666666666666,3,0.0,0.0,7.0,23.0,0.989,1.0,0.0,0.0
CUST_04037,16,E-commerce,Europe,SMB,7,1,Basic,29.0,23.0,26,0.3,0.1,7.0,23.0,0.522,1.0,0.0,0.0
CUST_04038,36,Education,North America,SMB,5,0,Basic,29.0,19.833333333333332,8,0.3333333333333333,0.16666666666666666,7.0,23.0,0.908,1.0,0.0,0.0
CUST_04039,46,E-commerce,North America,SMB,9,0,Pro,99.0,22.3,15,0.1,0.0,5.0,2.0,0.493,1.0,0.0,0.0
CUST_04040,44,E-commerce,Asia-Pacific,SMB,7,0,Basic,29.0,24.0,17,0.25,0.0,7.0,23.0,0.646,1.0,0.0,4.0
CUST_04041,16,Retail,North America,SMB,20,0,Basic,29.0,25.857142857142858,33,0.14285714285714285,0.09523809523809523,7.0,23.0,0.619,1.0,5.249,3.5
CUST_04042,8,Finance,Asia-Pacific,SMB,18,0,Pro,99.0,26.05263157894737,31,0.10526315789473684,0.05263157894736842,7.0,23.0,0.384,1.0,0.0,4.75
CUST_04043,222,Technology,North America,Mid-market,2,0,Pro,199.0,26.333333333333332,7,0.6666666666666666,0.3333333333333333,7.0,23.0,1.158,1.0,0.0,0.75
CUST_04044,449,Healthcare,North America,Mid-market,13,0,Pro,199.0,39.785714285714285,60,0.35714285714285715,0.14285714285714285,7.0,23.0,0.478,1.0,0.0,0.0
CUST_04045,111,Retail,North America,Mid-market,22,0,Basic,49.0,45.65217391304348,86,0.2608695652173913,0.21739130434782608,9.0,58.0,0.679,1.0,2.3,1.917
CUST_04046,15,Technology,Latin America,SMB,10,0,Pro,99.0,22.636363636363637,17,0.18181818181818182,0.0,7.0,40.0,0.618,1.0,0.0,0.0
CUST_04047,319,Retail,Europe,Mid-market,16,0,Pro,199.0,39.94117647058823,64,0.17647058823529413,0.11764705882352941,10.0,49.0,0.513,1.0,4.25,2.833
CUST_04048,20,Technology,Europe,SMB,16,0,Basic,29.0,27.41176470588235,26,0.17647058823529413,0.029411764705882353,7.0,23.0,0.438,1.0,0.0,0.0
CUST_04049,49,Technology,Europe,SMB,9,0,Basic,29.0,18.1,13,0.1,0.0,7.0,23.0,0.58,1.0,0.0,0.0
CUST_04050,126,E-commerce,Asia-Pacific,Mid-market,1,0,Enterprise,499.0,15.0,5,1.0,1.0,7.0,23.0,1.0,1.0,1.0,1.0
CUST_04051,8,Technology,Asia-Pacific,SMB,20,0,Pro,99.0,23.095238095238095,34,0.14285714285714285,0.0,7.0,37.0,0.693,1.0,0.0,0.0
CUST_04052,461,Education,North America,Mid-market,13,0,Pro,199.0,42.07142857142857,48,0.21428571428571427,0.07142857142857142,7.0,23.0,0.582,1.0,0.0,2.333
CUST_04053,16,Education,North America,SMB,11,1,Pro,99.0,26.857142857142858,27,0.07142857142857142,0.0,7.0,23.0,0.745,1.0,0.0,0.0
CUST_04054,103,E-commerce,Asia-Pacific,Mid-market,18,0,Basic,49.0,42.89473684210526,60,0.3157894736842105,0.15789473684210525,9.0,40.0,0.851,1.0,0.0,0.0
CUST_04055,81,Technology,Latin America,Mid-market,12,1,Basic,49.0,42.8235294117647,56,0.17647058823529413,0.11764705882352941,7.0,23.0,0.736,1.0,0.0,0.0
CUST_04056,26,Technology,Europe,SMB,10,0,Basic,29.0,23.545454545454547,17,0.09090909090909091,0.0,7.0,23.0,0.467,1.0,0.0,0.0
CUST_04057,13,Finance,Europe,SMB,7,1,Basic,29.0,27.125,10,0.125,0.0,7.0,23.0,0.369,1.0,0.0,0.0
CUST_04058,2,E-commerce,Europe,SMB,7,0,Pro,99.0,21.75,12,0.125,0.125,7.0,23.0,0.552,1.0,0.0,0.0
CUST_04059,188,Healthcare,North America,Mid-market,12,1,Enterprise,499.0,46.76923076923077,44,0.38461538461538464,0.11538461538461539,6.0,21.0,0.556,1.0,4.333,1.3
CUST_04060,24,E-commerce,North America,SMB,0,0,Pro,99.0,14.0,1,0.0,0.0,7.0,23.0,1.0,1.0,0.0,0.0
CUST_04061,2446,Technology,North America,Enterprise,22,0,Enterprise,999.0,72.95652173913044,158,0.43478260869565216,0.2608695652173913,7.0,23.0,0.713,1.0,0.0,0.0
CUST_04062,11,Technology,North America,SMB,15,0,Basic,29.0,26.8125,28,0.3125,0.0625,7.0,23.0,0.429,1.0,0.0,0.0
CUST_04063,19,Finance,Europe,SMB,0,0,Basic,29.0,8.0,0,0.0,0.0,7.0,23.0,1.0,1.0,0.0,0.0
CUST_04064,43,Technology,Asia-Pacific,SMB,3,0,Basic,29.0,17.0,4,0.0,0.0,7.0,23.0,0.647,1.0,0.0,0.0
CUST_04065,4517,Technology,Asia-Pacific,Enterprise,2,0,Enterprise,999.0,29.0,13,0.0,0.0,7.0,23.0,1.121,1.0,0.0,0.0
CUST_04066,14,Education,Asia-Pacific,SMB,1,1,Basic,29.0,19.0,1,0.5,0.0,7.0,23.0,1.0,1.0,0.0,1.0
CUST_04067,10,Technology,North America,SMB,4,0,Basic,29.0,14.6,6,0.2,0.2,7.0,23.0,0.822,1.0,2.5,2.5
CUST_04068,1966,Education,North America,Enterprise,19,0,Enterprise,999.0,63.95,142,0.4,0.25,7.0,23.0,0.453,1.0,2.0,1.25
CUST_04069,12,Finance,North America,SMB,12,1,Basic,29.0,25.466666666666665,21,0.26666666666666666,0.0,7.0,23.0,0.628,1.0,0.0,0.0
CUST_04070,400,E-commerce,Europe,Mid-market,9,0,Pro,199.0,35.0,37,0.3,0.1,7.0,23.0,0.657,1.0,0.0,3.333
CUST_04071,1129,Healthcare,North America,Enterprise,20,0,Pro,299.0,74.71428571428571,131,0.47619047619047616,0.2619047619047619,7.0,23.0,0.341,1.0,1.909,1.05
CUST_04072,9,Retail,Europe,SMB,8,0,Basic,29.0,23.444444444444443,13,0.2222222222222222,0.1111111111111111,7.0,23.0,0.789,1.0,0.0,0.0
CUST_04073,2915,Technology,Asia-Pacific,Enterprise,13,0,Enterprise,999.0,66.78571428571429,103,0.2857142857142857,0.21428571428571427,7.0,23.0,0.472,1.0,0.0,0.0
CUST_04074,14,E-commerce,North America,SMB,13,0,Basic,29.0,26.5,27,0.21428571428571427,0.03571428571428571,7.0,9.0,0.698,1.0,0.0,0.0
CUST_04075,43,Technology,Asia-Pacific,SMB,11,0,Basic,29.0,28.166666666666668,25,0.4166666666666667,0.125,7.0,23.0,0.675,1.0,4.0,1.2
CUST_04076,37,E-commerce,Europe,SMB,6,1,Basic,29.0,16.666666666666668,18,0.5555555555555556,0.5555555555555556,7.0,23.0,0.96,1.0,0.9,0.9
CUST_04077,1495,Retail,North America,Enterprise,21,0,Enterprise,999.0,69.04545454545455,187,0.6818181818181818,0.25757575757575757,7.0,23.0,0.637,1.0,1.941,0.733
CUST_04078,10,Technology,North America,SMB,9,1,Basic,29.0,20.0,21,0.1,0.1,8.0,8.0,0.425,1.0,0.0,0.0
CUST_04079,373,Finance,North America,Mid-market,19,1,Pro,199.0,43.36363636363637,69,0.2727272727272727,0.18181818181818182,7.0,23.0,0.438,1.0,2.75,3.667
CUST_04080,902,Finance,North America,Enterprise,23,0,Pro,299.0,71.75,156,0.5,0.23611111111111108,8.0,39.0,0.613,1.0,2.118,1.0
CUST_04081,12,Finance,North America,SMB,13,0,Pro,99.0,24.571428571428573,23,0.35714285714285715,0.0,7.0,23.0,0.529,1.0,0.0,1.4
CUST_04082,26,Education,Asia-Pacific,SMB,6,0,Pro,99.0,26.142857142857142,12,0.14285714285714285,0.14285714285714285,6.0,2.0,0.516,1.0,3.5,3.5
CUST_04083,39,E-commerce,North America,SMB,2,0,Basic,29.0,16.0,5,0.0,0.0,7.0,23.0,0.812,1.0,0.0,0.0
CUST_04084,46,E-commerce,Europe,SMB,10,1,Pro,99.0,20.615384615384617,26,0.07692307692307693,0.0,7.0,23.0,0.922,1.0,0.0,0.0
CUST_04085,37,Retail,Europe,SMB,0,0,Basic,29.0,8.0,2,0.0,0.0,7.0,23.0,1.0,1.0,0.0,0.0
CUST_04086,385,Retail,North America,Mid-market,3,0,Pro,199.0,33.5,9,0.25,0.25,7.0,23.0,0.985,1.0,0.0,0.0
CUST_04087,23,E-commerce,Asia-Pacific,SMB,6,1,Basic,29.0,18.857142857142858,13,0.2857142857142857,0.14285714285714285,7.0,23.0,0.795,1.0,0.0,1.75
CUST_04088,14,Technology,North America,SMB,5,0,Basic,29.0,24.166666666666668,9,0.5,0.0,7.0,23.0,0.683,1.0,0.0,1.0
CUST_04089,76,Retail,North America,Mid-market,12,0,Pro,199.0,37.76923076923077,45,0.3076923076923077,0.23076923076923078,7.0,23.0,0.662,1.0,2.167,3.25
CUST_04090,12,Technology,Europe,SMB,22,0,Basic,29.0,23.26086956521739,41,0.08695652173913043,0.0,7.0,23.0,0.645,1.0,0.0,0.0
CUST_04091,22,Finance,Asia-Pacific,SMB,2,1,Basic,29.0,15.333333333333334,1,0.0,0.0,7.0,23.0,0.75,1.0,0.0,0.0
CUST_04092,38,Retail,Latin America,SMB,5,0,Basic,29.0,27.833333333333332,4,0.0,0.0,7.0,23.0,0.844,1.0,0.0,0.0
CUST_04093,303,Education,Europe,Mid-market,11,1,Pro,199.0,41.0,48,0.08333333333333333,0.08333333333333333,7.0,23.0,0.671,1.0,0.0,0.0
CUST_04094,425,Retail,Asia-Pacific,Mid-market,2,0,Enterprise,499.0,17.333333333333332,5,0.3333333333333333,0.0,7.0,23.0,1.24,1.0,0.0,1.5
CUST_04095,35,Healthcare,North America,SMB,21,1,Basic,29.0,25.125,47,0.4166666666666667,0.25,7.0,23.0,0.776,1.0,2.0,1.2
CUST_04096,8,Finance,Latin America,SMB,19,1,Basic,29.0,24.833333333333332,41,0.375,0.20833333333333334,5.0,9.0,0.685,1.0,2.4,2.667
CUST_04097,45,Education,Europe,SMB,22,0,Basic,29.0,25.17391304347826,34,0.30434782608695654,0.043478260869565216,7.0,23.0,0.516,1.0,0.0,1.643
CUST_04098,28,Finance,North America,SMB,17,0,Basic,29.0,25.833333333333332,42,0.2222222222222222,0.16666666666666666,6.0,25.0,0.639,1.0,0.0,2.25
CUST_04099,424,Healthcare,North America,Mid-market,10,0,Basic,49.0,46.90909090909091,32,0.18181818181818182,0.09090909090909091,8.0,32.0,0.735,1.0,0.0,2.75
CUST_04100,20,Healthcare,Europe,SMB,4,0,Basic,29.0,20.6,8,0.0,0.0,7.0,23.0,0.752,1.0,0.0,0.0
CUST_04101,14,Finance,North America,SMB,11,1,Basic,29.0,25.714285714285715,21,0.07142857142857142,0.07142857142857142,7.0,23.0,0.642,1.0,6.999,6.999
CUST_04102,1164,Healthcare,Europe,Enterprise,0,0,Enterprise,999.0,46.0,4,0.0,0.0,7.0,23.0,1.0,1.0,0.0,0.0
CUST_04103,81,Retail,Europe,Mid-market,16,0,Basic,49.0,41.705882352941174,60,0.11764705882352941,0.0,7.0,23.0,0.539,1.0,0.0,0.0
CUST_04104,36,Finance,Europe,SMB,9,0,Pro,99.0,24.9,23,0.1,0.0,6.0,9.0,0.964,1.0,0.0,0.0
CUST_04105,22,Education,Europe,SMB,5,0,Basic,29.0,17.166666666666668,5,0.5,0.3333333333333333,7.0,23.0,0.291,1.0,0.0,1.0
CUST_04106,37,Healthcare,North America,SMB,3,0,Basic,29.0,18.5,8,0.0,0.0,7.0,23.0,0.73,1.0,0.0,0.0
CUST_04107,296,Education,North America,Mid-market,1,0,Pro,199.0,22.5,5,1.0,0.25,7.0,23.0,1.0,1.0,1.0,1.0
CUST_04108,8,Education,Latin America,SMB,7,0,Basic,29.0,24.0,14,0.125,0.125,7.0,23.0,0.687,1.0,0.0,0.0
CUST_04109,36,Finance,Europe,SMB,9,0,Basic,29.0,22.2,11,0.0,0.0,7.0,23.0,0.788,1.0,0.0,0.0
CUST_04110,3676,Technology,Asia-Pacific,Enterprise,21,0,Enterprise,999.0,74.04545454545455,157,0.6363636363636364,0.4772727272727273,7.0,23.0,0.763,1.0,0.0,0.0
CUST_04111,22,Education,Asia-Pacific,SMB,7,1,Basic,29.0,21.5,13,0.25,0.25,7.0,23.0,0.884,1.0,0.0,0.0
CUST_04112,27,Retail,Europe,SMB,7,1,Pro,99.0,20.0,15,0.375,0.375,7.0,23.0,0.7,1.0,2.667,2.667
CUST_04113,297,Healthcare,North America,Mid-market,15,0,Pro,199.0,44.625,64,0.375,0.125,7.0,23.0,0.616,1.0,0.0,0.0
CUST_04114,387,E-commerce,North America,Mid-market,18,1,Pro,199.0,47.523809523809526,74,0.7142857142857143,0.3492063492063492,7.0,23.0,0.421,1.0,0.0,1.4
CUST_04115,48,Education,Europe,SMB,5,1,Basic,29.0,19.625,8,0.125,0.0,7.0,23.0,0.535,1.0,0.0,4.0
CUST_04116,8,E-commerce,North America,SMB,6,1,Basic,29.0,22.142857142857142,6,0.14285714285714285,0.0,7.0,23.0,0.723,1.0,0.0,0.0
CUST_04117,2390,Education,North America,Enterprise,9,0,Enterprise,999.0,55.1,65,0.7,0.31666666666666665,7.0,23.0,0.644,1.0,1.579,0.714
CUST_04118,27,Education,Latin America,SMB,7,0,Basic,29.0,22.25,10,0.125,0.0,6.0,21.0,0.697,1.0,0.0,0.0
CUST_04119,378,Technology,Asia-Pacific,Mid-market,8,0,Basic,49.0,34.77777777777778,31,0.4444444444444444,0.2222222222222222,7.0,23.0,0.417,1.0,0.0,0.0
CUST_04120,34,Healthcare,North America,SMB,1,0,Basic,29.0,11.5,5,1.0,0.25,7.0,23.0,1.0,1.0,1.0,1.0
CUST_04121,34,Finance,North America,SMB,22,0,Basic,29.0,28.52173913043478,31,0.5217391304347826,0.2826086956521739,7.0,23.0,0.526,1.0,0.0,0.0
CUST_04122,183,Finance,North America,Mid-market,9,1,Basic,49.0,31.1,33,0.2,0.1,7.0,23.0,0.707,1.0,0.0,0.0
CUST_04123,3317,Education,North America,Enterprise,1,0,Enterprise,999.0,29.0,8,1.0,0.5,7.0,23.0,1.0,1.0,1.0,1.0
CUST_04124,352,Education,Europe,Mid-market,2,0,Enterprise,499.0,33.333333333333336,10,0.0,0.0,7.0,23.0,0.975,1.0,0.0,0.0
CUST_04125,2523,Education,Europe,Enterprise,20,1,Enterprise,999.0,85.04347826086956,166,0.5217391304347826,0.30434782608695654,9.0,44.0,0.629,1.0,1.643,1.917
CUST_04126,3093,Education,Europe,Enterprise,22,1,Pro,299.0,76.92,186,0.36,0.22,7.0,23.0,0.338,1.0,2.273,1.389
CUST_04127,9,Retail,North America,SMB,4,1,Basic,29.0,17.0,7,0.0,0.0,7.0,23.0,0.471,1.0,0.0,0.0
CUST_04128,262,Technology,North America,Mid-market,6,0,Basic,49.0,33.0,15,0.2857142857142857,0.14285714285714285,7.0,23.0,0.636,1.0,3.5,1.75
CUST_04129,2204,Finance,North America,Enterprise,5,1,Pro,299.0,39.375,37,0.0,0.0,10.0,53.0,0.825,1.0,0.0,0.0
CUST_04130,107,E-commerce,North America,Mid-market,13,0,Pro,199.0,36.357142857142854,47,0.2857142857142857,0.07142857142857142,7.0,23.0,0.798,1.0,0.0,1.75
CUST_04131,4863,Healthcare,Europe,Enterprise,20,1,Pro,299.0,80.4,148,0.48,0.2,8.0,28.0,0.616,1.0,0.0,0.0
CUST_04132,498,Education,North America,Mid-market,2,1,Basic,49.0,19.0,8,0.8,0.8,7.0,23.0,0.947,1.0,0.625,0.625
CUST_04133,65,Healthcare,Latin America,Mid-market,11,1,Basic,49.0,40.75,67,0.25,0.125,7.0,23.0,0.613,1.0,0.0,0.0
CUST_04134,2892,Retail,Latin America,Enterprise,20,0,Basic,99.0,71.57142857142857,126,0.47619047619047616,0.30952380952380953,7.0,23.0,0.51,1.0,3.231,2.1
CUST_04135,488,Healthcare,Latin America,Mid-market,9,0,Basic,49.0,39.3,35,0.1,0.1,7.0,23.0,0.42,1.0,0.0,0.0
CUST_04136,11,Retail,Asia-Pacific,SMB,1,1,Pro,99.0,14.0,1,1.0,0.25,7.0,23.0,1.0,1.0,1.0,1.0
CUST_04137,4,E-commerce,North America,SMB,14,1,Pro,99.0,31.263157894736842,24,0.3157894736842105,0.02631578947368421,7.0,23.0,0.704,1.0,0.0,0.0
CUST_04138,3273,Retail,North America,Enterprise,21,0,Enterprise,999.0,65.95454545454545,152,0.3181818181818182,0.18181818181818182,7.0,23.0,0.538,1.0,2.75,1.571
CUST_04139,3625,E-commerce,Europe,Enterprise,3,0,Enterprise,999.0,42.75,23,1.25,0.5,7.0,23.0,0.807,1.0,2.0,1.2
CUST_04140,5,Retail,North America,SMB,0,0,Basic,29.0,19.0,1,0.0,0.0,7.0,23.0,1.0,1.0,0.0,0.0
CUST_04141,311,Finance,Asia-Pacific,Mid-market,9,0,Pro,199.0,37.9,31,0.4,0.1,7.0,23.0,0.646,1.0,0.0,0.0
CUST_04142,3710,Finance,Europe,Enterprise,7,0,Pro,299.0,65.75,52,0.375,0.1875,7.0,23.0,0.464,1.0,0.0,0.0
CUST_04143,105,Technology,Europe,Mid-market,0,0,Basic,49.0,18.0,1,0.0,0.0,7.0,23.0,1.0,1.0,0.0,0.0
CUST_04144,152,Retail,North America,Mid-market,15,0,Enterprise,499.0,43.375,60,0.125,0.125,7.0,29.0,0.807,1.0,0.0,0.0
CUST_04145,26,Retail,Latin America,SMB,19,0,Pro,99.0,25.9,41,0.1,0.0,7.0,23.0,0.714,1.0,0.0,0.0
CUST_04146,457,E-commerce,Europe,Mid-market,14,0,Pro,199.0,46.733333333333334,46,0.3333333333333333,0.2,7.0,23.0,0.781,1.0,0.0,0.0
CUST_04147,119,Technology,Asia-Pacific,Mid-market,7,1,Basic,49.0,30.25,25,0.875,0.3125,7.0,23.0,1.091,1.0,0.8,1.714
CUST_04148,5,Technology,Asia-Pacific,SMB,19,1,Pro,99.0,23.333333333333332,52,0.125,0.0,7.0,23.0,0.707,1.0,0.0,0.0
CUST_04149,29,Retail,Asia-Pacific,SMB,8,1,Basic,29.0,24.333333333333332,12,0.3333333333333333,0.1111111111111111,9.0,28.0,0.658,1.0,0.0,0.0
CUST_04150,49,E-commerce,Asia-Pacific,SMB,0,0,Pro,99.0,29.0,1,0.0,0.0,7.0,23.0,1.0,1.0,0.0,0.0
CUST_04151,136,Education,North America,Mid-market,5,1,Pro,199.0,35.166666666666664,17,0.5,0.3333333333333333,7.0,23.0,0.839,1.0,1.5,1.0
CUST_04152,88,Finance,Latin America,Mid-market,16,0,Basic,49.0,49.588235294117645,61,0.4117647058823529,0.29411764705882354,7.0,23.0,0.706,1.0,0.0,0.0
CUST_04153,406,Education,North America,Mid-market,20,1,Enterprise,499.0,37.95652173913044,95,0.2608695652173913,0.13043478260869565,7.0,23.0,0.685,1.0,0.0,0.0
CUST_04154,27,Finance,North America,SMB,7,0,Pro,99.0,20.125,13,0.125,0.0,7.0,23.0,0.77,1.0,0.0,0.0
CUST_04155,6,E-commerce,North America,SMB,4,0,Pro,99.0,18.6,8,0.2,0.2,7.0,23.0,0.753,1.0,0.0,0.0
CUST_04156,48,Retail,Asia-Pacific,SMB,6,0,Pro,99.0,26.571428571428573,15,0.14285714285714285,0.0,6.0,-3.0,0.508,1.0,0.0,0.0
CUST_04157,29,Education,Latin America,SMB,3,1,Basic,29.0,11.5,4,0.0,0.0,7.0,23.0,0.957,1.0,0.0,0.0
CUST_04158,4,Finance,North America,SMB,11,0,Basic,29.0,22.5,20,0.16666666666666666,0.08333333333333333,7.0,23.0,0.444,1.0,0.0,0.0
CUST_04159,234,Education,Asia-Pacific,Mid-market,17,0,Pro,199.0,42.44444444444444,56,0.3333333333333333,0.16666666666666666,7.0,23.0,0.707,1.0,3.0,1.5
CUST_04160,1179,Retail,Europe,Enterprise,7,0,Enterprise,999.0,72.0,46,0.25,0.25,7.0,23.0,0.618,1.0,0.0,0.0
CUST_04161,4650,Finance,Latin America,Enterprise,12,1,Enterprise,999.0,76.6,93,0.13333333333333333,0.06666666666666667,7.0,23.0,0.372,1.0,0.0,0.0
CUST_04162,15,E-commerce,Europe,SMB,1,0,Pro,99.0,17.5,3,0.0,0.0,7.0,23.0,1.0,1.0,0.0,0.0
CUST_04163,20,Education,Europe,SMB,8,1,Basic,29.0,23.22222222222222,11,0.2222222222222222,0.1111111111111111,8.0,25.0,0.452,1.0,0.0,2.25
CUST_04164,13,Retail,Europe,SMB,1,1,Basic,29.0,13.5,3,0.5,0.5,7.0,23.0,1.0,1.0,1.0,1.0
CUST_04165,48,Finance,Europe,SMB,9,0,Basic,29.0,24.8,29,0.3,0.0,7.0,23.0,0.867,1.0,0.0,0.0
CUST_04166,16,Finance,North America,SMB,13,0,Pro,99.0,27.285714285714285,19,0.2857142857142857,0.14285714285714285,7.0,23.0,0.751,1.0,0.0,1.75
CUST_04167,8,E-commerce,North America,SMB,5,0,Basic,29.0,20.333333333333332,8,0.3333333333333333,0.16666666666666666,7.0,23.0,0.787,1.0,0.0,0.0
CUST_04168,155,Retail,Europe,Mid-market,21,0,Basic,49.0,40.31818181818182,67,0.5,0.18181818181818182,7.0,23.0,0.818,1.0,0.0,0.0
CUST_04169,534,Retail,North America,Enterprise,20,0,Enterprise,999.0,68.76190476190476,130,0.47619047619047616,0.42857142857142855,7.0,23.0,0.531,1.0,0.0,0.0
CUST_04170,1829,Finance,North America,Enterprise,18,1,Enterprise,999.0,58.78260869565217,155,0.4782608695652174,0.3333333333333333,7.0,23.0,0.629,1.0,0.0,0.0
CUST_04171,27,Healthcare,Latin America,SMB,3,0,Basic,29.0,17.75,1,0.25,0.0,7.0,23.0,0.732,1.0,0.0,0.0
CUST_04172,14,Education,Europe,SMB,7,0,Basic,29.0,25.25,7,0.0,0.0,7.0,23.0,0.673,1.0,0.0,0.0
CUST_04173,28,Finance,Europe,SMB,2,0,Basic,29.0,17.333333333333332,2,0.3333333333333333,0.3333333333333333,7.0,23.0,0.865,1.0,1.5,1.5
CUST_04174,9,Finance,Latin America,SMB,17,1,Basic,29.0,26.5,37,0.05,0.0,7.0,18.0,0.736,1.0,0.0,0.0
CUST_04175,36,Education,North America,SMB,9,0,Enterprise,299.0,21.3,15,0.2,0.0,7.0,23.0,0.587,1.0,0.0,0.0
CUST_04176,304,E-commerce,North America,Mid-market,2,0,Basic,49.0,28.333333333333332,11,0.3333333333333333,0.3333333333333333,7.0,23.0,1.006,1.0,1.5,1.5
CUST_04177,499,Technology,North America,Mid-market,9,0,Enterprise,499.0,29.9,27,0.5,0.2,7.0,23.0,0.368,1.0,0.0,0.0
CUST_04178,276,E-commerce,North America,Mid-market,1,0,Enterprise,499.0,15.5,10,0.0,0.0,7.0,23.0,1.0,1.0,0.0,0.0
CUST_04179,4,Healthcare,Europe,SMB,9,0,Basic,29.0,23.4,13,0.0,0.0,7.0,23.0,0.684,1.0,0.0,0.0
CUST_04180,15,Technology,North America,SMB,2,1,Pro,99.0,15.666666666666666,3,0.6666666666666666,0.0,7.0,23.0,0.83,1.0,0.0,1.5
CUST_04181,400,Retail,Asia-Pacific,Mid-market,4,0,Pro,199.0,30.8,16,0.0,0.0,7.0,23.0,1.055,1.0,0.0,0.0
CUST_04182,20,Finance,North America,SMB,17,1,Basic,29.0,24.90909090909091,31,0.36363636363636365,0.3181818181818182,7.0,-7.0,0.442,1.0,1.571,1.375
CUST_04183,17,Healthcare,Europe,SMB,13,1,Pro,99.0,24.8125,31,0.3125,0.0,8.0,49.0,0.766,1.0,0.0,0.0
CUST_04184,21,Education,North America,SMB,16,1,Basic,29.0,24.0,40,0.47619047619047616,0.047619047619047616,7.0,23.0,0.521,1.0,10.498,2.1
CUST_04185,9,Technology,Europe,SMB,15,0,Basic,29.0,24.0625,31,0.1875,0.0,7.0,23.0,0.478,1.0,0.0,0.0
CUST_04186,3103,Technology,North America,Enterprise,17,0,Enterprise,999.0,73.5,123,0.2777777777777778,0.2777777777777778,8.0,12.0,0.694,1.0,0.0,0.0
CUST_04187,3632,Education,Latin America,Enterprise,18,1,Enterprise,999.0,66.52173913043478,158,0.34782608695652173,0.30434782608695654,9.0,37.0,0.947,1.0,0.0,0.0
CUST_04188,34,Technology,North America,SMB,19,0,Basic,29.0,20.6,41,0.35,0.075,7.0,23.0,0.607,1.0,0.0,1.429
CUST_04189,13,Healthcare,Latin America,SMB,20,1,Basic,29.0,27.17391304347826,42,0.17391304347826086,0.08695652173913043,6.0,3.0,0.442,1.0,5.749,2.875
CUST_04190,28,Healthcare,Europe,SMB,1,1,Enterprise,299.0,20.0,1,0.0,0.0,7.0,23.0,1.0,1.0,0.0,0.0
CUST_04191,12,Education,Europe,SMB,17,0,Pro,99.0,23.5,24,0.3333333333333333,0.08333333333333333,7.0,23.0,0.638,1.0,3.0,3.0
CUST_04192,45,Finance,Europe,SMB,2,0,Basic,29.0,13.666666666666666,5,0.0,0.0,7.0,23.0,0.732,1.0,0.0,0.0
CUST_04193,32,Retail,North America,SMB,11,0,Basic,29.0,23.666666666666668,19,0.16666666666666666,0.08333333333333333,7.0,23.0,0.613,1.0,0.0,0.0
CUST_04194,18,Finance,Asia-Pacific,SMB,17,0,Basic,29.0,25.38888888888889,30,0.1111111111111111,0.0,7.0,23.0,1.162,1.0,0.0,0.0
CUST_04195,36,Healthcare,Latin America,SMB,2,0,Basic,29.0,10.333333333333334,4,0.3333333333333333,0.0,7.0,23.0,1.161,1.0,0.0,0.0
CUST_04196,12,Education,Latin America,SMB,10,0,Basic,29.0,20.636363636363637,18,0.36363636363636365,0.09090909090909091,7.0,23.0,0.267,1.0,0.0,0.0
CUST_04197,406,Finance,North America,Mid-market,18,0,Pro,199.0,37.578947368421055,56,0.42105263157894735,0.15789473684210525,7.0,23.0,0.546,1.0,3.166,1.187
CUST_04198,144,Healthcare,North America,Mid-market,6,0,Pro,199.0,32.285714285714285,20,0.42857142857142855,0.21428571428571427,7.0,23.0,0.697,1.0,0.0,0.0
CUST_04199,127,Finance,North America,Mid-market,2,1,Basic,49.0,25.0,4,0.6666666666666666,0.3333333333333333,7.0,23.0,1.24,1.0,1.5,0.75
CUST_04200,7,Retail,North America,SMB,13,0,Pro,99.0,28.928571428571427,26,0.21428571428571427,0.14285714285714285,7.0,23.0,0.726,1.0,3.5,2.333
CUST_04201,49,Healthcare,North America,SMB,1,1,Pro,99.0,13.5,1,0.0,0.0,7.0,23.0,1.0,1.0,0.0,0.0
CUST_04202,40,E-commerce,Europe,SMB,5,1,Pro,99.0,20.166666666666668,15,0.16666666666666666,0.16666666666666666,6.0,-3.0,1.19,1.0,0.0,0.0
CUST_04203,13,Retail,North America,SMB,3,1,Enterprise,299.0,19.5,5,0.0,0.0,7.0,23.0,0.923,1.0,0.0,0.0
CUST_04204,621,Finance,Europe,Enterprise,9,0,Pro,299.0,59.9,65,0.6,0.25,8.0,22.0,0.684,1.0,4.0,3.333
CUST_04205,19,Education,Asia-Pacific,SMB,6,0,Basic,29.0,23.0,12,0.42857142857142855,0.0,7.0,23.0,0.348,1.0,0.0,2.333
CUST_04206,22,Technology,North America,SMB,21,0,Pro,99.0,23.181818181818183,34,0.2727272727272727,0.09090909090909091,7.0,23.0,0.69,1.0,5.499,1.833
CUST_04207,22,Retail,Europe,SMB,16,0,Basic,29.0,22.176470588235293,37,0.11764705882352941,0.11764705882352941,7.0,27.0,0.406,1.0,4.25,4.25
CUST_04208,48,Finance,North America,SMB,3,0,Basic,29.0,17.75,4,0.25,0.25,7.0,23.0,0.479,1.0,0.0,0.0
CUST_04209,267,Finance,Asia-Pacific,Mid-market,7,0,Enterprise,499.0,32.75,23,0.5,0.0625,7.0,23.0,0.611,1.0,0.0,0.0
CUST_04210,3,Retail,North America,SMB,11,0,Basic,29.0,26.333333333333332,22,0.3333333333333333,0.16666666666666666,7.0,23.0,0.684,1.0,3.0,1.5
CUST_04211,14,Finance,Asia-Pacific,SMB,11,1,Basic,29.0,23.0,24,0.14285714285714285,0.03571428571428571,7.0,23.0,0.696,1.0,0.0,0.0
CUST_04212,18,Healthcare,Europe,SMB,9,0,Basic,29.0,25.0,13,0.3,0.2,7.0,23.0,0.42,1.0,2.5,1.667
CUST_04213,414,Education,North America,Mid-market,20,0,Enterprise,499.0,42.80952380952381,76,0.38095238095238093,0.23809523809523808,6.0,25.0,0.596,1.0,2.1,1.312
CUST_04214,36,Technology,Latin America,SMB,4,1,Pro,99.0,19.8,9,0.0,0.0,7.0,21.0,0.707,1.0,0.0,0.0
CUST_04215,404,Healthcare,Europe,Mid-market,9,0,Enterprise,499.0,41.4,35,0.2,0.05,7.0,23.0,0.374,1.0,0.0,0.0
CUST_04216,90,Technology,Asia-Pacific,Mid-market,6,0,Basic,49.0,32.57142857142857,21,0.42857142857142855,0.2857142857142857,7.0,23.0,0.537,1.0,1.75,1.167
CUST_04217,20,Finance,Europe,SMB,20,1,Basic,29.0,25.652173913043477,37,0.17391304347826086,0.043478260869565216,7.0,23.0,0.663,1.0,0.0,0.0
CUST_04218,1162,Retail,Asia-Pacific,Enterprise,7,0,Enterprise,999.0,50.0,54,0.5,0.375,7.0,23.0,0.78,1.0,1.333,1.0
CUST_04219,37,Finance,Latin America,SMB,23,1,Basic,29.0,24.307692307692307,43,0.19230769230769232,0.0,8.0,28.0,0.679,1.0,0.0,2.6
CUST_04220,31,Technology,North America,SMB,3,1,Basic,29.0,17.75,3,0.25,0.25,7.0,23.0,0.873,1.0,0.0,0.0
CUST_04221,33,Education,Europe,SMB,6,0,Basic,29.0,23.857142857142858,7,0.2857142857142857,0.0,7.0,23.0,0.608,1.0,0.0,1.75
CUST_04222,219,Education,Europe,Mid-market,11,1,Basic,49.0,36.166666666666664,28,0.4166666666666667,0.08333333333333333,7.0,23.0,1.023,1.0,3.0,2.4
CUST_04223,28,Finance,North America,SMB,6,0,Basic,29.0,23.428571428571427,12,0.14285714285714285,0.14285714285714285,7.0,23.0,0.662,1.0,0.0,0.0
CUST_04224,39,Finance,North America,SMB,8,0,Pro,99.0,22.555555555555557,8,0.2222222222222222,0.1111111111111111,7.0,23.0,0.466,1.0,0.0,0.0
CUST_04225,2410,Technology,North America,Enterprise,7,1,Basic,99.0,53.0,60,0.25,0.25,7.0,23.0,0.557,1.0,0.0,0.0
CUST_04226,925,Education,Asia-Pacific,Enterprise,14,0,Enterprise,999.0,66.26666666666667,100,0.4666666666666667,0.23333333333333334,7.0,9.0,0.739,1.0,1.071,3.214
CUST_04227,19,Healthcare,Latin America,SMB,6,0,Pro,99.0,22.285714285714285,7,0.5714285714285714,0.21428571428571427,7.0,23.0,0.471,1.0,0.0,0.0
CUST_04228,1617,Retail,Asia-Pacific,Enterprise,13,0,Enterprise,999.0,69.85714285714286,96,0.6428571428571429,0.5,7.0,23.0,0.451,1.0,2.0,2.333
CUST_04229,713,E-commerce,North America,Enterprise,11,0,Pro,299.0,74.16666666666667,76,0.4166666666666667,0.2916666666666667,7.0,23.0,0.775,1.0,1.714,1.2
CUST_04230,45,Finance,North America,SMB,2,0,Basic,29.0,20.333333333333332,2,0.0,0.0,7.0,23.0,1.377,1.0,0.0,0.0
CUST_04231,17,Technology,North America,SMB,17,0,Pro,99.0,25.444444444444443,30,0.16666666666666666,0.0,7.0,23.0,0.511,1.0,0.0,0.0
CUST_04232,41,Healthcare,Europe,SMB,4,1,Pro,99.0,23.571428571428573,7,0.0,0.0,7.0,23.0,0.467,1.0,0.0,0.0
CUST_04233,325,Technology,North America,Mid-market,21,0,Pro,199.0,39.31818181818182,79,0.09090909090909091,0.09090909090909091,10.0,68.0,0.725,1.0,0.0,0.0
CUST_04234,32,Healthcare,Latin America,SMB,16,0,Enterprise,299.0,23.88235294117647,28,0.23529411764705882,0.058823529411764705,7.0,23.0,0.712,1.0,0.0,0.0
CUST_04235,6,Retail,Asia-Pacific,SMB,15,0,Basic,29.0,21.0625,31,0.125,0.0625,7.0,23.0,0.665,1.0,0.0,0.0
CUST_04236,9,Retail,North America,SMB,7,0,Basic,29.0,19.75,15,0.25,0.0,7.0,23.0,0.608,1.0,0.0,0.0
CUST_04237,436,Finance,Europe,Mid-market,12,0,Basic,49.0,45.07692307692308,36,0.15384615384615385,0.0,7.0,23.0,0.377,1.0,0.0,0.0
CUST_04238,41,Finance,North America,SMB,17,1,Pro,99.0,25.363636363636363,33,0.045454545454545456,0.0,7.0,23.0,0.69,1.0,0.0,0.0
CUST_04239,2,Finance,Asia-Pacific,SMB,6,0,Pro,99.0,26.142857142857142,8,0.0,0.0,7.0,23.0,0.708,1.0,0.0,0.0
CUST_04240,44,Healthcare,Europe,SMB,7,0,Pro,99.0,21.625,10,0.0,0.0,7.0,23.0,0.601,1.0,0.0,0.0
CUST_04241,5,Retail,Europe,SMB,23,1,Basic,29.0,22.807692307692307,40,0.3076923076923077,0.15384615384615385,9.0,31.0,0.438,1.0,0.0,0.0
CUST_04242,78,Healthcare,Latin America,Mid-market,18,1,Enterprise,499.0,37.904761904761905,51,0.38095238095238093,0.14285714285714285,7.0,23.0,0.475,1.0,3.5,1.312
CUST_04243,27,Technology,Asia-Pacific,SMB,1,1,Basic,29.0,12.0,2,0.0,0.0,7.0,23.0,1.0,1.0,0.0,0.0
CUST_04244,244,Healthcare,North America,Mid-market,4,1,Basic,49.0,30.6,21,0.4,0.4,7.0,23.0,1.127,1.0,1.25,1.25
CUST_04245,322,Finance,Asia-Pacific,Mid-market,3,1,Pro,199.0,19.75,13,0.25,0.25,7.0,23.0,0.759,1.0,0.0,0.0
CUST_04246,12,Finance,North America,SMB,2,0,Pro,99.0,15.333333333333334,7,0.0,0.0,7.0,23.0,1.37,1.0,0.0,0.0
CUST_04247,32,Retail,Latin America,SMB,2,1,Basic,29.0,11.333333333333334,6,0.6666666666666666,0.0,7.0,23.0,1.279,1.0,0.0,1.5
CUST_04248,26,Healthcare,Latin America,SMB,13,0,Basic,29.0,20.428571428571427,26,0.14285714285714285,0.0,6.0,14.0,0.49,1.0,0.0,0.0
CUST_04249,21,Retail,North America,SMB,1,1,Basic,29.0,10.0,4,0.0,0.0,7.0,23.0,1.0,1.0,0.0,0.0
CUST_04250,3644,Education,North America,Enterprise,9,1,Enterprise,999.0,77.7,75,0.1,0.1,7.0,23.0,0.695,1.0,0.0,0.0
CUST_04251,44,E-commerce,Asia-Pacific,SMB,21,0,Basic,29.0,24.727272727272727,44,0.045454545454545456,0.0,5.0,-13.0,0.647,1.0,0.0,0.0
CUST_04252,406,E-commerce,North America,Mid-market,4,0,Basic,49.0,33.4,9,0.2,0.0,7.0,23.0,0.689,1.0,0.0,2.5
CUST_04253,17,Finance,Asia-Pacific,SMB,7,0,Basic,29.0,27.75,17,0.125,0.0,7.0,23.0,0.865,1.0,0.0,4.0
CUST_04254,35,Education,Asia-Pacific,SMB,1,1,Basic,29.0,9.5,3,0.0,0.0,7.0,23.0,1.0,1.0,0.0,0.0
CUST_04255,31,Technology,North America,SMB,19,1,Basic,29.0,28.863636363636363,49,0.045454545454545456,0.0,7.0,23.0,0.641,1.0,0.0,0.0
CUST_04256,392,Retail,North America,Mid-market,1,0,Pro,199.0,14.5,2,0.5,0.0,7.0,23.0,1.0,1.0,0.0,1.0
CUST_04257,313,Retail,North America,Mid-market,13,0,Basic,49.0,40.5,63,0.14285714285714285,0.07142857142857142,8.0,26.0,0.679,1.0,0.0,0.0
CUST_04258,6,Technology,North America,SMB,17,0,Basic,29.0,26.5,32,0.2222222222222222,0.1111111111111111,7.0,23.0,0.604,1.0,4.5,2.25
CUST_04259,364,Education,North America,Mid-market,21,0,Enterprise,499.0,43.54545454545455,77,0.22727272727272727,0.22727272727272727,7.0,23.0,0.402,1.0,0.0,0.0
CUST_04260,19,Technology,Europe,SMB,2,0,Pro,99.0,19.0,4,0.0,0.0,7.0,23.0,1.342,1.0,0.0,0.0
CUST_04261,4274,Technology,Europe,Enterprise,18,1,Enterprise,999.0,70.95652173913044,155,0.5217391304347826,0.3695652173913043,7.0,23.0,0.472,1.0,2.706,2.875
CUST_04262,88,E-commerce,Europe,Mid-market,11,0,Enterprise,499.0,42.166666666666664,42,0.3333333333333333,0.125,7.0,23.0,0.676,1.0,4.0,1.5
CUST_04263,48,Finance,Asia-Pacific,SMB,7,0,Basic,29.0,18.375,17,0.0,0.0,7.0,29.0,0.463,1.0,0.0,0.0
CUST_04264,1122,Finance,North America,Enterprise,1,0,Pro,299.0,56.0,8,0.0,0.0,7.0,23.0,1.0,1.0,0.0,0.0
CUST_04265,9,Healthcare,North America,SMB,14,0,Basic,29.0,24.266666666666666,31,0.13333333333333333,0.06666666666666667,7.0,23.0,0.659,1.0,0.0,0.0
CUST_04266,13,Finance,Latin America,SMB,10,0,Basic,29.0,25.90909090909091,20,0.18181818181818182,0.0,7.0,23.0,0.849,1.0,0.0,2.75
CUST_04267,31,Healthcare,Latin America,SMB,8,1,Basic,29.0,17.636363636363637,12,0.09090909090909091,0.0,6.0,11.0,0.567,1.0,0.0,0.0
CUST_04268,16,Education,Asia-Pacific,SMB,4,1,Basic,29.0,20.0,7,0.2,0.2,7.0,23.0,0.75,1.0,2.5,2.5
CUST_04269,44,Technology,Europe,SMB,1,0,Enterprise,299.0,7.5,2,0.0,0.0,7.0,23.0,1.0,1.0,0.0,0.0
CUST_04270,767,E-commerce,North America,Enterprise,10,0,Pro,299.0,67.27272727272727,58,0.36363636363636365,0.18181818181818182,9.0,41.0,0.55,1.0,0.0,0.0
CUST_04271,4,Retail,Europe,SMB,23,0,Basic,29.0,23.791666666666668,53,0.4583333333333333,0.14583333333333334,7.0,23.0,0.525,1.0,0.0,0.0
CUST_04272,4654,Retail,Europe,Enterprise,15,0,Enterprise,999.0,66.875,109,0.625,0.4375,7.0,23.0,0.778,1.0,1.143,2.4
CUST_04273,203,Technology,North America,Mid-market,2,0,Pro,199.0,22.0,3,0.3333333333333333,0.0,7.0,23.0,1.227,1.0,0.0,0.0
CUST_04274,3978,Education,North America,Enterprise,16,1,Enterprise,999.0,65.94736842105263,127,0.3157894736842105,0.2631578947368421,9.0,54.0,0.667,1.0,0.0,0.0
CUST_04275,2946,Retail,North America,Enterprise,14,1,Basic,99.0,66.15789473684211,141,0.3684210526315789,0.3157894736842105,7.0,23.0,0.884,1.0,0.0,0.0
CUST_04276,3,Technology,North America,SMB,2,0,Pro,99.0,13.0,3,0.0,0.0,7.0,23.0,0.885,1.0,0.0,0.0
CUST_04277,12,Technology,Asia-Pacific,SMB,11,1,Basic,29.0,23.583333333333332,21,0.0,0.0,7.0,23.0,0.403,1.0,0.0,0.0
CUST_04278,15,Retail,Latin America,SMB,21,1,Pro,99.0,26.041666666666668,40,0.20833333333333334,0.08333333333333333,7.0,23.0,0.269,1.0,5.999,4.8
CUST_04279,3768,Healthcare,Europe,Enterprise,20,0,Enterprise,999.0,71.52380952380952,150,0.9047619047619048,0.31746031746031744,7.0,27.0,0.412,1.0,2.362,1.658
CUST_04280,340,Retail,North America,Mid-market,14,1,Pro,199.0,43.23529411764706,64,0.5882352941176471,0.29411764705882354,7.0,23.0,0.81,1.0,0.0,0.85
CUST_04281,49,Technology,Latin America,SMB,6,1,Enterprise,299.0,20.857142857142858,6,0.14285714285714285,0.0,7.0,23.0,0.503,1.0,0.0,0.0
CUST_04282,14,Technology,North America,SMB,22,0,Enterprise,299.0,24.695652173913043,45,0.13043478260869565,0.08695652173913043,7.0,23.0,0.526,1.0,0.0,0.0
CUST_04283,17,Education,Europe,SMB,15,0,Basic,29.0,22.25,26,0.1875,0.0625,7.0,23.0,0.382,1.0,0.0,0.0
CUST_04284,336,Technology,North America,Mid-market,11,0,Basic,49.0,38.416666666666664,45,0.25,0.08333333333333333,7.0,23.0,0.43,1.0,0.0,0.0
CUST_04285,43,Finance,Europe,SMB,11,0,Pro,99.0,23.25,21,0.08333333333333333,0.08333333333333333,7.0,23.0,0.516,1.0,0.0,0.0
CUST_04286,2385,Education,Asia-Pacific,Enterprise,21,0,Enterprise,999.0,75.54545454545455,153,0.45454545454545453,0.25757575757575757,7.0,23.0,0.702,1.0,1.941,1.1
CUST_04287,48,Technology,North America,SMB,19,0,Basic,29.0,23.0,34,0.1,0.1,6.0,39.0,0.457,1.0,5.0,5.0
CUST_04288,4,Finance,Europe,SMB,10,0,Basic,29.0,22.454545454545453,17,0.2727272727272727,0.18181818181818182,7.0,23.0,0.557,1.0,2.75,1.833
CUST_04289,30,E-commerce,Europe,SMB,2,0,Pro,99.0,18.0,4,0.3333333333333333,0.0,7.0,23.0,1.194,1.0,0.0,1.5
CUST_04290,45,Retail,North America,SMB,14,0,Basic,29.0,22.066666666666666,23,0.2,0.13333333333333333,6.0,14.0,0.408,1.0,3.75,2.5
CUST_04291,16,E-commerce,Asia-Pacific,SMB,5,0,Pro,99.0,20.5,9,0.3333333333333333,0.16666666666666666,7.0,23.0,0.854,1.0,3.0,1.5
CUST_04292,3,Finance,Europe,SMB,2,1,Basic,29.0,16.0,4,0.0,0.0,7.0,23.0,1.0,1.0,0.0,0.0
CUST_04293,11,Technology,North America,SMB,3,0,Pro,99.0,16.0,6,0.25,0.0,8.0,20.0,1.062,1.0,0.0,0.0
CUST_04294,44,Education,Asia-Pacific,SMB,5,0,Pro,99.0,16.0,10,0.3333333333333333,0.0,7.0,23.0,1.156,1.0,0.0,1.5
CUST_04295,25,Education,Europe,SMB,7,1,Pro,99.0,22.625,17,0.125,0.125,7.0,23.0,0.818,1.0,0.0,0.0
CUST_04296,31,Healthcare,Europe,SMB,10,0,Pro,99.0,24.363636363636363,15,0.09090909090909091,0.0,7.0,23.0,0.534,1.0,0.0,0.0
CUST_04297,5,Finance,North America,SMB,10,1,Pro,99.0,21.636363636363637,17,0.18181818181818182,0.0,7.0,23.0,0.878,1.0,0.0,2.75
CUST_04298,4,Finance,Asia-Pacific,SMB,6,0,Basic,29.0,24.714285714285715,14,0.14285714285714285,0.14285714285714285,6.0,5.0,0.627,1.0,0.0,0.0
CUST_04299,4,Healthcare,Latin America,SMB,1,0,Enterprise,299.0,13.5,2,0.5,0.0,7.0,23.0,1.0,1.0,0.0,1.0
CUST_04300,2266,Education,Asia-Pacific,Enterprise,22,1,Enterprise,999.0,65.84,169,0.56,0.34,9.0,69.0,0.516,1.0,1.471,0.893
CUST_04301,15,Technology,North America,SMB,22,0,Basic,29.0,22.47826086956522,33,0.17391304347826086,0.06521739130434782,6.0,7.0,0.578,1.0,7.665,2.875
CUST_04302,4503,Retail,Latin America,Enterprise,17,1,Enterprise,999.0,61.5,121,0.3,0.3,7.0,23.0,0.789,1.0,1.667,1.667
CUST_04303,41,Education,Europe,SMB,19,1,Basic,29.0,24.136363636363637,33,0.22727272727272727,0.11363636363636363,7.0,23.0,0.684,1.0,4.4,2.2
CUST_04304,1,E-commerce,North America,SMB,8,1,Basic,29.0,20.11111111111111,14,0.1111111111111111,0.0,7.0,23.0,0.547,1.0,0.0,0.0
CUST_04305,104,Retail,North America,Mid-market,23,0,Pro,199.0,39.833333333333336,95,0.3333333333333333,0.25,7.0,23.0,0.54,1.0,0.0,0.0
CUST_04306,4858,Retail,North America,Enterprise,8,0,Enterprise,999.0,81.44444444444444,63,0.5555555555555556,0.3333333333333333,8.0,33.0,0.761,1.0,0.0,0.9
CUST_04307,4351,Education,North America,Enterprise,1,1,Enterprise,999.0,48.0,7,0.5,0.5,7.0,23.0,1.0,1.0,1.0,1.0
CUST_04308,21,Finance,Europe,SMB,2,0,Basic,29.0,11.333333333333334,3,0.0,0.0,7.0,23.0,0.882,1.0,0.0,0.0
CUST_04309,33,Technology,Asia-Pacific,SMB,15,0,Enterprise,299.0,22.5,24,0.3125,0.1875,8.0,31.0,0.489,1.0,0.0,0.0
CUST_04310,49,Education,North America,SMB,7,1,Pro,99.0,22.5,7,0.125,0.125,7.0,23.0,0.378,1.0,4.0,4.0
CUST_04311,35,E-commerce,Europe,SMB,12,1,Pro,99.0,22.692307692307693,15,0.46153846153846156,0.11538461538461539,7.0,23.0,0.705,1.0,0.0,0.0
CUST_04312,30,Healthcare,Asia-Pacific,SMB,12,0,Basic,29.0,26.23076923076923,27,0.15384615384615385,0.07692307692307693,7.0,23.0,0.858,1.0,6.499,3.25
CUST_04313,3462,E-commerce,Asia-Pacific,Enterprise,14,0,Enterprise,999.0,63.6,93,0.4,0.26666666666666666,10.0,62.0,0.385,1.0,1.875,2.5
CUST_04314,48,Education,Latin America,SMB,9,1,Pro,99.0,21.1,12,0.0,0.0,8.0,29.0,0.758,1.0,0.0,0.0
CUST_04315,17,Education,North America,SMB,11,1,Basic,29.0,20.083333333333332,16,0.16666666666666666,0.0,7.0,23.0,0.573,1.0,0.0,0.0
CUST_04316,37,Healthcare,Europe,SMB,22,0,Pro,99.0,21.52173913043478,49,0.13043478260869565,0.043478260869565216,7.0,23.0,0.465,1.0,0.0,0.0
CUST_04317,12,Technology,Europe,SMB,0,0,Basic,29.0,6.0,1,0.0,0.0,7.0,23.0,1.0,1.0,0.0,0.0
CUST_04318,4559,E-commerce,Asia-Pacific,Enterprise,10,1,Basic,99.0,56.92307692307692,88,0.6153846153846154,0.46153846153846156,7.0,23.0,0.808,1.0,1.083,0.812
CUST_04319,33,Healthcare,Europe,SMB,3,1,Basic,29.0,25.25,2,0.0,0.0,7.0,23.0,0.97,1.0,0.0,0.0
CUST_04320,231,Retail,Latin America,Mid-market,11,1,Basic,49.0,44.083333333333336,34,0.5,0.16666666666666666,7.0,23.0,0.522,1.0,1.5,2.0
CUST_04321,20,Healthcare,North America,SMB,0,0,Basic,29.0,12.0,0,0.0,0.0,7.0,23.0,1.0,1.0,0.0,0.0
CUST_04322,44,E-commerce,North America,SMB,1,1,Basic,29.0,10.5,1,0.5,0.0,7.0,23.0,1.0,1.0,0.0,1.0
CUST_04323,39,Finance,North America,SMB,2,1,Pro,99.0,11.333333333333334,5,0.0,0.0,7.0,23.0,0.882,1.0,0.0,0.0
CUST_04324,27,E-commerce,North America,SMB,19,0,Basic,29.0,28.55,44,0.1,0.05,7.0,23.0,0.525,1.0,9.998,5.0
CUST_04325,3534,E-commerce,North America,Enterprise,19,0,Enterprise,999.0,78.75,154,0.55,0.425,8.0,19.0,0.413,1.0,2.353,2.727
CUST_04326,44,Finance,Asia-Pacific,SMB,8,1,Basic,29.0,23.77777777777778,16,0.2222222222222222,0.0,7.0,23.0,0.442,1.0,0.0,0.0
CUST_04327,24,E-commerce,Europe,SMB,12,0,Enterprise,299.0,25.76923076923077,20,0.5384615384615384,0.15384615384615385,7.0,28.0,0.446,1.0,0.0,0.0
CUST_04328,12,Finance,Asia-Pacific,SMB,8,0,Basic,29.0,25.0,12,0.1111111111111111,0.0,7.0,23.0,0.44,1.0,0.0,0.0
CUST_04329,46,Education,Latin America,SMB,15,0,Basic,29.0,26.8125,19,0.0625,0.0,6.0,13.0,0.858,1.0,0.0,0.0
CUST_04330,3603,Healthcare,Europe,Enterprise,2,0,Enterprise,999.0,33.333333333333336,11,0.3333333333333333,0.0,7.0,23.0,1.23,1.0,0.0,0.0
CUST_04331,29,Healthcare,Europe,SMB,3,1,Basic,29.0,19.25,6,0.5,0.0,7.0,23.0,0.961,1.0,0.0,1.0
CUST_04332,4994,Retail,North America,Enterprise,4,0,Basic,99.0,45.0,22,0.4,0.2,7.0,23.0,1.178,1.0,0.0,0.0
CUST_04333,41,Education,North America,SMB,1,1,Pro,99.0,16.5,1,0.5,0.0,7.0,23.0,1.0,1.0,0.0,1.0
CUST_04334,18,Healthcare,Asia-Pacific,SMB,6,1,Basic,29.0,21.0,5,0.0,0.0,5.0,0.0,0.714,1.0,0.0,0.0
CUST_04335,37,Retail,Latin America,SMB,11,0,Basic,29.0,22.571428571428573,27,0.35714285714285715,0.17857142857142858,7.0,23.0,0.62,1.0,2.8,1.4
CUST_04336,269,Retail,Europe,Mid-market,6,0,Basic,49.0,37.857142857142854,18,0.42857142857142855,0.21428571428571427,7.0,23.0,0.779,1.0,0.0,0.0
CUST_04337,1632,Finance,Asia-Pacific,Enterprise,21,0,Enterprise,999.0,80.54545454545455,130,0.3181818181818182,0.2727272727272727,7.0,30.0,0.435,1.0,1.833,1.571
CUST_04338,19,Retail,Asia-Pacific,SMB,9,1,Basic,29.0,25.5,15,0.08333333333333333,0.0,7.0,23.0,0.392,1.0,0.0,0.0
CUST_04339,49,Retail,North America,SMB,20,0,Basic,29.0,23.666666666666668,30,0.14285714285714285,0.047619047619047616,8.0,17.0,0.697,1.0,0.0,0.0
CUST_04340,260,Finance,Europe,Mid-market,1,1,Pro,199.0,27.0,4,0.5,0.5,7.0,23.0,1.0,1.0,1.0,1.0
CUST_04341,421,E-commerce,Asia-Pacific,Mid-market,23,0,Pro,199.0,42.666666666666664,99,0.25,0.125,7.0,23.0,0.551,1.0,0.0,0.0
CUST_04342,55,Education,North America,Mid-market,12,0,Basic,49.0,42.4,47,0.6666666666666666,0.5666666666666667,7.0,6.0,0.519,1.0,0.441,1.5
CUST_04343,354,Finance,Europe,Mid-market,16,0,Pro,199.0,38.1764705882353,50,0.4117647058823529,0.16666666666666666,6.0,3.0,0.406,1.0,0.0,0.0
CUST_04344,26,Technology,Latin America,SMB,12,0,Basic,29.0,25.615384615384617,22,0.23076923076923078,0.07692307692307693,7.0,23.0,0.488,1.0,6.499,2.167
CUST_04345,1845,Education,Latin America,Enterprise,10,0,Basic,99.0,68.18181818181819,68,0.2727272727272727,0.18181818181818182,7.0,23.0,0.55,1.0,2.75,1.833
CUST_04346,325,E-commerce,Europe,Mid-market,16,0,Basic,49.0,37.64705882352941,52,0.5882352941176471,0.35294117647058826,7.0,16.0,0.691,1.0,0.0,0.0
CUST_04347,2912,Retail,Asia-Pacific,Enterprise,9,0,Enterprise,999.0,51.6,60,0.4,0.2,7.0,23.0,1.017,1.0,2.5,1.25
CUST_04348,956,E-commerce,Europe,Enterprise,10,0,Enterprise,999.0,68.18181818181819,78,0.2727272727272727,0.18181818181818182,8.0,39.0,0.623,1.0,0.0,0.0
CUST_04349,39,Healthcare,North America,SMB,7,0,Basic,29.0,20.75,9,0.0,0.0,7.0,23.0,0.578,1.0,0.0,0.0
CUST_04350,43,Healthcare,Europe,SMB,18,1,Basic,29.0,23.857142857142858,29,0.2857142857142857,0.09523809523809523,5.0,-10.0,0.335,1.0,0.0,1.75
CUST_04351,42,Retail,Latin America,SMB,17,0,Basic,29.0,29.333333333333332,24,0.2222222222222222,0.1111111111111111,7.0,23.0,0.426,1.0,4.5,2.25
CUST_04352,44,Healthcare,Asia-Pacific,SMB,2,1,Basic,29.0,17.0,5,0.0,0.0,7.0,23.0,0.912,1.0,0.0,0.0
CUST_04353,80,E-commerce,Europe,Mid-market,9,0,Pro,199.0,37.5,28,0.4,0.03333333333333333,7.0,23.0,0.68,1.0,0.0,1.25
CUST_04354,36,Healthcare,Europe,SMB,9,0,Pro,99.0,25.7,11,0.1,0.0,7.0,23.0,0.467,1.0,0.0,0.0
CUST_04355,3,Healthcare,North America,SMB,8,0,Pro,99.0,21.22222222222222,16,0.1111111111111111,0.0,7.0,23.0,0.613,1.0,0.0,0.0
CUST_04356,16,Finance,Europe,SMB,5,1,Basic,29.0,18.875,15,0.25,0.0,7.0,23.0,0.45,1.0,0.0,0.0
CUST_04357,38,Retail,Europe,SMB,1,0,Basic,29.0,12.0,2,0.0,0.0,7.0,23.0,1.0,1.0,0.0,0.0
CUST_04358,407,E-commerce,Europe,Mid-market,7,0,Pro,199.0,43.5,26,0.25,0.25,7.0,23.0,0.621,1.0,0.0,0.0
CUST_04359,310,Education,Europe,Mid-market,19,0,Enterprise,499.0,40.35,67,0.35,0.225,7.0,23.0,0.471,1.0,3.333,4.286
CUST_04360,946,E-commerce,Latin America,Enterprise,5,0,Enterprise,999.0,70.83333333333333,26,0.16666666666666666,0.16666666666666666,7.0,23.0,0.621,1.0,3.0,3.0
CUST_04361,2,Finance,Europe,SMB,1,1,Basic,29.0,26.0,0,0.0,0.0,7.0,23.0,1.0,1.0,0.0,0.0
CUST_04362,499,Education,North America,Mid-market,15,1,Basic,49.0,38.0,57,0.4444444444444444,0.2222222222222222,7.0,23.0,0.382,1.0,2.25,3.375
CUST_04363,7,Retail,North America,SMB,15,0,Pro,99.0,30.4375,26,0.1875,0.125,7.0,23.0,0.624,1.0,0.0,0.0
CUST_04364,5,Education,Europe,SMB,6,0,Basic,29.0,19.857142857142858,12,0.0,0.0,7.0,23.0,0.428,1.0,0.0,0.0
CUST_04365,3450,Education,North America,Enterprise,5,0,Enterprise,999.0,56.5,42,0.3333333333333333,0.3333333333333333,7.0,23.0,0.345,1.0,3.0,3.0
CUST_04366,46,Healthcare,North America,SMB,9,0,Basic,29.0,24.2,20,0.2,0.0,7.0,23.0,0.496,1.0,0.0,0.0
CUST_04367,3,Technology,North America,SMB,12,0,Basic,29.0,22.153846153846153,20,0.15384615384615385,0.07692307692307693,7.0,23.0,0.677,1.0,0.0,0.0
CUST_04368,36,Retail,Latin America,SMB,23,0,Pro,99.0,26.791666666666668,38,0.25,0.05555555555555555,7.0,23.0,0.187,1.0,0.0,2.0
CUST_04369,33,Retail,North America,SMB,22,0,Basic,29.0,24.130434782608695,38,0.21739130434782608,0.043478260869565216,7.0,26.0,0.352,1.0,0.0,0.0
CUST_04370,22,Technology,North America,SMB,16,0,Pro,99.0,24.529411764705884,36,0.058823529411764705,0.0,7.0,23.0,0.734,1.0,0.0,0.0
CUST_04371,13,Technology,Europe,SMB,16,0,Basic,29.0,25.555555555555557,37,0.2777777777777778,0.05555555555555555,5.0,-9.0,0.88,1.0,8.998,1.8
CUST_04372,193,Education,Europe,Mid-market,6,1,Basic,49.0,34.285714285714285,26,0.2857142857142857,0.0,7.0,23.0,0.992,1.0,0.0,0.0
CUST_04373,372,Retail,Latin America,Mid-market,5,0,Basic,49.0,31.5,14,0.16666666666666666,0.0,7.0,23.0,0.571,1.0,0.0,0.0
CUST_04374,221,Finance,Latin America,Mid-market,6,0,Basic,49.0,39.285714285714285,20,0.2857142857142857,0.0,7.0,23.0,0.713,1.0,0.0,1.75
CUST_04375,26,Technology,Latin America,SMB,0,0,Pro,99.0,22.0,1,0.0,0.0,7.0,23.0,1.0,1.0,0.0,0.0
CUST_04376,178,E-commerce,Europe,Mid-market,11,1,Pro,199.0,39.666666666666664,37,0.4166666666666667,0.2916666666666667,7.0,23.0,0.655,1.0,0.0,0.0
CUST_04377,36,Finance,Latin America,SMB,12,1,Basic,29.0,26.46153846153846,15,0.3076923076923077,0.23076923076923078,7.0,23.0,0.756,1.0,0.0,0.0
CUST_04378,30,E-commerce,Latin America,SMB,1,1,Pro,99.0,17.0,7,0.5,0.0,7.0,23.0,1.0,1.0,0.0,1.0
CUST_04379,27,Healthcare,North America,SMB,9,1,Basic,29.0,19.5,11,0.16666666666666666,0.08333333333333333,7.0,23.0,0.897,1.0,0.0,0.0
CUST_04380,216,Technology,North America,Mid-market,8,0,Pro,199.0,34.22222222222222,23,0.3333333333333333,0.0,7.0,23.0,0.643,1.0,0.0,0.0
CUST_04381,14,Technology,Europe,SMB,23,0,Pro,99.0,25.083333333333332,54,0.08333333333333333,0.08333333333333333,8.0,18.0,0.678,1.0,5.999,5.999
CUST_04382,33,Finance,Latin America,SMB,12,1,Basic,29.0,26.733333333333334,15,0.3333333333333333,0.0,7.0,23.0,0.58,1.0,0.0,0.0
CUST_04383,4704,Education,North America,Enterprise,2,0,Enterprise,999.0,49.0,10,0.6666666666666666,0.6666666666666666,7.0,23.0,1.153,1.0,1.5,1.5
CUST_04384,12,Technology,North America,SMB,19,0,Enterprise,299.0,28.2,36,0.2,0.05,7.0,23.0,0.638,1.0,0.0,0.0
CUST_04385,32,Technology,Europe,SMB,23,0,Basic,29.0,27.333333333333332,40,0.25,0.041666666666666664,7.0,23.0,0.439,1.0,0.0,0.0
CUST_04386,10,Finance,North America,SMB,8,0,Basic,29.0,23.444444444444443,18,0.1111111111111111,0.1111111111111111,7.0,23.0,0.533,1.0,4.5,4.5
CUST_04387,21,Technology,North America,SMB,16,0,Pro,99.0,22.58823529411765,31,0.23529411764705882,0.058823529411764705,8.0,41.0,0.775,1.0,0.0,0.0
CUST_04388,2569,Finance,Latin America,Enterprise,2,0,Pro,299.0,49.0,9,0.3333333333333333,0.3333333333333333,7.0,23.0,0.816,1.0,1.5,1.5
CUST_04389,65,Retail,North America,Mid-market,12,0,Pro,199.0,37.46153846153846,38,0.6923076923076923,0.3589743589743589,7.0,23.0,0.694,1.0,0.0,0.722
CUST_04390,24,Technology,Europe,SMB,2,1,Pro,99.0,15.333333333333334,4,0.0,0.0,7.0,23.0,1.011,1.0,0.0,0.0
CUST_04391,3,Retail,Asia-Pacific,SMB,1,1,Basic,29.0,10.0,3,0.0,0.0,7.0,23.0,1.0,1.0,0.0,0.0
CUST_04392,35,E-commerce,Latin America,SMB,1,1,Basic,29.0,12.0,2,0.0,0.0,7.0,23.0,1.0,1.0,0.0,0.0
CUST_04393,19,Technology,Asia-Pacific,SMB,10,0,Basic,29.0,27.181818181818183,20,0.18181818181818182,0.18181818181818182,6.0,-4.0,0.662,1.0,0.0,0.0
CUST_04394,16,E-commerce,Asia-Pacific,SMB,2,1,Basic,29.0,14.333333333333334,2,0.0,0.0,7.0,23.0,1.326,1.0,0.0,0.0
CUST_04395,466,E-commerce,Europe,Mid-market,1,1,Basic,49.0,31.0,6,0.5,0.0,7.0,23.0,1.0,1.0,0.0,1.0
CUST_04396,165,Technology,Europe,Mid-market,10,0,Pro,199.0,37.09090909090909,26,0.36363636363636365,0.18181818181818182,7.0,23.0,0.526,1.0,2.75,1.375
CUST_04397,27,Retail,North America,SMB,2,1,Basic,29.0,18.666666666666668,2,0.6666666666666666,0.3333333333333333,7.0,23.0,0.777,1.0,1.5,1.5
CUST_04398,3106,Finance,North America,Enterprise,13,0,Enterprise,999.0,66.92857142857143,93,0.5,0.42857142857142855,7.0,23.0,0.889,1.0,0.0,0.0
CUST_04399,21,E-commerce,Asia-Pacific,SMB,0,0,Basic,29.0,11.0,1,0.0,0.0,7.0,23.0,1.0,1.0,0.0,0.0
CUST_04400,16,Retail,Asia-Pacific,SMB,19,0,Basic,29.0,27.4,33,0.15,0.0,9.0,21.0,0.31,1.0,0.0,0.0
CUST_04401,30,E-commerce,North America,SMB,11,0,Pro,99.0,22.5,24,0.3333333333333333,0.16666666666666666,7.0,29.0,0.444,1.0,0.0,1.5
CUST_04402,17,Healthcare,Europe,SMB,8,0,Pro,99.0,28.3,15,0.3,0.1,6.0,28.0,0.424,1.0,0.0,0.0
CUST_04403,5,Retail,Europe,SMB,13,0,Basic,29.0,22.857142857142858,33,0.35714285714285715,0.21428571428571427,7.0,23.0,0.437,1.0,0.0,0.0
CUST_04404,44,Retail,Asia-Pacific,SMB,12,0,Basic,29.0,27.153846153846153,28,0.23076923076923078,0.038461538461538464,7.0,23.0,0.46,1.0,0.0,0.0
CUST_04405,1580,E-commerce,Asia-Pacific,Enterprise,16,0,Basic,99.0,72.05882352941177,131,0.17647058823529413,0.17647058823529413,7.0,23.0,0.486,1.0,2.833,2.833
CUST_04406,3678,Technology,Latin America,Enterprise,0,0,Enterprise,999.0,62.0,4,0.0,0.0,7.0,23.0,1.0,1.0,0.0,0.0
CUST_04407,351,Finance,Europe,Mid-market,4,0,Pro,199.0,36.4,14,0.4,0.2,7.0,23.0,0.687,1.0,2.5,1.25
CUST_04408,4585,Finance,Europe,Enterprise,19,1,Enterprise,999.0,72.95454545454545,166,1.0909090909090908,0.32575757575757575,7.0,23.0,0.493,1.0,0.0,0.0
CUST_04409,26,Education,Asia-Pacific,SMB,11,0,Pro,99.0,21.0,15,0.3333333333333333,0.0,7.0,23.0,0.762,1.0,0.0,0.0
CUST_04410,11,Healthcare,Europe,SMB,2,1,Basic,29.0,15.333333333333334,1,0.3333333333333333,0.3333333333333333,7.0,25.0,1.304,1.0,1.5,1.5
CUST_04411,48,Technology,North America,SMB,7,1,Pro,99.0,19.0,10,0.25,0.0,7.0,23.0,0.789,1.0,0.0,0.0
CUST_04412,11,Education,North America,SMB,1,1,Basic,29.0,11.0,2,0.5,0.5,7.0,23.0,1.0,1.0,1.0,1.0
CUST_04413,186,Retail,Europe,Mid-market,3,0,Basic,49.0,37.25,6,0.5,0.0,7.0,23.0,0.819,1.0,0.0,2.0
CUST_04414,20,Retail,Latin America,SMB,2,0,Enterprise,299.0,11.666666666666666,0,0.0,0.0,7.0,23.0,1.114,1.0,0.0,0.0
CUST_04415,368,Technology,Europe,Mid-market,1,1,Basic,49.0,19.5,4,0.5,0.5,7.0,23.0,1.0,1.0,1.0,1.0
CUST_04416,37,Retail,North America,SMB,16,0,Basic,29.0,30.823529411764707,31,0.23529411764705882,0.11764705882352941,7.0,23.0,0.584,1.0,4.25,2.125
CUST_04417,25,Healthcare,Latin America,SMB,12,1,Pro,99.0,18.4,29,0.13333333333333333,0.0,7.0,45.0,0.625,1.0,0.0,0.0
CUST_04418,24,Finance,Latin America,SMB,1,1,Pro,99.0,9.0,4,0.0,0.0,7.0,23.0,1.0,1.0,0.0,0.0
CUST_04419,391,Finance,North America,Mid-market,4,1,Basic,49.0,23.6,19,0.4,0.2,7.0,23.0,0.742,1.0,0.0,0.0
CUST_04420,156,E-commerce,North America,Mid-market,3,1,Basic,49.0,34.5,11,0.3333333333333333,0.3333333333333333,7.0,26.0,0.957,1.0,1.5,1.5
CUST_04421,49,Retail,Latin America,SMB,17,0,Pro,99.0,24.833333333333332,30,0.16666666666666666,0.0,7.0,23.0,0.282,1.0,0.0,0.0
CUST_04422,21,E-commerce,North America,SMB,11,0,Basic,29.0,25.583333333333332,15,0.25,0.0,7.0,23.0,0.332,1.0,0.0,0.0
CUST_04423,17,Retail,Asia-Pacific,SMB,1,0,Basic,29.0,13.5,1,0.0,0.0,7.0,23.0,1.0,1.0,0.0,0.0
CUST_04424,22,Retail,Latin America,SMB,9,0,Basic,29.0,20.0,14,0.3,0.1,7.0,23.0,0.625,1.0,0.0,0.0
CUST_04425,28,Technology,Latin America,SMB,2,1,Basic,29.0,10.333333333333334,2,0.0,0.0,7.0,23.0,0.871,1.0,0.0,0.0
CUST_04426,146,E-commerce,Asia-Pacific,Mid-market,3,1,Basic,49.0,26.25,8,0.25,0.25,7.0,23.0,0.876,1.0,0.0,0.0
CUST_04427,23,Retail,Latin America,SMB,12,1,Basic,29.0,24.533333333333335,28,0.2,0.13333333333333333,7.0,23.0,0.489,1.0,0.0,0.0
CUST_04428,1295,Technology,North America,Enterprise,5,0,Enterprise,999.0,60.833333333333336,44,0.3333333333333333,0.16666666666666666,7.0,23.0,0.74,1.0,3.0,3.0
CUST_04429,44,Finance,Europe,SMB,15,0,Pro,99.0,21.625,29,0.0625,0.0,5.0,5.0,0.671,1.0,0.0,7.999
CUST_04430,35,Retail,North America,SMB,10,1,Basic,29.0,30.384615384615383,13,0.07692307692307693,0.0,7.0,23.0,0.658,1.0,0.0,0.0
CUST_04431,3,Retail,Europe,SMB,5,1,Basic,29.0,20.166666666666668,7,0.0,0.0,7.0,23.0,0.322,1.0,0.0,0.0
CUST_04432,20,Healthcare,Asia-Pacific,SMB,3,1,Basic,29.0,18.5,3,0.0,0.0,7.0,23.0,0.838,1.0,0.0,0.0
CUST_04433,4317,Retail,North America,Enterprise,9,0,Basic,99.0,66.3,65,0.5,0.25,7.0,23.0,0.437,1.0,1.0,2.0
CUST_04434,3767,Finance,Asia-Pacific,Enterprise,18,0,Pro,299.0,78.63157894736842,139,0.42105263157894735,0.23684210526315788,7.0,23.0,0.623,1.0,2.111,2.375
CUST_04435,8,Technology,Europe,SMB,20,0,Basic,29.0,26.333333333333332,40,0.09523809523809523,0.047619047619047616,7.0,23.0,0.38,1.0,0.0,0.0
CUST_04436,38,Finance,Europe,SMB,12,0,Basic,29.0,26.615384615384617,22,0.07692307692307693,0.07692307692307693,7.0,23.0,0.47,1.0,6.499,6.499
CUST_04437,10,E-commerce,North America,SMB,11,0,Basic,29.0,24.916666666666668,22,0.16666666666666666,0.16666666666666666,7.0,23.0,0.602,1.0,0.0,0.0
CUST_04438,20,Retail,North America,SMB,11,0,Basic,29.0,22.833333333333332,23,0.16666666666666666,0.0,7.0,23.0,0.504,1.0,0.0,3.0
CUST_04439,229,Retail,Asia-Pacific,Mid-market,9,0,Pro,199.0,39.4,35,0.3,0.1,7.0,23.0,0.431,1.0,0.0,0.0
CUST_04440,20,Technology,Asia-Pacific,SMB,3,1,Basic,29.0,11.0,13,0.0,0.0,7.0,23.0,0.909,1.0,0.0,0.0
CUST_04441,23,Healthcare,North America,SMB,5,0,Basic,29.0,22.833333333333332,6,0.5,0.5,7.0,23.0,0.482,1.0,2.0,2.0
CUST_04442,145,Retail,Europe,Mid-market,23,1,Basic,49.0,39.73076923076923,84,0.23076923076923078,0.11538461538461539,8.0,21.0,0.214,1.0,0.0,0.0
CUST_04443,451,E-commerce,North America,Mid-market,9,1,Basic,49.0,35.8,41,0.7,0.26666666666666666,9.0,43.0,0.782,1.0,1.875,2.143
CUST_04444,286,Technology,Europe,Mid-market,15,1,Basic,49.0,40.833333333333336,54,0.3333333333333333,0.2222222222222222,7.0,6.0,0.49,1.0,2.25,1.5
CUST_04445,100,Retail,Latin America,Mid-market,12,1,Enterprise,499.0,43.46153846153846,48,0.38461538461538464,0.23076923076923078,7.0,23.0,0.679,1.0,0.0,0.0
CUST_04446,9,Healthcare,Asia-Pacific,SMB,2,0,Basic,29.0,7.666666666666667,3,0.6666666666666666,0.3333333333333333,7.0,23.0,1.109,1.0,1.5,1.5
CUST_04447,121,E-commerce,Asia-Pacific,Mid-market,14,0,Pro,199.0,37.93333333333333,54,0.4,0.26666666666666666,7.0,23.0,0.725,1.0,1.875,1.25
CUST_04448,4841,Education,Asia-Pacific,Enterprise,2,1,Enterprise,999.0,51.0,19,0.6666666666666666,0.3333333333333333,7.0,23.0,1.029,1.0,0.0,0.0
CUST_04449,2437,E-commerce,Asia-Pacific,Enterprise,4,0,Enterprise,999.0,53.4,30,0.2,0.0,7.0,23.0,0.403,1.0,0.0,0.0
CUST_04450,43,Education,Asia-Pacific,SMB,17,0,Pro,99.0,27.944444444444443,33,0.2222222222222222,0.16666666666666666,7.0,35.0,0.59,1.0,0.0,0.0
CUST_04451,45,Retail,North America,SMB,2,0,Basic,29.0,19.333333333333332,3,0.3333333333333333,0.0,7.0,23.0,0.879,1.0,0.0,1.5
CUST_04452,9,Retail,North America,SMB,6,0,Basic,29.0,15.285714285714286,11,0.2857142857142857,0.0,7.0,23.0,0.785,1.0,0.0,0.0
CUST_04453,17,Technology,North America,SMB,3,1,Basic,29.0,14.25,7,0.25,0.0,7.0,23.0,1.053,1.0,0.0,2.0
CUST_04454,204,E-commerce,Asia-Pacific,Mid-market,5,0,Pro,199.0,32.166666666666664,17,0.3333333333333333,0.16666666666666666,7.0,23.0,0.466,1.0,3.0,3.0
CUST_04455,45,Healthcare,North America,SMB,8,0,Basic,29.0,23.444444444444443,7,0.1111111111111111,0.0,7.0,23.0,0.96,1.0,0.0,0.0
CUST_04456,22,E-commerce,North America,SMB,7,0,Pro,99.0,20.0,7,0.125,0.0,7.0,23.0,0.575,1.0,0.0,0.0
CUST_04457,465,E-commerce,Asia-Pacific,Mid-market,12,0,Pro,199.0,39.38461538461539,35,0.23076923076923078,0.23076923076923078,7.0,23.0,0.546,1.0,0.0,0.0
CUST_04458,4,Education,Europe,SMB,23,0,Enterprise,299.0,27.5,37,0.08333333333333333,0.0,7.0,23.0,0.673,1.0,0.0,0.0
CUST_04459,22,E-commerce,Asia-Pacific,SMB,15,0,Basic,29.0,22.9375,15,0.0625,0.0,7.0,23.0,0.567,1.0,0.0,0.0
CUST_04460,205,Retail,North America,Mid-market,14,0,Enterprise,499.0,39.0,53,0.3333333333333333,0.13333333333333333,7.0,23.0,0.731,1.0,0.0,1.5
CUST_04461,38,Technology,Asia-Pacific,SMB,5,1,Basic,29.0,17.5,15,0.0,0.0,7.0,23.0,0.743,1.0,0.0,0.0
CUST_04462,303,Technology,Europe,Mid-market,20,0,Pro,199.0,46.61904761904762,73,0.42857142857142855,0.09523809523809523,9.0,49.0,0.579,1.0,2.625,2.333
CUST_04463,29,E-commerce,Asia-Pacific,SMB,23,0,Basic,29.0,24.041666666666668,38,0.2916666666666667,0.020833333333333332,7.0,23.0,0.707,1.0,0.0,0.0
CUST_04464,20,Finance,North America,SMB,7,1,Pro,99.0,19.375,13,0.0,0.0,7.0,23.0,0.542,1.0,0.0,0.0
CUST_04465,19,Healthcare,Latin America,SMB,1,1,Basic,29.0,17.0,0,0.0,0.0,7.0,23.0,1.0,1.0,0.0,0.0
CUST_04466,3,Healthcare,North America,SMB,23,0,Basic,29.0,27.03846153846154,35,0.19230769230769232,0.05128205128205128,7.0,23.0,0.555,1.0,9.748,2.6
CUST_04467,34,Healthcare,North America,SMB,13,0,Basic,29.0,24.5,20,0.07142857142857142,0.0,7.0,16.0,0.388,1.0,0.0,0.0
CUST_04468,42,Retail,Asia-Pacific,SMB,4,1,Basic,29.0,13.4,7,0.0,0.0,7.0,23.0,0.896,1.0,0.0,0.0
CUST_04469,28,E-commerce,Asia-Pacific,SMB,6,0,Basic,29.0,24.142857142857142,5,0.0,0.0,7.0,23.0,0.725,1.0,0.0,0.0
CUST_04470,1,Healthcare,Europe,SMB,10,1,Basic,29.0,24.692307692307693,26,0.5384615384615384,0.46153846153846156,7.0,23.0,0.607,1.0,0.0,0.0
CUST_04471,44,Technology,Europe,SMB,3,0,Enterprise,299.0,15.75,6,0.25,0.0,7.0,23.0,0.984,1.0,0.0,0.0
CUST_04472,3682,Finance,North America,Enterprise,1,1,Pro,299.0,43.0,12,0.0,0.0,7.0,23.0,1.0,1.0,0.0,0.0
CUST_04473,36,Technology,Europe,SMB,1,0,Basic,29.0,25.0,5,0.0,0.0,7.0,23.0,1.0,1.0,0.0,0.0
CUST_04474,43,Technology,Asia-Pacific,SMB,23,0,Pro,99.0,24.333333333333332,49,0.25,0.08333333333333333,7.0,23.0,0.596,1.0,0.0,2.0
CUST_04475,48,E-commerce,North America,SMB,19,1,Pro,99.0,25.681818181818183,42,0.09090909090909091,0.045454545454545456,5.0,-7.0,0.779,1.0,0.0,0.0
CUST_04476,30,E-commerce,North America,SMB,0,0,Pro,99.0,14.0,0,0.0,0.0,7.0,23.0,1.0,1.0,0.0,0.0
CUST_04477,33,Finance,North America,SMB,17,0,Basic,29.0,22.5,32,0.2777777777777778,0.1111111111111111,7.0,31.0,0.933,1.0,0.0,0.0
CUST_04478,1095,Retail,Europe,Enterprise,0,0,Enterprise,999.0,37.0,3,1.0,0.0,7.0,23.0,1.0,1.0,0.0,1.0
CUST_04479,13,Healthcare,North America,SMB,16,0,Pro,99.0,28.764705882352942,25,0.11764705882352941,0.058823529411764705,7.0,23.0,0.678,1.0,0.0,0.0
CUST_04480,25,Healthcare,North America,SMB,3,0,Basic,29.0,17.25,7,0.75,0.0,7.0,23.0,1.507,1.0,0.0,0.0
CUST_04481,347,E-commerce,North America,Mid-market,10,0,Basic,49.0,35.18181818181818,43,0.45454545454545453,0.0,7.0,23.0,0.725,1.0,0.0,0.0
CUST_04482,1862,E-commerce,Latin America,Enterprise,6,1,Enterprise,999.0,57.0,39,0.42857142857142855,0.42857142857142855,7.0,23.0,0.772,1.0,1.167,1.167
CUST_04483,1731,Finance,North America,Enterprise,0,0,Pro,299.0,51.0,4,1.0,1.0,7.0,23.0,1.0,1.0,1.0,1.0
CUST_04484,32,Technology,Europe,SMB,0,0,Pro,99.0,22.0,0,0.0,0.0,7.0,23.0,1.0,1.0,0.0,0.0
CUST_04485,2,Finance,North America,SMB,6,0,Pro,99.0,26.428571428571427,9,0.14285714285714285,0.0,8.0,37.0,0.7,1.0,0.0,0.0
CUST_04486,345,E-commerce,North America,Mid-market,17,0,Basic,49.0,42.77777777777778,47,0.05555555555555555,0.0,7.0,23.0,0.549,1.0,0.0,0.0
CUST_04487,48,Healthcare,North America,SMB,0,0,Basic,29.0,5.0,2,0.0,0.0,7.0,23.0,1.0,1.0,0.0,0.0
CUST_04488,24,Retail,North America,SMB,1,0,Pro,99.0,22.0,1,0.0,0.0,7.0,23.0,1.0,1.0,0.0,0.0
CUST_04489,1,Finance,Europe,SMB,10,0,Basic,29.0,23.545454545454547,20,0.45454545454545453,0.18181818181818182,7.0,23.0,0.658,1.0,4.125,3.3
CUST_04490,392,Finance,Latin America,Mid-market,1,0,Enterprise,499.0,30.5,7,0.0,0.0,7.0,23.0,1.0,1.0,0.0,0.0
CUST_04491,4180,Retail,North America,Enterprise,12,0,Enterprise,999.0,69.3076923076923,88,0.3076923076923077,0.3076923076923077,7.0,23.0,0.541,1.0,3.25,3.25
CUST_04492,492,E-commerce,Asia-Pacific,Mid-market,10,0,Pro,199.0,39.90909090909091,30,0.45454545454545453,0.2424242424242424,7.0,23.0,0.551,1.0,0.0,0.0
CUST_04493,16,Education,North America,SMB,5,0,Basic,29.0,18.166666666666668,6,0.16666666666666666,0.0,7.0,23.0,0.661,1.0,0.0,0.0
CUST_04494,448,E-commerce,North America,Mid-market,12,0,Pro,199.0,37.46153846153846,37,0.15384615384615385,0.15384615384615385,7.0,23.0,0.627,1.0,0.0,0.0
CUST_04495,22,E-commerce,Europe,SMB,5,1,Basic,29.0,20.666666666666668,6,0.16666666666666666,0.0,7.0,23.0,0.581,1.0,0.0,0.0
CUST_04496,32,Finance,North America,SMB,8,0,Basic,29.0,25.11111111111111,8,0.3333333333333333,0.0,7.0,23.0,0.518,1.0,0.0,1.5
CUST_04497,46,Finance,North America,SMB,6,0,Basic,29.0,26.857142857142858,13,0.0,0.0,7.0,23.0,0.801,1.0,0.0,0.0
CUST_04498,13,E-commerce,North America,SMB,4,1,Pro,99.0,24.0,4,0.5714285714285714,0.0,7.0,23.0,0.708,1.0,0.0,0.0
CUST_04499,13,Finance,Asia-Pacific,SMB,7,1,Basic,29.0,22.8,11,0.2,0.0,7.0,23.0,0.548,1.0,0.0,0.0
CUST_04500,2410,Retail,Europe,Enterprise,1,0,Enterprise,999.0,20.5,7,0.0,0.0,7.0,23.0,1.0,1.0,0.0,0.0
CUST_04501,3506,Education,Latin America,Enterprise,13,0,Pro,299.0,69.71428571428571,90,0.35714285714285715,0.21428571428571427,8.0,42.0,0.588,1.0,2.333,1.4
CUST_04502,4786,Education,Latin America,Enterprise,6,0,Pro,299.0,48.57142857142857,51,0.2857142857142857,0.14285714285714285,7.0,23.0,0.751,1.0,0.0,0.0
CUST_04503,4324,Healthcare,Latin America,Enterprise,2,0,Basic,99.0,33.0,20,1.0,0.2222222222222222,7.0,23.0,1.212,1.0,1.5,1.5
CUST_04504,224,Healthcare,Europe,Mid-market,5,1,Pro,199.0,36.666666666666664,14,0.0,0.0,7.0,23.0,0.777,1.0,0.0,0.0
CUST_04505,24,E-commerce,Latin America,SMB,3,0,Basic,29.0,19.25,6,0.0,0.0,7.0,23.0,0.883,1.0,0.0,0.0
CUST_04506,1070,Finance,Europe,Enterprise,5,0,Enterprise,999.0,60.5,33,0.5,0.16666666666666666,7.0,23.0,0.769,1.0,0.0,1.0
CUST_04507,4155,E-commerce,North America,Enterprise,19,0,Enterprise,999.0,71.35,150,0.4,0.175,7.0,23.0,0.603,1.0,1.428,2.5
CUST_04508,17,E-commerce,Asia-Pacific,SMB,4,1,Pro,99.0,17.0,7,0.4,0.2,7.0,23.0,1.0,1.0,0.0,1.25
CUST_04509,8,Healthcare,Europe,SMB,9,1,Basic,29.0,21.25,19,0.16666666666666666,0.0,7.0,23.0,0.565,1.0,0.0,3.0
CUST_04510,65,Healthcare,Asia-Pacific,Mid-market,13,0,Basic,49.0,41.0,33,0.2857142857142857,0.21428571428571427,7.0,23.0,0.537,1.0,2.333,1.75
CUST_04511,1627,Finance,Latin America,Enterprise,10,0,Enterprise,999.0,65.81818181818181,66,0.45454545454545453,0.2727272727272727,7.0,23.0,0.653,1.0,0.0,0.0
CUST_04512,27,Finance,North America,SMB,13,0,Basic,29.0,26.571428571428573,22,0.14285714285714285,0.07142857142857142,9.0,40.0,0.583,1.0,0.0,0.0
CUST_04513,712,Healthcare,Asia-Pacific,Enterprise,12,0,Enterprise,999.0,63.92307692307692,76,0.6153846153846154,0.23076923076923078,7.0,23.0,0.289,1.0,2.167,0.812
CUST_04514,25,Education,North America,SMB,18,1,Pro,99.0,26.434782608695652,36,0.13043478260869565,0.08695652173913043,7.0,23.0,0.397,1.0,0.0,0.0
CUST_04515,1660,Retail,Europe,Enterprise,16,0,Enterprise,999.0,63.705882352941174,107,0.47058823529411764,0.4117647058823529,8.0,39.0,0.526,1.0,2.429,2.125
CUST_04516,21,Finance,North America,SMB,8,0,Basic,29.0,23.333333333333332,13,0.2222222222222222,0.05555555555555555,7.0,23.0,0.557,1.0,0.0,0.0
CUST_04517,9,Education,Asia-Pacific,SMB,13,0,Basic,29.0,21.785714285714285,27,0.35714285714285715,0.07142857142857142,7.0,23.0,0.872,1.0,0.0,1.4
CUST_04518,15,Technology,Asia-Pacific,SMB,8,1,Basic,29.0,23.77777777777778,14,0.0,0.0,7.0,23.0,0.841,1.0,0.0,0.0
CUST_04519,20,E-commerce,North America,SMB,10,0,Basic,29.0,23.0,24,0.0,0.0,7.0,23.0,0.804,1.0,0.0,0.0
CUST_04520,10,Finance,North America,SMB,6,1,Basic,29.0,19.142857142857142,13,0.2857142857142857,0.0,7.0,23.0,0.679,1.0,0.0,1.75
CUST_04521,6,Healthcare,Europe,SMB,8,1,Basic,29.0,22.076923076923077,19,0.15384615384615385,0.07692307692307693,7.0,23.0,0.657,1.0,0.0,0.0
CUST_04522,28,Technology,Asia-Pacific,SMB,12,1,Basic,29.0,20.46153846153846,14,0.23076923076923078,0.0,7.0,23.0,0.318,1.0,0.0,0.0
CUST_04523,98,Healthcare,North America,Mid-market,6,0,Pro,199.0,41.285714285714285,24,0.2857142857142857,0.0,7.0,23.0,0.775,1.0,0.0,0.0
CUST_04524,238,Education,North America,Mid-market,10,1,Pro,199.0,40.45454545454545,32,0.2727272727272727,0.09090909090909091,7.0,23.0,0.396,1.0,0.0,0.0
CUST_04525,16,Education,Europe,SMB,1,0,Basic,29.0,15.5,0,0.0,0.0,7.0,23.0,1.0,1.0,0.0,0.0
CUST_04526,255,Healthcare,Latin America,Mid-market,15,0,Pro,199.0,42.3125,60,0.5,0.25,8.0,15.0,0.414,1.0,2.0,2.0
CUST_04527,8,Finance,Asia-Pacific,SMB,23,0,Basic,29.0,24.333333333333332,41,0.20833333333333334,0.08333333333333333,8.0,20.0,0.473,1.0,0.0,0.0
CUST_04528,32,Finance,Asia-Pacific,SMB,18,0,Pro,99.0,28.57894736842105,35,0.10526315789473684,0.05263157894736842,5.0,4.0,0.595,1.0,9.498,4.75
CUST_04529,39,Finance,North America,SMB,20,0,Basic,29.0,22.19047619047619,39,0.14285714285714285,0.047619047619047616,5.0,-17.0,0.901,1.0,0.0,0.0
CUST_04530,3200,Education,Asia-Pacific,Enterprise,11,1,Enterprise,999.0,66.35714285714286,98,0.5714285714285714,0.5,7.0,23.0,0.369,1.0,1.0,0.875
CUST_04531,42,Technology,North America,SMB,21,0,Basic,29.0,24.363636363636363,48,0.2727272727272727,0.09090909090909091,7.0,22.0,0.903,1.0,5.499,3.667
CUST_04532,355,E-commerce,North America,Mid-market,19,0,Enterprise,499.0,39.15,47,0.55,0.1,7.0,23.0,0.639,1.0,0.0,0.0
CUST_04533,445,Retail,North America,Mid-market,20,0,Basic,49.0,45.76190476190476,59,0.23809523809523808,0.14285714285714285,9.0,36.0,0.754,1.0,0.0,2.1
CUST_04534,10,Technology,North America,SMB,8,1,Basic,29.0,18.11111111111111,12,0.1111111111111111,0.1111111111111111,7.0,23.0,0.497,1.0,0.0,0.0
CUST_04535,18,Finance,Latin America,SMB,2,0,Pro,99.0,18.0,2,0.3333333333333333,0.3333333333333333,7.0,23.0,0.972,1.0,1.5,1.5
CUST_04536,1899,Finance,Asia-Pacific,Enterprise,18,1,Pro,299.0,60.857142857142854,177,0.2857142857142857,0.14285714285714285,10.0,70.0,0.756,1.0,3.5,5.25
CUST_04537,34,Education,North America,SMB,8,0,Basic,29.0,27.333333333333332,24,0.1111111111111111,0.1111111111111111,7.0,23.0,0.457,1.0,0.0,0.0
CUST_04538,18,E-commerce,North America,SMB,5,0,Pro,99.0,26.5,16,0.0,0.0,7.0,23.0,0.943,1.0,0.0,0.0
CUST_04539,4339,Retail,North America,Enterprise,3,1,Pro,299.0,47.75,20,0.5,0.5,7.0,23.0,0.88,1.0,1.0,1.0
CUST_04540,11,Finance,North America,SMB,1,0,Basic,29.0,17.5,1,0.5,0.0,7.0,23.0,1.0,1.0,0.0,1.0
CUST_04541,217,Healthcare,Asia-Pacific,Mid-market,8,0,Basic,49.0,35.111111111111114,35,0.3333333333333333,0.1111111111111111,7.0,23.0,0.484,1.0,0.0,0.0
CUST_04542,3541,Finance,North America,Enterprise,15,0,Pro,299.0,76.125,118,0.5,0.21875,7.0,12.0,0.585,1.0,2.286,2.0
CUST_04543,6,E-commerce,North America,SMB,2,0,Pro,99.0,15.333333333333334,3,0.0,0.0,7.0,23.0,0.815,1.0,0.0,0.0
CUST_04544,4083,Finance,Europe,Enterprise,13,1,Enterprise,999.0,59.4375,129,0.5625,0.19791666666666666,7.0,23.0,0.606,1.0,0.0,0.0
CUST_04545,404,E-commerce,North America,Mid-market,2,1,Enterprise,499.0,22.0,3,0.0,0.0,7.0,23.0,0.909,1.0,0.0,0.0
CUST_04546,13,Technology,Europe,SMB,1,0,Basic,29.0,11.5,0,0.0,0.0,7.0,23.0,1.0,1.0,0.0,0.0
CUST_04547,1864,Technology,Asia-Pacific,Enterprise,18,0,Basic,99.0,71.36842105263158,123,0.3157894736842105,0.15789473684210525,7.0,19.0,0.701,1.0,0.0,0.0
CUST_04548,167,Healthcare,Europe,Mid-market,11,0,Basic,49.0,46.083333333333336,36,0.5,0.16666666666666666,7.0,23.0,0.684,1.0,3.0,2.0
CUST_04549,13,E-commerce,North America,SMB,12,0,Enterprise,299.0,23.615384615384617,13,0.0,0.0,9.0,50.0,0.55,1.0,0.0,0.0
CUST_04550,3989,Finance,Europe,Enterprise,17,0,Enterprise,999.0,66.5,107,0.3333333333333333,0.16666666666666666,7.0,23.0,0.594,1.0,6.0,3.0
CUST_04551,19,Finance,North America,SMB,19,0,Basic,29.0,24.3,40,0.15,0.05,7.0,23.0,0.535,1.0,0.0,0.0
CUST_04552,38,E-commerce,Asia-Pacific,SMB,5,0,Basic,29.0,26.666666666666668,6,0.0,0.0,7.0,23.0,0.825,1.0,0.0,0.0
CUST_04553,9,Technology,North America,SMB,2,0,Basic,29.0,8.0,2,0.0,0.0,7.0,23.0,1.0,1.0,0.0,0.0
CUST_04554,2012,Technology,North America,Enterprise,1,0,Enterprise,999.0,30.0,5,1.5,0.3333333333333333,7.0,23.0,1.0,1.0,1.0,1.0
CUST_04555,53,Education,Asia-Pacific,Mid-market,9,0,Basic,49.0,40.9,35,0.2,0.1,7.0,23.0,0.55,1.0,0.0,0.0
CUST_04556,1,Healthcare,North America,SMB,10,1,Pro,99.0,19.454545454545453,21,0.0,0.0,6.0,24.0,0.463,1.0,0.0,0.0
CUST_04557,302,Education,North America,Mid-market,3,0,Basic,49.0,27.75,1,0.0,0.0,7.0,23.0,0.811,1.0,0.0,0.0
CUST_04558,30,Retail,Latin America,SMB,3,1,Basic,29.0,21.75,3,0.0,0.0,7.0,23.0,0.667,1.0,0.0,0.0
CUST_04559,10,Technology,North America,SMB,8,0,Basic,29.0,22.88888888888889,15,0.0,0.0,7.0,23.0,0.328,1.0,0.0,0.0
CUST_04560,35,Education,Europe,SMB,1,0,Basic,29.0,6.5,3,0.0,0.0,7.0,23.0,1.0,1.0,0.0,0.0
CUST_04561,45,Finance,North America,SMB,9,0,Pro,99.0,21.4,10,0.2,0.05,7.0,23.0,0.771,1.0,0.0,0.0
CUST_04562,10,Healthcare,North America,SMB,10,1,Basic,29.0,21.46153846153846,23,0.6923076923076923,0.07692307692307693,7.0,23.0,1.305,1.0,0.0,0.722
CUST_04563,6,Retail,Asia-Pacific,SMB,14,0,Basic,29.0,19.266666666666666,25,0.13333333333333333,0.0,7.0,23.0,0.363,1.0,0.0,0.0
CUST_04564,80,E-commerce,Asia-Pacific,Mid-market,3,0,Enterprise,499.0,22.5,6,0.25,0.25,7.0,23.0,1.133,1.0,0.0,0.0
CUST_04565,368,Education,North America,Mid-market,7,0,Enterprise,499.0,35.25,27,0.125,0.125,7.0,23.0,0.638,1.0,0.0,0.0
CUST_04566,2,E-commerce,North America,SMB,22,1,Basic,29.0,24.24,38,0.16,0.04,6.0,22.0,0.722,1.0,0.0,0.0
CUST_04567,293,Retail,Latin America,Mid-market,3,0,Basic,49.0,33.5,9,0.0,0.0,7.0,23.0,0.94,1.0,0.0,0.0
CUST_04568,2,Technology,Europe,SMB,18,0,Basic,29.0,27.263157894736842,30,0.15789473684210525,0.15789473684210525,7.0,23.0,0.293,1.0,0.0,0.0
CUST_04569,329,Education,North America,Mid-market,5,0,Basic,49.0,28.333333333333332,14,0.16666666666666666,0.0,7.0,23.0,0.547,1.0,0.0,0.0
CUST_04570,41,Education,Asia-Pacific,SMB,8,0,Basic,29.0,26.444444444444443,11,0.0,0.0,7.0,23.0,0.511,1.0,0.0,0.0
CUST_04571,8,Finance,Asia-Pacific,SMB,1,1,Basic,29.0,20.5,2,0.5,0.5,7.0,23.0,1.0,1.0,1.0,1.0
CUST_04572,425,Technology,Europe,Mid-market,7,0,Pro,199.0,37.125,30,0.25,0.125,7.0,23.0,0.727,1.0,0.0,0.0
CUST_04573,8,Retail,North America,SMB,10,0,Basic,29.0,19.666666666666668,20,0.25,0.08333333333333333,7.0,28.0,0.458,1.0,5.999,2.0
CUST_04574,437,Education,Europe,Mid-market,9,0,Basic,49.0,34.7,25,0.6,0.35,7.0,23.0,0.62,1.0,1.429,0.833
CUST_04575,253,E-commerce,Asia-Pacific,Mid-market,22,0,Basic,49.0,42.52173913043478,86,0.30434782608695654,0.08695652173913043,7.0,23.0,0.553,1.0,0.0,4.928
CUST_04576,20,Education,Asia-Pacific,SMB,17,0,Basic,29.0,24.055555555555557,22,0.1111111111111111,0.0,7.0,23.0,0.624,1.0,0.0,0.0
CUST_04577,2401,Technology,North America,Enterprise,17,1,Pro,299.0,81.3,123,0.25,0.2,10.0,73.0,0.633,1.0,0.0,0.0
CUST_04578,15,Finance,North America,SMB,21,0,Basic,29.0,25.454545454545453,56,0.3181818181818182,0.045454545454545456,7.0,23.0,0.57,1.0,0.0,0.0
CUST_04579,745,Education,Europe,Enterprise,12,1,Enterprise,999.0,60.23076923076923,81,0.3076923076923077,0.23076923076923078,9.0,38.0,0.506,1.0,4.333,3.25
CUST_04580,5,Healthcare,Europe,SMB,11,0,Pro,99.0,25.666666666666668,28,0.25,0.0,7.0,23.0,0.721,1.0,0.0,2.0
CUST_04581,2,Education,Asia-Pacific,SMB,3,1,Pro,99.0,18.5,3,0.0,0.0,7.0,23.0,1.027,1.0,0.0,0.0
CUST_04582,3003,Technology,Latin America,Enterprise,1,0,Enterprise,999.0,37.5,3,1.0,0.25,7.0,23.0,1.0,1.0,1.0,1.0
CUST_04583,5,Healthcare,North America,SMB,6,1,Basic,29.0,23.11111111111111,12,0.0,0.0,7.0,23.0,1.038,1.0,0.0,0.0
CUST_04584,28,Finance,Asia-Pacific,SMB,17,0,Basic,29.0,30.333333333333332,40,0.1111111111111111,0.05555555555555555,7.0,23.0,0.791,1.0,0.0,0.0
CUST_04585,32,E-commerce,Latin America,SMB,6,0,Basic,29.0,27.0,9,0.0,0.0,7.0,23.0,0.648,1.0,0.0,0.0
CUST_04586,123,Retail,Europe,Mid-market,22,0,Basic,49.0,40.82608695652174,76,0.13043478260869565,0.043478260869565216,9.0,22.0,0.6,1.0,0.0,0.0
CUST_04587,33,Technology,North America,SMB,22,0,Pro,99.0,26.434782608695652,42,0.13043478260869565,0.0,8.0,13.0,0.851,1.0,0.0,0.0
CUST_04588,36,Retail,North America,SMB,22,0,Basic,29.0,20.5,43,0.08333333333333333,0.041666666666666664,6.0,20.0,0.732,1.0,0.0,0.0
CUST_04589,359,Healthcare,North America,Mid-market,17,0,Pro,199.0,38.611111111111114,56,0.5555555555555556,0.2222222222222222,5.0,13.0,0.505,1.0,1.125,2.7
CUST_04590,95,Technology,Asia-Pacific,Mid-market,22,0,Basic,49.0,43.833333333333336,84,0.20833333333333334,0.16666666666666666,8.0,41.0,0.627,1.0,3.0,2.4
CUST_04591,8,Education,Europe,SMB,16,0,Pro,99.0,21.058823529411764,22,0.11764705882352941,0.058823529411764705,7.0,23.0,0.475,1.0,0.0,0.0
CUST_04592,45,E-commerce,North America,SMB,3,1,Basic,29.0,23.25,3,0.0,0.0,7.0,23.0,0.774,1.0,0.0,0.0
CUST_04593,21,Education,North America,SMB,19,0,Pro,99.0,29.35,33,0.15,0.05,4.0,27.0,0.46,1.0,0.0,3.333
CUST_04594,1761,Technology,North America,Enterprise,0,0,Enterprise,999.0,37.0,4,0.0,0.0,7.0,23.0,1.0,1.0,0.0,0.0
CUST_04595,44,Retail,North America,SMB,23,0,Basic,29.0,25.583333333333332,36,0.08333333333333333,0.041666666666666664,10.0,34.0,0.86,1.0,0.0,0.0
CUST_04596,458,Education,Asia-Pacific,Mid-market,10,1,Pro,199.0,42.72727272727273,28,0.2727272727272727,0.13636363636363635,7.0,23.0,0.339,1.0,0.0,0.0
CUST_04597,9,Education,Latin America,SMB,14,0,Enterprise,299.0,24.8,23,0.2,0.2,8.0,25.0,0.685,1.0,0.0,0.0
CUST_04598,38,Finance,Latin America,SMB,1,1,Enterprise,299.0,19.0,2,0.0,0.0,7.0,23.0,1.0,1.0,0.0,0.0
CUST_04599,5,Finance,North America,SMB,6,0,Basic,29.0,18.285714285714285,9,0.42857142857142855,0.42857142857142855,7.0,23.0,0.492,1.0,1.167,1.167
CUST_04600,10,E-commerce,Europe,SMB,9,0,Basic,29.0,21.0,10,0.2,0.0,7.0,23.0,1.119,1.0,0.0,0.0
CUST_04601,24,Healthcare,North America,SMB,5,0,Basic,29.0,28.333333333333332,6,0.3333333333333333,0.16666666666666666,7.0,23.0,0.724,1.0,0.0,0.0
CUST_04602,291,Healthcare,Europe,Mid-market,13,0,Pro,199.0,43.92857142857143,55,0.21428571428571427,0.07142857142857142,7.0,23.0,0.603,1.0,6.999,2.333
CUST_04603,4,Retail,Europe,SMB,12,1,Pro,99.0,27.923076923076923,14,0.07692307692307693,0.0,5.0,-18.0,0.501,1.0,0.0,0.0
CUST_04604,322,Retail,North America,Mid-market,2,0,Pro,199.0,30.666666666666668,6,0.0,0.0,7.0,23.0,1.239,1.0,0.0,0.0
CUST_04605,2897,Healthcare,Europe,Enterprise,11,0,Pro,299.0,67.41666666666667,86,0.8333333333333334,0.5833333333333334,7.0,23.0,0.556,1.0,0.857,1.2
CUST_04606,464,Technology,Latin America,Mid-market,18,0,Pro,199.0,41.1578947368421,84,0.3684210526315789,0.21052631578947367,6.0,20.0,0.79,1.0,0.0,0.0
CUST_04607,47,Education,Europe,SMB,21,0,Basic,29.0,27.045454545454547,40,0.18181818181818182,0.09090909090909091,7.0,23.0,0.592,1.0,0.0,0.0
CUST_04608,34,E-commerce,Europe,SMB,4,0,Basic,29.0,17.6,8,0.2,0.0,7.0,23.0,0.795,1.0,0.0,0.0
CUST_04609,324,Finance,Europe,Mid-market,9,0,Pro,199.0,38.8,29,0.1,0.0,10.0,70.0,0.528,1.0,0.0,0.0
CUST_04610,35,Retail,North America,SMB,5,0,Basic,29.0,24.333333333333332,11,0.3333333333333333,0.16666666666666666,6.0,30.0,0.432,1.0,0.0,1.5
CUST_04611,124,Finance,Latin America,Mid-market,1,1,Basic,49.0,27.0,2,0.0,0.0,7.0,23.0,1.0,1.0,0.0,0.0
CUST_04612,162,Education,Latin America,Mid-market,15,0,Pro,199.0,37.125,55,0.3125,0.15625,8.0,23.0,0.512,1.0,0.0,0.0
CUST_04613,38,Education,North America,SMB,3,0,Basic,29.0,20.0,6,0.25,0.0,7.0,23.0,0.75,1.0,0.0,2.0
CUST_04614,58,Healthcare,North America,Mid-market,6,1,Pro,199.0,37.142857142857146,24,0.2857142857142857,0.14285714285714285,7.0,23.0,0.283,1.0,3.5,1.75
CUST_04615,484,Technology,Latin America,Mid-market,10,0,Pro,199.0,34.27272727272727,33,0.18181818181818182,0.045454545454545456,9.0,48.0,0.423,1.0,0.0,0.0
CUST_04616,29,Technology,Europe,SMB,0,0,Basic,29.0,10.0,0,0.0,0.0,7.0,23.0,1.0,1.0,0.0,0.0
CUST_04617,23,Retail,Asia-Pacific,SMB,9,0,Pro,99.0,28.4,18,0.2,0.0,7.0,28.0,0.669,1.0,0.0,0.0
CUST_04618,6,Finance,Europe,SMB,2,1,Basic,29.0,12.0,5,0.0,0.0,7.0,23.0,0.458,1.0,0.0,0.0
CUST_04619,48,Retail,North America,SMB,1,0,Basic,29.0,16.5,1,0.5,0.0,7.0,23.0,1.0,1.0,0.0,1.0
CUST_04620,12,E-commerce,North America,SMB,2,1,Basic,29.0,12.666666666666666,0,0.3333333333333333,0.0,7.0,23.0,1.303,1.0,0.0,1.5
CUST_04621,36,Healthcare,Latin America,SMB,13,0,Pro,99.0,24.285714285714285,17,0.14285714285714285,0.07142857142857142,5.0,16.0,0.576,1.0,0.0,3.5
CUST_04622,34,Healthcare,North America,SMB,10,1,Basic,29.0,19.0,17,0.2727272727272727,0.09090909090909091,7.0,23.0,0.605,1.0,0.0,0.0
CUST_04623,19,Technology,Europe,SMB,9,1,Enterprise,299.0,21.25,22,0.3333333333333333,0.08333333333333333,7.0,23.0,0.776,1.0,0.0,0.0
CUST_04624,26,Technology,Asia-Pacific,SMB,3,1,Pro,99.0,24.25,8,0.25,0.25,7.0,23.0,0.948,1.0,2.0,2.0
CUST_04625,139,Finance,Latin America,Mid-market,9,1,Basic,49.0,46.4,26,0.2,0.0,7.0,21.0,0.765,1.0,0.0,0.0
CUST_04626,2627,Retail,Latin America,Enterprise,10,0,Basic,99.0,70.72727272727273,74,0.6363636363636364,0.5,7.0,23.0,0.721,1.0,2.0,1.571
CUST_04627,10,Technology,Asia-Pacific,SMB,11,1,Pro,99.0,22.416666666666668,22,0.08333333333333333,0.0,7.0,23.0,0.758,1.0,0.0,0.0
CUST_04628,26,Healthcare,Asia-Pacific,SMB,7,1,Basic,29.0,21.375,13,0.0,0.0,7.0,23.0,0.795,1.0,0.0,0.0
CUST_04629,948,Retail,Europe,Enterprise,3,0,Pro,299.0,52.25,20,0.75,0.5,7.0,23.0,1.129,1.0,1.0,0.667
CUST_04630,43,Healthcare,Asia-Pacific,SMB,18,0,Pro,99.0,25.105263157894736,43,0.631578947368421,0.16666666666666666,6.0,16.0,0.617,1.0,0.0,0.792
CUST_04631,425,Retail,Asia-Pacific,Mid-market,15,0,Basic,49.0,40.8125,68,0.125,0.125,8.0,31.0,0.772,1.0,4.0,4.0
CUST_04632,13,Healthcare,Latin America,SMB,7,0,Pro,99.0,20.875,15,0.125,0.0,7.0,23.0,0.838,1.0,0.0,4.0
CUST_04633,28,Technology,Asia-Pacific,SMB,6,1,Basic,29.0,26.333333333333332,13,0.4444444444444444,0.0,7.0,23.0,0.816,1.0,0.0,0.0
CUST_04634,40,Healthcare,Asia-Pacific,SMB,3,1,Basic,29.0,22.75,4,0.25,0.0,7.0,23.0,1.011,1.0,0.0,2.0
CUST_04635,39,E-commerce,Latin America,SMB,3,0,Pro,99.0,16.25,6,0.5,0.0,7.0,23.0,0.923,1.0,0.0,2.0
CUST_04636,40,Education,Europe,SMB,7,0,Basic,29.0,21.75,12,0.25,0.125,7.0,23.0,0.736,1.0,4.0,2.0
CUST_04637,29,Retail,Latin America,SMB,2,1,Pro,99.0,10.666666666666666,4,0.0,0.0,7.0,23.0,1.125,1.0,0.0,0.0
CUST_04638,23,Technology,Asia-Pacific,SMB,2,0,Basic,29.0,12.0,3,0.0,0.0,7.0,23.0,1.125,1.0,0.0,0.0
CUST_04639,35,Retail,Latin America,SMB,0,0,Basic,29.0,16.0,2,0.0,0.0,7.0,23.0,1.0,1.0,0.0,0.0
CUST_04640,2193,Technology,Asia-Pacific,Enterprise,5,0,Enterprise,999.0,57.5,27,0.5,0.3333333333333333,7.0,23.0,0.6,1.0,1.5,1.0
CUST_04641,36,E-commerce,Asia-Pacific,SMB,22,1,Basic,29.0,22.36,45,0.24,0.04,7.0,23.0,0.917,1.0,0.0,0.0
CUST_04642,12,Retail,North America,SMB,14,1,Basic,29.0,24.705882352941178,15,0.35294117647058826,0.0,7.0,23.0,0.486,1.0,0.0,1.417
CUST_04643,20,Education,Europe,SMB,15,1,Basic,29.0,29.1,36,0.3,0.2,7.0,23.0,0.79,1.0,0.0,1.667
CUST_04644,22,Technology,North America,SMB,10,0,Pro,99.0,21.90909090909091,16,0.09090909090909091,0.0,7.0,23.0,1.073,1.0,0.0,0.0
CUST_04645,48,Technology,Europe,SMB,5,1,Pro,99.0,14.5,7,0.16666666666666666,0.0,7.0,23.0,0.931,1.0,0.0,0.0
CUST_04646,15,Healthcare,Latin America,SMB,10,0,Basic,29.0,19.09090909090909,21,0.18181818181818182,0.09090909090909091,10.0,36.0,1.152,1.0,0.0,2.75
CUST_04647,354,Education,North America,Mid-market,12,1,Pro,199.0,44.76470588235294,54,0.17647058823529413,0.058823529411764705,7.0,23.0,0.536,1.0,8.499,2.833
CUST_04648,42,Technology,Latin America,SMB,1,0,Basic,29.0,21.0,2,0.5,0.5,7.0,23.0,1.0,1.0,1.0,1.0
CUST_04649,22,Education,Asia-Pacific,SMB,16,0,Pro,99.0,24.529411764705884,22,0.17647058823529413,0.08823529411764706,7.0,23.0,0.713,1.0,0.0,0.0
CUST_04650,403,Technology,Asia-Pacific,Mid-market,17,1,Pro,199.0,44.7,65,0.65,0.15,7.0,23.0,0.66,1.0,3.333,1.538
CUST_04651,31,Retail,Latin America,SMB,7,0,Basic,29.0,22.0,15,0.375,0.0625,7.0,23.0,0.773,1.0,0.0,0.0
CUST_04652,1193,Finance,Europe,Enterprise,9,0,Enterprise,999.0,75.6,79,0.5,0.5,9.0,58.0,0.893,1.0,0.0,0.0
CUST_04653,400,Technology,Latin America,Mid-market,23,0,Pro,199.0,40.916666666666664,87,0.3333333333333333,0.22916666666666666,7.0,23.0,0.709,1.0,0.0,0.0
CUST_04654,20,Technology,Europe,SMB,12,0,Basic,29.0,24.076923076923077,21,0.3076923076923077,0.15384615384615385,7.0,23.0,0.665,1.0,0.0,0.0
CUST_04655,41,Finance,Latin America,SMB,15,1,Basic,29.0,27.2,33,0.1,0.0,7.0,23.0,0.717,1.0,0.0,0.0
CUST_04656,4127,Education,Europe,Enterprise,1,0,Pro,299.0,44.5,8,1.0,1.0,7.0,23.0,1.0,1.0,1.0,1.0
CUST_04657,8,Technology,Latin America,SMB,20,0,Pro,99.0,25.047619047619047,32,0.14285714285714285,0.047619047619047616,7.0,23.0,0.719,1.0,10.498,3.5
CUST_04658,2453,Finance,Europe,Enterprise,10,1,Enterprise,999.0,72.46153846153847,95,0.6923076923076923,0.2692307692307692,7.0,23.0,0.711,1.0,0.0,0.0
CUST_04659,24,Technology,North America,SMB,3,1,Basic,29.0,22.5,1,0.25,0.0,7.0,23.0,0.533,1.0,0.0,0.0
CUST_04660,79,Retail,North America,Mid-market,1,1,Pro,199.0,15.5,4,0.0,0.0,7.0,23.0,1.0,1.0,0.0,0.0
CUST_04661,4585,Healthcare,Asia-Pacific,Enterprise,0,0,Enterprise,999.0,29.0,3,1.0,1.0,7.0,23.0,1.0,1.0,1.0,1.0
CUST_04662,32,Education,Europe,SMB,1,0,Basic,29.0,9.5,2,0.0,0.0,7.0,23.0,1.0,1.0,0.0,0.0
CUST_04663,3,Healthcare,Latin America,SMB,3,0,Basic,29.0,26.75,5,0.25,0.0,7.0,23.0,0.729,1.0,0.0,0.0
CUST_04664,15,Retail,Europe,SMB,8,0,Basic,29.0,26.11111111111111,14,0.2222222222222222,0.0,7.0,23.0,0.728,1.0,0.0,0.0
CUST_04665,3584,Education,Europe,Enterprise,3,0,Basic,99.0,46.75,19,0.75,0.5,7.0,23.0,0.877,1.0,2.0,1.333
CUST_04666,38,Retail,Europe,SMB,12,0,Pro,99.0,24.133333333333333,16,0.4,0.3,7.0,23.0,0.704,1.0,0.0,0.0
CUST_04667,14,Healthcare,North America,SMB,7,1,Basic,29.0,23.375,9,0.375,0.25,7.0,23.0,0.706,1.0,2.0,1.333
CUST_04668,36,E-commerce,North America,SMB,8,1,Basic,29.0,21.88888888888889,18,0.0,0.0,7.0,23.0,0.662,1.0,0.0,0.0
CUST_04669,3059,E-commerce,Latin America,Enterprise,13,0,Enterprise,999.0,70.35714285714286,91,0.8571428571428571,0.3333333333333333,7.0,23.0,0.952,1.0,0.0,0.0
CUST_04670,32,Healthcare,North America,SMB,10,0,Enterprise,299.0,21.636363636363637,16,0.2727272727272727,0.09090909090909091,7.0,23.0,0.878,1.0,0.0,0.0
CUST_04671,46,E-commerce,Europe,SMB,4,0,Basic,29.0,16.0,7,0.2,0.0,7.0,23.0,0.937,1.0,0.0,0.0
CUST_04672,49,E-commerce,Asia-Pacific,SMB,3,0,Basic,29.0,16.5,12,0.0,0.0,7.0,23.0,1.303,1.0,0.0,0.0
CUST_04673,468,Education,North America,Mid-market,2,0,Pro,199.0,25.333333333333332,8,0.0,0.0,7.0,23.0,1.105,1.0,0.0,0.0
CUST_04674,4602,Education,North America,Enterprise,19,0,Enterprise,999.0,76.6,126,0.35,0.35,8.0,33.0,0.372,1.0,0.0,0.0
CUST_04675,19,E-commerce,North America,SMB,19,1,Basic,29.0,25.636363636363637,35,0.22727272727272727,0.022727272727272728,7.0,23.0,0.254,1.0,0.0,6.6
CUST_04676,190,Education,North America,Mid-market,11,0,Enterprise,499.0,39.5,44,0.16666666666666666,0.08333333333333333,7.0,23.0,0.747,1.0,0.0,0.0
CUST_04677,4,Finance,Asia-Pacific,SMB,5,0,Basic,29.0,21.0,11,0.3333333333333333,0.0,7.0,23.0,1.0,1.0,0.0,1.5
CUST_04678,16,Finance,North America,SMB,17,1,Basic,29.0,22.05,31,0.1,0.05,7.0,23.0,0.68,1.0,0.0,0.0
CUST_04679,41,Healthcare,Europe,SMB,3,0,Basic,29.0,20.25,4,0.25,0.0,7.0,23.0,0.914,1.0,0.0,2.0
CUST_04680,23,Retail,North America,SMB,6,0,Pro,99.0,18.428571428571427,9,0.2857142857142857,0.14285714285714285,7.0,23.0,0.841,1.0,0.0,0.0
CUST_04681,270,E-commerce,Latin America,Mid-market,11,1,Enterprise,499.0,40.25,33,0.3333333333333333,0.08333333333333333,7.0,23.0,0.584,1.0,0.0,1.5
CUST_04682,275,Finance,North America,Mid-market,10,1,Pro,199.0,38.69230769230769,36,1.0,0.3076923076923077,9.0,36.0,0.711,1.0,1.625,1.5
CUST_04683,486,Education,Europe,Mid-market,16,0,Basic,49.0,44.0,64,0.4117647058823529,0.20588235294117646,8.0,52.0,0.477,1.0,0.0,1.214
CUST_04684,32,E-commerce,Latin America,SMB,1,1,Pro,99.0,21.0,2,0.0,0.0,7.0,23.0,1.0,1.0,0.0,0.0
CUST_04685,41,Finance,Asia-Pacific,SMB,4,1,Basic,29.0,17.6,6,0.2,0.2,7.0,23.0,0.824,1.0,2.5,2.5
CUST_04686,15,Technology,Asia-Pacific,SMB,2,1,Basic,29.0,11.333333333333334,4,0.3333333333333333,0.3333333333333333,7.0,23.0,0.926,1.0,1.5,1.5
CUST_04687,19,Finance,Asia-Pacific,SMB,12,1,Basic,29.0,26.23076923076923,10,0.0,0.0,7.0,23.0,0.667,1.0,0.0,0.0
CUST_04688,107,E-commerce,North America,Mid-market,3,0,Enterprise,499.0,31.5,14,0.25,0.25,7.0,23.0,0.968,1.0,0.0,0.0
CUST_04689,3564,Finance,Latin America,Enterprise,16,0,Pro,299.0,64.11764705882354,110,0.5294117647058824,0.2647058823529412,10.0,50.0,0.499,1.0,0.944,1.889
CUST_04690,1922,Finance,Europe,Enterprise,1,0,Basic,99.0,30.5,6,0.0,0.0,7.0,23.0,1.0,1.0,0.0,0.0
CUST_04691,3,Education,Latin America,SMB,7,0,Basic,29.0,25.0,8,0.375,0.25,7.0,23.0,0.82,1.0,2.0,1.333
CUST_04692,44,Education,Europe,SMB,22,0,Basic,29.0,28.608695652173914,33,0.2608695652173913,0.043478260869565216,6.0,13.0,0.786,1.0,0.0,0.0
CUST_04693,21,Retail,North America,SMB,7,0,Pro,99.0,21.625,12,0.375,0.1875,7.0,23.0,0.694,1.0,0.0,0.0
CUST_04694,46,Healthcare,Latin America,SMB,7,1,Basic,29.0,21.125,18,0.125,0.0,7.0,23.0,0.592,1.0,0.0,0.0
CUST_04695,4,Finance,Asia-Pacific,SMB,7,1,Basic,29.0,23.625,8,0.0,0.0,7.0,23.0,0.677,1.0,0.0,0.0
CUST_04696,404,Technology,Europe,Mid-market,9,0,Pro,199.0,42.6,26,0.7,0.5,7.0,23.0,0.61,1.0,1.0,0.714
CUST_04697,54,Finance,North America,Mid-market,4,1,Pro,199.0,34.714285714285715,12,0.14285714285714285,0.14285714285714285,7.0,23.0,0.749,1.0,3.5,3.5
CUST_04698,626,Education,Asia-Pacific,Enterprise,14,0,Enterprise,999.0,68.53333333333333,109,0.3333333333333333,0.3333333333333333,7.0,23.0,0.722,1.0,0.0,0.0
CUST_04699,22,Finance,Europe,SMB,19,0,Basic,29.0,27.5,38,0.2,0.1,7.0,12.0,0.691,1.0,0.0,5.0
CUST_04700,26,Education,Latin America,SMB,6,1,Basic,29.0,18.714285714285715,7,0.14285714285714285,0.14285714285714285,7.0,23.0,0.908,1.0,3.5,3.5
CUST_04701,18,Technology,Latin America,SMB,6,1,Basic,29.0,27.714285714285715,5,0.0,0.0,7.0,23.0,0.559,1.0,0.0,0.0
CUST_04702,4625,Healthcare,Asia-Pacific,Enterprise,9,1,Pro,299.0,71.9,82,0.9,0.4,7.0,23.0,0.869,1.0,0.0,0.556
CUST_04703,171,E-commerce,Asia-Pacific,Mid-market,12,1,Pro,199.0,40.6,44,0.2,0.06666666666666667,7.0,23.0,0.603,1.0,0.0,2.5
CUST_04704,2,Finance,North America,SMB,15,0,Basic,29.0,21.5,25,0.125,0.0,7.0,23.0,0.814,1.0,0.0,0.0
CUST_04705,446,Retail,Asia-Pacific,Mid-market,11,0,Basic,49.0,36.5,44,0.25,0.16666666666666666,8.0,31.0,0.466,1.0,0.0,0.0
CUST_04706,39,Healthcare,North America,SMB,17,0,Basic,29.0,24.77777777777778,26,0.3888888888888889,0.2222222222222222,7.0,23.0,0.807,1.0,0.0,1.286
CUST_04707,29,Finance,Asia-Pacific,SMB,4,1,Basic,29.0,17.0,12,0.14285714285714285,0.0,7.0,23.0,1.059,1.0,0.0,0.0
CUST_04708,249,Retail,Latin America,Mid-market,15,0,Enterprise,499.0,42.25,46,0.25,0.1875,7.0,41.0,0.544,1.0,0.0,0.0
CUST_04709,21,Retail,Asia-Pacific,SMB,7,0,Basic,29.0,20.125,10,0.25,0.0,7.0,23.0,0.571,1.0,0.0,0.0
CUST_04710,46,Education,Asia-Pacific,SMB,2,1,Basic,29.0,17.0,1,0.0,0.0,7.0,23.0,0.912,1.0,0.0,0.0
CUST_04711,13,Education,North America,SMB,0,0,Pro,99.0,14.0,0,1.0,0.0,7.0,23.0,1.0,1.0,0.0,1.0
CUST_04712,39,Finance,North America,SMB,15,0,Pro,99.0,27.3125,24,0.5,0.14583333333333334,6.0,5.0,0.549,1.0,1.143,3.0
CUST_04713,277,E-commerce,Asia-Pacific,Mid-market,1,0,Pro,199.0,29.0,4,0.0,0.0,7.0,23.0,1.0,1.0,0.0,0.0
CUST_04714,13,Technology,Europe,SMB,21,1,Basic,29.0,22.833333333333332,41,0.3333333333333333,0.22916666666666666,7.0,40.0,0.701,1.0,0.0,0.0
CUST_04715,35,Healthcare,Asia-Pacific,SMB,1,0,Basic,29.0,17.0,1,2.0,0.3333333333333333,7.0,23.0,1.0,1.0,1.0,1.0
CUST_04716,3,E-commerce,Latin America,SMB,7,1,Pro,99.0,23.75,11,0.25,0.125,7.0,23.0,0.674,1.0,0.0,0.0
CUST_04717,44,Healthcare,North America,SMB,1,0,Basic,29.0,20.5,2,1.0,0.0,7.0,23.0,1.0,1.0,0.0,1.0
CUST_04718,47,E-commerce,North America,SMB,2,1,Basic,29.0,10.333333333333334,3,0.0,0.0,7.0,23.0,1.113,1.0,0.0,0.0
CUST_04719,41,Technology,Europe,SMB,1,0,Basic,29.0,13.0,0,0.5,0.0,7.0,23.0,1.0,1.0,0.0,1.0
CUST_04720,124,Retail,Europe,Mid-market,8,1,Enterprise,499.0,43.0,34,0.2727272727272727,0.2727272727272727,7.0,23.0,0.674,1.0,0.0,0.0
CUST_04721,74,Retail,Europe,Mid-market,8,0,Basic,49.0,39.55555555555556,22,0.0,0.0,7.0,23.0,0.657,1.0,0.0,0.0
CUST_04722,31,Education,Asia-Pacific,SMB,5,1,Basic,29.0,20.5,11,0.16666666666666666,0.0,7.0,23.0,0.854,1.0,0.0,0.0
CUST_04723,33,E-commerce,North America,SMB,6,1,Basic,29.0,18.142857142857142,11,0.0,0.0,7.0,23.0,0.937,1.0,0.0,0.0
CUST_04724,12,Healthcare,Latin America,SMB,13,0,Basic,29.0,26.0,21,0.35714285714285715,0.17857142857142858,8.0,41.0,0.808,1.0,0.0,0.0
CUST_04725,2934,Education,North America,Enterprise,17,1,Pro,299.0,61.55,133,0.55,0.275,7.0,23.0,0.406,1.0,1.818,0.909
CUST_04726,172,Healthcare,North America,Mid-market,17,0,Basic,49.0,41.0,53,0.2222222222222222,0.16666666666666666,7.0,23.0,0.402,1.0,0.0,0.0
CUST_04727,126,Finance,Latin America,Mid-market,1,0,Pro,199.0,18.0,5,0.5,0.5,7.0,23.0,1.0,1.0,1.0,1.0
CUST_04728,400,Education,North America,Mid-market,1,1,Basic,49.0,26.5,2,1.0,1.0,7.0,23.0,1.0,1.0,1.0,1.0
CUST_04729,49,E-commerce,Asia-Pacific,SMB,1,1,Basic,29.0,18.0,4,0.0,0.0,7.0,23.0,1.0,1.0,0.0,0.0
CUST_04730,26,Healthcare,North America,SMB,4,1,Basic,29.0,18.8,9,0.2,0.2,7.0,23.0,0.931,1.0,0.0,0.0
CUST_04731,1,Retail,Europe,SMB,6,1,Basic,29.0,23.571428571428573,10,0.0,0.0,7.0,23.0,0.891,1.0,0.0,0.0
CUST_04732,89,Retail,North America,Mid-market,16,1,Pro,199.0,34.578947368421055,65,0.15789473684210525,0.15789473684210525,7.0,23.0,0.839,1.0,3.166,3.166
CUST_04733,33,Technology,Asia-Pacific,SMB,8,0,Basic,29.0,22.77777777777778,10,0.1111111111111111,0.1111111111111111,7.0,23.0,0.307,1.0,4.5,4.5
CUST_04734,482,E-commerce,North America,Mid-market,8,0,Basic,49.0,26.0,22,0.1111111111111111,0.0,7.0,23.0,0.885,1.0,0.0,0.0
CUST_04735,270,Finance,Asia-Pacific,Mid-market,4,0,Basic,49.0,36.6,9,0.2,0.0,7.0,23.0,1.011,1.0,0.0,0.0
CUST_04736,39,Retail,North America,SMB,11,0,Basic,29.0,25.75,16,0.25,0.0,7.0,23.0,0.796,1.0,0.0,2.0
CUST_04737,400,Healthcare,Asia-Pacific,Mid-market,22,1,Enterprise,499.0,40.76,81,0.2,0.08,8.0,27.0,0.442,1.0,0.0,2.5
CUST_04738,80,Retail,Asia-Pacific,Mid-market,13,0,Enterprise,499.0,39.357142857142854,42,0.42857142857142855,0.0,8.0,37.0,0.711,1.0,0.0,2.333
CUST_04739,42,Education,Europe,SMB,16,0,Basic,29.0,25.352941176470587,36,0.4117647058823529,0.058823529411764705,7.0,23.0,0.809,1.0,0.0,1.214
CUST_04740,278,E-commerce,Europe,Mid-market,10,1,Pro,199.0,41.72727272727273,47,0.2727272727272727,0.09090909090909091,9.0,38.0,0.767,1.0,0.0,0.0
CUST_04741,1031,Finance,Europe,Enterprise,6,0,Enterprise,999.0,56.42857142857143,41,0.2857142857142857,0.14285714285714285,7.0,23.0,0.691,1.0,0.0,1.75
CUST_04742,49,Technology,Europe,SMB,10,1,Pro,99.0,19.384615384615383,28,0.15384615384615385,0.07692307692307693,7.0,23.0,0.567,1.0,6.499,3.25
CUST_04743,2891,E-commerce,Europe,Enterprise,21,0,Enterprise,999.0,82.5,168,0.36363636363636365,0.2727272727272727,7.0,23.0,0.297,1.0,0.0,0.0
CUST_04744,46,Education,North America,SMB,17,0,Pro,99.0,22.944444444444443,23,0.05555555555555555,0.05555555555555555,7.0,23.0,0.37,1.0,0.0,0.0
CUST_04745,11,Education,Europe,SMB,1,0,Basic,29.0,10.0,4,0.0,0.0,7.0,23.0,1.0,1.0,0.0,0.0
CUST_04746,22,Finance,Latin America,SMB,12,0,Basic,29.0,22.53846153846154,29,0.3076923076923077,0.07692307692307693,7.0,23.0,0.843,1.0,0.0,0.0
CUST_04747,9,Retail,Europe,SMB,7,0,Basic,29.0,23.875,13,0.5,0.0,6.0,7.0,0.67,1.0,0.0,0.0
CUST_04748,44,Technology,Asia-Pacific,SMB,11,0,Basic,29.0,21.583333333333332,17,0.16666666666666666,0.16666666666666666,6.0,6.0,0.255,1.0,0.0,0.0
CUST_04749,1851,Technology,Europe,Enterprise,2,0,Enterprise,999.0,36.666666666666664,11,0.3333333333333333,0.3333333333333333,7.0,23.0,1.323,1.0,1.5,1.5
CUST_04750,30,Healthcare,Europe,SMB,23,0,Basic,29.0,24.666666666666668,36,0.2916666666666667,0.14583333333333334,7.0,23.0,0.649,1.0,0.0,1.714
CUST_04751,12,Healthcare,North America,SMB,19,0,Basic,29.0,18.65,41,0.45,0.16666666666666666,8.0,31.0,0.858,1.0,3.0,1.111
CUST_04752,18,Retail,North America,SMB,22,1,Basic,29.0,26.4,43,0.44,0.16,7.0,23.0,0.549,1.0,0.0,0.0
CUST_04753,205,Education,Europe,Mid-market,5,1,Pro,199.0,40.666666666666664,15,0.5,0.3333333333333333,7.0,23.0,0.602,1.0,3.0,3.0
CUST_04754,4,Finance,North America,SMB,6,1,Enterprise,299.0,14.0,14,0.0,0.0,7.0,23.0,0.821,1.0,0.0,0.0
CUST_04755,4,Retail,North America,SMB,2,0,Basic,29.0,14.0,3,0.3333333333333333,0.3333333333333333,7.0,23.0,0.75,1.0,1.5,1.5
CUST_04756,35,Finance,Latin America,SMB,7,1,Pro,99.0,19.625,13,0.625,0.0625,7.0,23.0,0.739,1.0,0.0,0.0
CUST_04757,14,Healthcare,Europe,SMB,11,1,Basic,29.0,28.166666666666668,11,0.25,0.16666666666666666,7.0,23.0,0.852,1.0,6.0,4.0
CUST_04758,35,Finance,Asia-Pacific,SMB,9,0,Basic,29.0,24.5,19,0.1,0.0,7.0,23.0,0.286,1.0,0.0,5.0
CUST_04759,33,Retail,Europe,SMB,7,0,Basic,29.0,23.5,9,0.25,0.125,7.0,23.0,1.043,1.0,0.0,0.0
CUST_04760,87,Retail,North America,Mid-market,23,0,Basic,49.0,41.0,95,0.25,0.08333333333333333,7.0,23.0,0.439,1.0,0.0,2.0
CUST_04761,1287,Technology,Europe,Enterprise,19,0,Enterprise,999.0,70.15,137,0.65,0.375,7.0,23.0,0.848,1.0,2.0,2.308
CUST_04762,37,Technology,North America,SMB,10,1,Basic,29.0,21.272727272727273,19,0.09090909090909091,0.09090909090909091,7.0,23.0,0.541,1.0,0.0,0.0
CUST_04763,74,Technology,North America,Mid-market,13,1,Pro,199.0,38.6875,51,0.5625,0.4375,7.0,23.0,0.569,1.0,0.0,0.0
CUST_04764,485,Finance,Europe,Mid-market,16,0,Basic,49.0,41.294117647058826,75,0.47058823529411764,0.2745098039215686,7.0,23.0,0.714,1.0,0.0,0.0
CUST_04765,38,Education,North America,SMB,12,0,Enterprise,299.0,24.0,26,0.15384615384615385,0.0,8.0,44.0,0.583,1.0,0.0,0.0
CUST_04766,16,Finance,North America,SMB,0,0,Basic,29.0,12.0,2,0.0,0.0,7.0,23.0,1.0,1.0,0.0,0.0
CUST_04767,330,Healthcare,Asia-Pacific,Mid-market,11,0,Basic,49.0,44.166666666666664,41,0.16666666666666666,0.16666666666666666,7.0,23.0,0.736,1.0,0.0,0.0
CUST_04768,3638,Education,Europe,Enterprise,14,0,Pro,299.0,72.13333333333334,104,0.4,0.3333333333333333,7.0,23.0,0.645,1.0,1.5,1.25
CUST_04769,364,E-commerce,Europe,Mid-market,18,0,Pro,199.0,42.1578947368421,65,0.3684210526315789,0.15789473684210525,7.0,23.0,0.629,1.0,3.166,2.714
CUST_04770,30,Technology,North America,SMB,9,0,Basic,29.0,25.3,14,0.0,0.0,7.0,20.0,0.652,1.0,0.0,0.0
CUST_04771,4,Healthcare,North America,SMB,22,0,Basic,29.0,22.217391304347824,36,0.08695652173913043,0.08695652173913043,7.0,23.0,0.315,1.0,0.0,0.0
CUST_04772,3384,Finance,North America,Enterprise,7,0,Enterprise,999.0,64.25,45,0.625,0.1875,7.0,23.0,0.724,1.0,2.667,2.4
CUST_04773,45,Healthcare,North America,SMB,5,0,Basic,29.0,18.333333333333332,13,0.16666666666666666,0.0,8.0,14.0,0.845,1.0,0.0,3.0
CUST_04774,47,E-commerce,Europe,SMB,4,1,Pro,99.0,23.8,5,0.4,0.2,5.0,4.0,0.651,1.0,0.0,0.0
CUST_04775,47,Healthcare,Europe,SMB,9,0,Basic,29.0,20.7,25,0.2,0.05,7.0,23.0,0.773,1.0,0.0,0.0
CUST_04776,223,Finance,Latin America,Mid-market,9,0,Pro,199.0,41.2,36,0.4,0.1,7.0,15.0,0.607,1.0,0.0,1.25
CUST_04777,3404,Healthcare,North America,Enterprise,2,0,Basic,99.0,42.0,12,0.0,0.0,7.0,23.0,1.036,1.0,0.0,0.0
CUST_04778,4621,Education,North America,Enterprise,13,0,Pro,299.0,65.5,105,0.21428571428571427,0.14285714285714285,7.0,23.0,0.763,1.0,3.5,4.666
CUST_04779,36,Technology,North America,SMB,15,1,Basic,29.0,27.0,25,0.16666666666666666,0.05555555555555555,7.0,23.0,0.556,1.0,0.0,0.0
CUST_04780,13,Finance,Asia-Pacific,SMB,23,1,Pro,99.0,26.115384615384617,55,0.15384615384615385,0.0,7.0,23.0,0.594,1.0,0.0,0.0
CUST_04781,8,Retail,Asia-Pacific,SMB,8,1,Basic,29.0,29.0,11,0.1111111111111111,0.0,7.0,23.0,0.845,1.0,0.0,0.0
CUST_04782,266,Retail,Asia-Pacific,Mid-market,0,0,Pro,199.0,19.0,4,1.0,1.0,7.0,23.0,1.0,1.0,1.0,1.0
CUST_04783,1765,Healthcare,Latin America,Enterprise,3,0,Pro,299.0,52.25,21,0.0,0.0,7.0,23.0,1.167,1.0,0.0,0.0
CUST_04784,24,Retail,North America,SMB,7,1,Basic,29.0,23.5,11,0.1,0.1,7.0,23.0,0.745,1.0,5.0,5.0
CUST_04785,4,Retail,Latin America,SMB,7,1,Enterprise,299.0,18.375,10,0.375,0.0625,7.0,23.0,0.653,1.0,3.999,2.667
CUST_04786,337,E-commerce,Asia-Pacific,Mid-market,12,1,Enterprise,499.0,38.30769230769231,54,0.5384615384615384,0.34615384615384615,7.0,23.0,0.535,1.0,1.444,0.929
CUST_04787,4057,Retail,Europe,Enterprise,12,1,Enterprise,999.0,62.733333333333334,112,0.6,0.23333333333333334,7.0,23.0,0.422,1.0,2.143,0.833
CUST_04788,4963,Healthcare,Latin America,Enterprise,9,0,Enterprise,999.0,49.6,69,0.8,0.5,7.0,23.0,0.635,1.0,2.0,1.25
CUST_04789,496,E-commerce,Europe,Mid-market,4,1,Enterprise,499.0,23.714285714285715,18,0.14285714285714285,0.0,7.0,23.0,0.801,1.0,0.0,0.0
CUST_04790,21,Retail,North America,SMB,5,0,Basic,29.0,18.0,11,0.3333333333333333,0.16666666666666666,7.0,23.0,0.806,1.0,0.0,0.0
CUST_04791,22,Technology,North America,SMB,3,0,Basic,29.0,21.25,3,0.5,0.25,7.0,23.0,1.153,1.0,2.0,1.0
CUST_04792,27,E-commerce,Latin America,SMB,11,0,Pro,99.0,20.166666666666668,18,0.25,0.08333333333333333,7.0,23.0,0.843,1.0,0.0,0.0
CUST_04793,15,E-commerce,North America,SMB,2,1,Pro,99.0,10.0,4,0.3333333333333333,0.0,7.0,23.0,0.6,1.0,0.0,1.5
CUST_04794,48,E-commerce,North America,SMB,14,0,Basic,29.0,20.4,23,0.2,0.13333333333333333,7.0,23.0,0.441,1.0,0.0,0.0
CUST_04795,317,Technology,North America,Mid-market,9,0,Basic,49.0,41.2,43,0.6,0.2,8.0,25.0,0.51,1.0,0.0,0.0
CUST_04796,32,Healthcare,North America,SMB,19,1,Basic,29.0,26.5,37,0.20833333333333334,0.0,7.0,23.0,0.679,1.0,0.0,0.0
CUST_04797,49,Technology,North America,SMB,9,0,Basic,29.0,23.7,12,0.3,0.0,7.0,23.0,0.316,1.0,0.0,3.333
CUST_04798,34,Technology,Europe,SMB,3,1,Enterprise,299.0,20.5,8,0.0,0.0,7.0,23.0,0.805,1.0,0.0,0.0
CUST_04799,44,Finance,North America,SMB,13,0,Basic,29.0,26.714285714285715,16,0.2857142857142857,0.0,7.0,32.0,0.636,1.0,0.0,0.0
CUST_04800,33,Education,Europe,SMB,7,1,Basic,29.0,23.5,8,0.0,0.0,7.0,23.0,0.745,1.0,0.0,0.0
CUST_04801,3156,E-commerce,Asia-Pacific,Enterprise,20,1,Enterprise,999.0,69.69565217391305,171,0.6521739130434783,0.391304347826087,7.0,23.0,0.653,1.0,2.555,2.3
CUST_04802,39,E-commerce,North America,SMB,11,1,Pro,99.0,21.666666666666668,17,0.0,0.0,7.0,23.0,0.669,1.0,0.0,0.0
CUST_04803,32,Healthcare,Asia-Pacific,SMB,2,1,Basic,29.0,18.333333333333332,7,0.0,0.0,7.0,23.0,0.955,1.0,0.0,0.0
CUST_04804,140,Education,Europe,Mid-market,4,0,Pro,199.0,34.4,15,0.6,0.1,7.0,23.0,0.61,1.0,2.5,1.667
CUST_04805,45,Technology,North America,SMB,2,0,Basic,29.0,15.0,3,0.0,0.0,7.0,23.0,1.033,1.0,0.0,0.0
CUST_04806,47,Technology,Europe,SMB,19,1,Basic,29.0,27.136363636363637,57,0.13636363636363635,0.0,7.0,23.0,0.534,1.0,0.0,0.0
CUST_04807,16,E-commerce,North America,SMB,2,0,Pro,99.0,12.666666666666666,2,0.6666666666666666,0.16666666666666666,7.0,23.0,0.711,1.0,1.5,1.5
CUST_04808,29,E-commerce,Europe,SMB,21,0,Basic,29.0,27.454545454545453,38,0.22727272727272727,0.022727272727272728,7.0,23.0,0.601,1.0,0.0,2.2
CUST_04809,49,Healthcare,North America,SMB,8,1,Basic,29.0,24.88888888888889,18,0.1111111111111111,0.1111111111111111,7.0,23.0,0.783,1.0,0.0,0.0
CUST_04810,27,Education,Asia-Pacific,SMB,1,1,Pro,99.0,14.0,3,0.5,0.0,7.0,23.0,1.0,1.0,0.0,1.0
CUST_04811,443,Technology,Europe,Mid-market,4,0,Basic,49.0,33.6,13,0.4,0.2,8.0,37.0,0.744,1.0,0.0,0.0
CUST_04812,9,Education,Asia-Pacific,SMB,3,0,Basic,29.0,15.0,3,0.25,0.0,7.0,23.0,0.5,1.0,0.0,0.0
CUST_04813,23,Technology,Latin America,SMB,1,0,Basic,29.0,15.5,1,0.5,0.5,7.0,23.0,1.0,1.0,1.0,1.0
CUST_04814,4,Education,North America,SMB,9,1,Basic,29.0,20.25,15,0.25,0.0,7.0,23.0,0.691,1.0,0.0,0.0
CUST_04815,5,Education,North America,SMB,7,0,Pro,99.0,20.25,11,0.25,0.125,7.0,23.0,0.37,1.0,0.0,0.0
CUST_04816,53,E-commerce,Europe,Mid-market,2,0,Basic,49.0,27.666666666666668,7,0.0,0.0,7.0,23.0,0.705,1.0,0.0,0.0
CUST_04817,46,Finance,Europe,SMB,1,0,Pro,99.0,11.0,2,0.0,0.0,7.0,23.0,1.0,1.0,0.0,0.0
CUST_04818,974,Healthcare,Asia-Pacific,Enterprise,10,1,Enterprise,999.0,68.54545454545455,79,0.8181818181818182,0.3181818181818182,7.0,23.0,0.554,1.0,1.571,1.222
CUST_04819,4017,Healthcare,Asia-Pacific,Enterprise,22,0,Enterprise,999.0,67.69565217391305,164,0.34782608695652173,0.21739130434782608,7.0,23.0,0.716,1.0,0.0,0.0
CUST_04820,378,E-commerce,Asia-Pacific,Mid-market,16,0,Pro,199.0,44.76470588235294,44,0.4117647058823529,0.23529411764705882,9.0,52.0,0.469,1.0,2.125,1.214
CUST_04821,19,Healthcare,North America,SMB,22,0,Basic,29.0,22.47826086956522,35,0.17391304347826086,0.0,6.0,20.0,0.845,1.0,0.0,2.875
CUST_04822,9,Retail,North America,SMB,0,0,Pro,99.0,15.0,2,0.0,0.0,7.0,23.0,1.0,1.0,0.0,0.0
CUST_04823,2583,Education,Asia-Pacific,Enterprise,19,0,Enterprise,999.0,65.5,124,0.45,0.3,9.0,34.0,0.427,1.0,0.0,0.0
CUST_04824,363,Retail,Asia-Pacific,Mid-market,16,1,Basic,49.0,40.578947368421055,49,0.631578947368421,0.3684210526315789,7.0,23.0,0.444,1.0,0.0,0.0
CUST_04825,322,Healthcare,Asia-Pacific,Mid-market,23,0,Pro,199.0,41.666666666666664,73,0.25,0.041666666666666664,7.0,23.0,0.624,1.0,0.0,2.0
CUST_04826,38,Technology,Asia-Pacific,SMB,9,0,Pro,99.0,21.5,17,0.3,0.1,7.0,23.0,0.721,1.0,0.0,0.0
CUST_04827,38,Retail,Europe,SMB,7,0,Basic,29.0,21.5,10,0.375,0.125,7.0,23.0,0.791,1.0,0.0,0.0
CUST_04828,3707,Healthcare,North America,Enterprise,3,0,Enterprise,999.0,53.0,17,0.5,0.5,7.0,23.0,0.981,1.0,2.0,2.0
CUST_04829,25,Healthcare,Europe,SMB,2,1,Pro,99.0,18.333333333333332,5,0.6666666666666666,0.0,7.0,23.0,0.9,1.0,0.0,1.5
CUST_04830,336,Healthcare,North America,Mid-market,4,0,Basic,49.0,29.4,15,0.2,0.2,7.0,23.0,0.85,1.0,0.0,0.0
CUST_04831,19,Retail,Europe,SMB,11,0,Basic,29.0,25.666666666666668,19,0.25,0.16666666666666666,7.0,23.0,0.76,1.0,3.0,2.0
CUST_04832,2,Retail,Asia-Pacific,SMB,13,0,Basic,29.0,20.785714285714285,21,0.35714285714285715,0.07142857142857142,7.0,23.0,0.746,1.0,0.0,0.0
CUST_04833,17,Education,Latin America,SMB,0,0,Basic,29.0,13.0,1,0.0,0.0,7.0,23.0,1.0,1.0,0.0,0.0
CUST_04834,3,Retail,North America,SMB,4,0,Basic,29.0,20.8,3,0.0,0.0,7.0,23.0,0.865,1.0,0.0,0.0
CUST_04835,36,Healthcare,Latin America,SMB,12,0,Basic,29.0,24.384615384615383,19,0.07692307692307693,0.0,7.0,23.0,0.451,1.0,0.0,0.0
CUST_04836,1,Healthcare,Europe,SMB,1,0,Basic,29.0,7.0,2,0.0,0.0,7.0,23.0,1.0,1.0,0.0,0.0
CUST_04837,3932,Technology,Europe,Enterprise,6,0,Basic,99.0,60.714285714285715,46,0.2857142857142857,0.14285714285714285,7.0,23.0,0.371,1.0,3.5,1.75
CUST_04838,41,Education,Asia-Pacific,SMB,18,0,Pro,99.0,21.789473684210527,28,0.15789473684210525,0.10526315789473684,7.0,23.0,0.665,1.0,0.0,0.0
CUST_04839,225,Education,Europe,Mid-market,6,1,Pro,199.0,31.857142857142858,23,0.0,0.0,7.0,23.0,0.628,1.0,0.0,0.0
CUST_04840,3485,E-commerce,Europe,Enterprise,15,0,Basic,99.0,67.875,120,0.3125,0.1875,9.0,45.0,0.376,1.0,0.0,0.0
CUST_04841,15,Technology,Asia-Pacific,SMB,4,0,Pro,99.0,23.0,8,0.4,0.2,7.0,23.0,0.783,1.0,2.5,2.5
CUST_04842,223,Education,Asia-Pacific,Mid-market,9,0,Pro,199.0,44.2,33,0.5,0.2,7.0,23.0,0.803,1.0,0.0,1.0
CUST_04843,2888,E-commerce,Asia-Pacific,Enterprise,2,0,Enterprise,999.0,36.666666666666664,9,0.0,0.0,7.0,23.0,1.186,1.0,0.0,0.0
CUST_04844,15,Technology,Asia-Pacific,SMB,2,1,Basic,29.0,9.333333333333334,4,0.6666666666666666,0.3333333333333333,7.0,23.0,0.804,1.0,1.5,1.5
CUST_04845,619,Finance,Latin America,Enterprise,3,0,Enterprise,999.0,39.0,16,0.5,0.5,7.0,23.0,0.821,1.0,2.0,2.0
CUST_04846,37,E-commerce,Europe,SMB,23,0,Basic,29.0,24.541666666666668,34,0.2916666666666667,0.16666666666666666,7.0,23.0,0.53,1.0,0.0,0.0
CUST_04847,22,Retail,North America,SMB,4,0,Basic,29.0,21.2,4,0.4,0.2,7.0,23.0,0.66,1.0,0.0,1.25
CUST_04848,2209,Education,Asia-Pacific,Enterprise,0,0,Enterprise,999.0,32.0,5,0.0,0.0,7.0,23.0,1.0,1.0,0.0,0.0
CUST_04849,259,Education,Asia-Pacific,Mid-market,21,0,Enterprise,499.0,38.72727272727273,87,0.22727272727272727,0.06818181818181818,9.0,47.0,0.478,1.0,0.0,0.0
CUST_04850,125,Education,North America,Mid-market,6,0,Enterprise,499.0,33.0,16,0.42857142857142855,0.047619047619047616,7.0,23.0,0.712,1.0,0.0,0.0
CUST_04851,3,Education,Latin America,SMB,23,0,Basic,29.0,24.75,49,0.25,0.08333333333333333,6.0,9.0,0.889,1.0,0.0,0.0
CUST_04852,3921,Education,Europe,Enterprise,17,0,Enterprise,999.0,59.888888888888886,105,0.3888888888888889,0.16666666666666666,7.0,23.0,0.468,1.0,3.0,1.286
CUST_04853,1582,E-commerce,Asia-Pacific,Enterprise,4,0,Pro,299.0,49.2,33,0.8,0.6,7.0,23.0,0.752,1.0,0.833,0.625
CUST_04854,328,Education,Europe,Mid-market,19,0,Basic,49.0,46.65,57,0.3,0.125,7.0,23.0,0.761,1.0,0.0,0.0
CUST_04855,482,Education,Europe,Mid-market,5,0,Pro,199.0,30.5,21,0.5,0.3333333333333333,7.0,23.0,0.738,1.0,1.5,1.0
CUST_04856,29,Finance,Europe,SMB,23,1,Basic,29.0,27.03846153846154,44,0.34615384615384615,0.10897435897435898,7.0,21.0,0.314,1.0,0.0,0.0
CUST_04857,7,Finance,Latin America,SMB,14,0,Pro,99.0,21.6,36,0.13333333333333333,0.06666666666666667,7.0,23.0,0.694,1.0,0.0,3.75
CUST_04858,24,Healthcare,Asia-Pacific,SMB,12,0,Basic,29.0,26.23076923076923,22,0.23076923076923078,0.07692307692307693,7.0,20.0,0.686,1.0,0.0,2.167
CUST_04859,6,Healthcare,Asia-Pacific,SMB,5,1,Basic,29.0,18.666666666666668,10,0.16666666666666666,0.16666666666666666,7.0,23.0,0.75,1.0,3.0,3.0
CUST_04860,37,Healthcare,Asia-Pacific,SMB,3,0,Pro,99.0,14.5,7,0.25,0.0,7.0,23.0,0.828,1.0,0.0,2.0
CUST_04861,10,E-commerce,Europe,SMB,12,0,Basic,29.0,19.76923076923077,18,0.15384615384615385,0.07692307692307693,7.0,23.0,0.733,1.0,0.0,0.0
CUST_04862,18,Technology,North America,SMB,17,0,Basic,29.0,28.166666666666668,24,0.1111111111111111,0.0,7.0,23.0,0.728,1.0,0.0,0.0
CUST_04863,3792,Technology,North America,Enterprise,20,1,Pro,299.0,69.34782608695652,164,0.34782608695652173,0.17391304347826086,7.0,23.0,0.512,1.0,2.875,2.875
CUST_04864,12,Technology,North America,SMB,7,1,Basic,29.0,24.5,12,0.125,0.0,6.0,12.0,0.694,1.0,0.0,0.0
CUST_04865,39,Education,North America,SMB,4,1,Enterprise,299.0,22.2,5,0.2,0.0,7.0,23.0,0.788,1.0,0.0,2.5
CUST_04866,97,Finance,Asia-Pacific,Mid-market,11,1,Enterprise,499.0,35.666666666666664,32,0.75,0.2916666666666667,7.0,23.0,0.561,1.0,2.571,2.667
CUST_04867,276,Retail,Europe,Mid-market,12,0,Pro,199.0,42.15384615384615,30,0.15384615384615385,0.15384615384615385,6.0,16.0,0.38,1.0,3.25,3.25
CUST_04868,29,Retail,Europe,SMB,7,0,Basic,29.0,22.75,8,0.125,0.0,7.0,23.0,0.615,1.0,0.0,4.0
CUST_04869,4,E-commerce,North America,SMB,15,0,Basic,29.0,28.75,26,0.125,0.0,7.0,23.0,0.539,1.0,0.0,0.0
CUST_04870,18,Technology,Asia-Pacific,SMB,14,0,Basic,29.0,24.333333333333332,35,0.26666666666666666,0.08888888888888888,8.0,31.0,0.699,1.0,0.0,0.0
CUST_04871,2298,Technology,Europe,Enterprise,8,0,Enterprise,999.0,68.44444444444444,65,0.5555555555555556,0.3333333333333333,7.0,23.0,0.687,1.0,0.0,0.9
CUST_04872,68,E-commerce,Europe,Mid-market,4,0,Basic,49.0,25.8,19,0.2,0.2,7.0,23.0,0.756,1.0,2.5,2.5
CUST_04873,19,Finance,Latin America,SMB,23,1,Basic,29.0,25.53846153846154,48,0.34615384615384615,0.038461538461538464,6.0,-13.0,0.685,1.0,0.0,2.889
CUST_04874,35,Healthcare,North America,SMB,7,1,Basic,29.0,19.5,8,0.25,0.25,7.0,23.0,0.615,1.0,0.0,0.0
CUST_04875,43,Technology,Europe,SMB,3,0,Basic,29.0,29.0,4,0.0,0.0,7.0,23.0,0.845,1.0,0.0,0.0
CUST_04876,14,Technology,Latin America,SMB,15,0,Basic,29.0,23.4375,21,0.3125,0.125,8.0,30.0,0.832,1.0,0.0,0.0
CUST_04877,353,Healthcare,Europe,Mid-market,18,0,Enterprise,499.0,40.89473684210526,63,0.3684210526315789,0.07894736842105263,7.0,23.0,0.734,1.0,0.0,1.357
CUST_04878,26,E-commerce,Europe,SMB,5,1,Basic,29.0,27.875,8,0.125,0.0,7.0,43.0,0.395,1.0,0.0,0.0
CUST_04879,30,Finance,Asia-Pacific,SMB,10,0,Enterprise,299.0,27.454545454545453,19,0.2727272727272727,0.0,7.0,23.0,0.419,1.0,0.0,0.0
CUST_04880,13,Technology,Europe,SMB,20,0,Basic,29.0,25.238095238095237,43,0.09523809523809523,0.09523809523809523,7.0,23.0,0.416,1.0,0.0,0.0
CUST_04881,26,Education,Asia-Pacific,SMB,20,0,Basic,29.0,28.238095238095237,36,0.19047619047619047,0.09523809523809523,7.0,23.0,0.354,1.0,0.0,0.0
CUST_04882,226,E-commerce,Europe,Mid-market,19,1,Pro,199.0,38.27272727272727,94,0.5,0.13636363636363635,7.0,23.0,0.47,1.0,5.5,3.0
CUST_04883,344,Technology,Asia-Pacific,Mid-market,6,0,Pro,199.0,30.0,15,0.0,0.0,7.0,23.0,0.617,1.0,0.0,0.0
CUST_04884,47,Healthcare,Latin America,SMB,19,1,Basic,29.0,20.90909090909091,32,0.09090909090909091,0.0,7.0,23.0,0.717,1.0,0.0,0.0
CUST_04885,648,Technology,Latin America,Enterprise,22,1,Enterprise,999.0,70.52,164,0.32,0.18,9.0,68.0,0.553,1.0,0.0,0.0
CUST_04886,337,E-commerce,North America,Mid-market,23,0,Basic,49.0,39.333333333333336,84,0.3333333333333333,0.125,8.0,37.0,0.572,1.0,0.0,1.5
CUST_04887,350,Healthcare,Europe,Mid-market,12,0,Pro,199.0,41.07692307692308,40,0.46153846153846156,0.38461538461538464,7.0,23.0,0.438,1.0,1.3,2.167
CUST_04888,905,E-commerce,Latin America,Enterprise,8,1,Enterprise,999.0,55.45454545454545,70,0.45454545454545453,0.2727272727272727,7.0,23.0,0.433,1.0,3.667,3.3
CUST_04889,489,Retail,Asia-Pacific,Mid-market,3,0,Pro,199.0,34.75,10,1.25,0.375,7.0,23.0,0.719,1.0,1.333,0.8
CUST_04890,198,E-commerce,Europe,Mid-market,7,0,Pro,199.0,31.625,26,0.25,0.0,7.0,23.0,1.012,1.0,0.0,2.0
CUST_04891,2,E-commerce,North America,SMB,6,0,Basic,29.0,20.0,10,0.2857142857142857,0.14285714285714285,7.0,23.0,0.7,1.0,3.5,1.75
CUST_04892,37,E-commerce,Latin America,SMB,3,0,Basic,29.0,13.5,6,0.5,0.5,7.0,23.0,0.667,1.0,1.0,1.0
CUST_04893,309,E-commerce,Asia-Pacific,Mid-market,14,0,Pro,199.0,43.13333333333333,49,0.4,0.26666666666666666,7.0,23.0,0.336,1.0,1.875,1.25
CUST_04894,3711,Retail,North America,Enterprise,20,0,Pro,299.0,70.52380952380952,128,0.6666666666666666,0.4126984126984127,9.0,29.0,0.269,1.0,2.019,3.0
CUST_04895,38,Technology,North America,SMB,8,0,Pro,99.0,23.22222222222222,16,0.3333333333333333,0.2222222222222222,7.0,23.0,0.452,1.0,2.25,1.5
CUST_04896,10,Education,Europe,SMB,18,1,Enterprise,299.0,25.304347826086957,35,0.30434782608695654,0.043478260869565216,8.0,21.0,0.494,1.0,11.497,1.643
CUST_04897,49,Technology,Europe,SMB,3,1,Pro,99.0,20.75,1,0.5,0.0,7.0,23.0,0.892,1.0,0.0,0.0
CUST_04898,29,Education,Europe,SMB,18,0,Basic,29.0,26.263157894736842,31,0.05263157894736842,0.0,7.0,23.0,0.343,1.0,0.0,0.0
CUST_04899,5,Education,North America,SMB,3,1,Basic,29.0,13.5,2,0.0,0.0,7.0,23.0,0.704,1.0,0.0,0.0
CUST_04900,41,Healthcare,North America,SMB,18,0,Pro,99.0,24.894736842105264,38,0.10526315789473684,0.05263157894736842,8.0,54.0,0.362,1.0,0.0,0.0
CUST_04901,290,Healthcare,Asia-Pacific,Mid-market,8,0,Enterprise,499.0,40.77777777777778,33,0.2222222222222222,0.1111111111111111,7.0,23.0,0.343,1.0,0.0,0.0
CUST_04902,5,Finance,Asia-Pacific,SMB,8,0,Basic,29.0,18.666666666666668,14,0.4444444444444444,0.05555555555555555,7.0,46.0,0.643,1.0,0.0,1.125
CUST_04903,24,Healthcare,North America,SMB,9,0,Pro,99.0,23.4,18,0.2,0.2,7.0,23.0,0.897,1.0,0.0,0.0
CUST_04904,144,Finance,Asia-Pacific,Mid-market,5,0,Pro,199.0,38.5,13,0.16666666666666666,0.16666666666666666,7.0,23.0,0.455,1.0,0.0,0.0
CUST_04905,178,E-commerce,Europe,Mid-market,21,0,Basic,49.0,40.77272727272727,65,0.18181818181818182,0.09090909090909091,7.0,23.0,0.785,1.0,0.0,0.0
CUST_04906,42,Healthcare,North America,SMB,13,0,Basic,29.0,26.5,25,0.14285714285714285,0.0,7.0,27.0,0.472,1.0,0.0,0.0
CUST_04907,48,Finance,Latin America,SMB,8,1,Basic,29.0,21.666666666666668,18,0.1111111111111111,0.1111111111111111,7.0,23.0,0.462,1.0,0.0,0.0
CUST_04908,59,Technology,Latin America,Mid-market,19,1,Enterprise,499.0,41.72727272727273,79,0.3181818181818182,0.18181818181818182,7.0,33.0,0.599,1.0,0.0,0.0
CUST_04909,2145,Healthcare,North America,Enterprise,21,0,Enterprise,999.0,71.72727272727273,159,0.2727272727272727,0.1590909090909091,7.0,23.0,0.551,1.0,0.0,0.0
CUST_04910,100,Education,North America,Mid-market,7,0,Basic,49.0,42.25,25,0.0,0.0,9.0,35.0,0.84,1.0,0.0,0.0
CUST_04911,45,Retail,Latin America,SMB,15,0,Pro,99.0,21.5,27,0.125,0.0625,6.0,15.0,0.791,1.0,0.0,0.0
CUST_04912,17,Retail,Asia-Pacific,SMB,9,0,Basic,29.0,25.5,24,0.3,0.1,7.0,23.0,0.569,1.0,0.0,1.667
CUST_04913,8,Education,Europe,SMB,16,0,Pro,99.0,23.529411764705884,30,0.17647058823529413,0.058823529411764705,7.0,23.0,0.361,1.0,0.0,0.0
CUST_04914,4689,Finance,Asia-Pacific,Enterprise,17,0,Enterprise,999.0,75.94444444444444,119,0.6666666666666666,0.3888888888888889,7.0,23.0,0.79,1.0,0.0,0.75
CUST_04915,8,Technology,North America,SMB,15,0,Basic,29.0,27.75,28,0.1875,0.0,7.0,23.0,0.775,1.0,0.0,0.0
CUST_04916,250,Technology,North America,Mid-market,10,0,Pro,199.0,42.0,45,0.2727272727272727,0.09090909090909091,7.0,23.0,0.726,1.0,0.0,1.833
CUST_04917,4,Finance,North America,SMB,4,1,Basic,29.0,20.8,8,0.0,0.0,7.0,23.0,0.697,1.0,0.0,0.0
CUST_04918,4,E-commerce,Asia-Pacific,SMB,16,0,Pro,99.0,24.294117647058822,38,0.0,0.0,7.0,23.0,0.7,1.0,0.0,0.0
CUST_04919,1474,Retail,Asia-Pacific,Enterprise,2,1,Enterprise,999.0,38.2,21,1.0,0.2,7.0,23.0,1.008,1.0,2.5,1.0
CUST_04920,34,Retail,North America,SMB,4,1,Basic,29.0,13.0,9,0.2,0.0,7.0,23.0,1.0,1.0,0.0,0.0
CUST_04921,491,E-commerce,North America,Mid-market,22,1,Basic,49.0,38.76,90,0.28,0.1,7.0,22.0,0.4,1.0,0.0,3.571
CUST_04922,30,E-commerce,Asia-Pacific,SMB,22,0,Pro,99.0,25.304347826086957,47,0.13043478260869565,0.06521739130434782,7.0,30.0,0.771,1.0,0.0,0.0
CUST_04923,33,E-commerce,Europe,SMB,6,0,Basic,29.0,19.428571428571427,4,0.14285714285714285,0.0,7.0,23.0,0.566,1.0,0.0,3.5
CUST_04924,33,Healthcare,North America,SMB,19,0,Basic,29.0,29.35,33,0.2,0.05,7.0,23.0,0.426,1.0,0.0,2.5
CUST_04925,17,Education,North America,SMB,4,0,Pro,99.0,20.0,5,0.4,0.0,7.0,23.0,0.525,1.0,0.0,0.0
CUST_04926,29,Education,Asia-Pacific,SMB,11,0,Basic,29.0,23.0,18,0.25,0.041666666666666664,5.0,0.0,0.783,1.0,0.0,0.0
CUST_04927,42,Healthcare,Europe,SMB,3,1,Basic,29.0,20.25,5,0.0,0.0,7.0,23.0,0.691,1.0,0.0,0.0
CUST_04928,42,Technology,North America,SMB,1,0,Basic,29.0,12.5,1,0.0,0.0,7.0,23.0,1.0,1.0,0.0,0.0
CUST_04929,24,Retail,Asia-Pacific,SMB,21,1,Pro,99.0,26.115384615384617,38,0.2692307692307692,0.038461538461538464,7.0,23.0,0.421,1.0,0.0,0.0
CUST_04930,3658,Technology,Latin America,Enterprise,23,1,Basic,99.0,73.0,205,0.5,0.2857142857142857,6.0,5.0,0.336,1.0,0.0,0.0
CUST_04931,344,E-commerce,Asia-Pacific,Mid-market,4,0,Pro,199.0,21.4,16,0.6,0.2,7.0,23.0,0.794,1.0,2.5,0.833
CUST_04932,13,Technology,Latin America,SMB,6,1,Basic,29.0,18.428571428571427,11,0.42857142857142855,0.07142857142857142,7.0,23.0,0.57,1.0,0.0,0.0
CUST_04933,48,Retail,Europe,SMB,1,0,Basic,29.0,12.5,3,0.0,0.0,7.0,23.0,1.0,1.0,0.0,0.0
CUST_04934,255,E-commerce,Europe,Mid-market,11,0,Basic,49.0,38.166666666666664,41,0.25,0.16666666666666666,7.0,23.0,0.498,1.0,3.0,2.0
CUST_04935,4994,Technology,North America,Enterprise,23,0,Pro,299.0,69.91666666666667,177,0.3333333333333333,0.14583333333333334,7.0,23.0,0.658,1.0,0.0,0.0
CUST_04936,7,Healthcare,Latin America,SMB,20,1,Enterprise,299.0,24.0,32,0.34782608695652173,0.13043478260869565,7.0,8.0,0.542,1.0,0.0,1.437
CUST_04937,48,Finance,Latin America,SMB,19,1,Basic,29.0,23.59090909090909,28,0.2727272727272727,0.22727272727272727,7.0,23.0,0.53,1.0,0.0,0.0
CUST_04938,26,Healthcare,Europe,SMB,3,1,Basic,29.0,19.75,6,0.0,0.0,7.0,29.0,0.734,1.0,0.0,0.0
CUST_04939,482,Retail,Europe,Mid-market,11,1,Pro,199.0,42.75,46,0.3333333333333333,0.125,7.0,23.0,0.538,1.0,0.0,1.5
CUST_04940,3886,Finance,Europe,Enterprise,18,1,Enterprise,999.0,57.904761904761905,161,0.6666666666666666,0.47619047619047616,7.0,23.0,0.328,1.0,1.05,0.75
CUST_04941,1,Retail,North America,SMB,14,1,Basic,29.0,24.764705882352942,28,0.11764705882352941,0.058823529411764705,7.0,23.0,0.586,1.0,0.0,4.25
CUST_04942,136,E-commerce,North America,Mid-market,8,1,Basic,49.0,34.18181818181818,34,1.0,0.36363636363636365,7.0,23.0,0.322,1.0,2.062,1.5
CUST_04943,17,Education,Europe,SMB,19,0,Pro,99.0,23.95,45,0.1,0.1,7.0,23.0,0.668,1.0,0.0,0.0
CUST_04944,48,E-commerce,Asia-Pacific,SMB,7,1,Basic,29.0,17.25,16,0.125,0.125,7.0,23.0,0.232,1.0,4.0,4.0
CUST_04945,481,Technology,Europe,Mid-market,9,0,Basic,49.0,38.5,24,0.7,0.6,7.0,23.0,0.584,1.0,0.0,0.0
CUST_04946,4792,Education,Asia-Pacific,Enterprise,8,0,Pro,299.0,66.11111111111111,54,0.7777777777777778,0.4444444444444444,7.0,23.0,0.945,1.0,2.25,1.929
CUST_04947,450,Technology,North America,Mid-market,20,0,Enterprise,499.0,44.38095238095238,68,0.2857142857142857,0.11904761904761904,7.0,23.0,0.473,1.0,4.2,1.75
CUST_04948,1727,Retail,Europe,Enterprise,12,1,Enterprise,999.0,63.0,108,0.3333333333333333,0.1111111111111111,7.0,23.0,0.841,1.0,3.0,4.5
CUST_04949,1,Retail,North America,SMB,0,0,Basic,29.0,21.0,1,0.0,0.0,7.0,23.0,1.0,1.0,0.0,0.0
CUST_04950,13,Healthcare,Latin America,SMB,1,0,Basic,29.0,19.5,1,0.0,0.0,7.0,23.0,1.0,1.0,0.0,0.0
CUST_04951,45,Technology,Asia-Pacific,SMB,18,0,Pro,99.0,20.473684210526315,39,0.10526315789473684,0.05263157894736842,8.0,41.0,0.342,1.0,0.0,4.75
CUST_04952,238,Technology,Europe,Mid-market,8,0,Enterprise,499.0,37.55555555555556,31,0.2222222222222222,0.0,7.0,23.0,0.439,1.0,0.0,0.0
CUST_04953,4238,E-commerce,North America,Enterprise,15,0,Pro,299.0,69.9375,110,0.375,0.21875,8.0,23.0,0.508,1.0,0.0,0.0
CUST_04954,144,Healthcare,Europe,Mid-market,0,0,Enterprise,499.0,10.0,1,0.0,0.0,7.0,23.0,1.0,1.0,0.0,0.0
CUST_04955,38,E-commerce,Europe,SMB,19,1,Basic,29.0,28.833333333333332,35,0.08333333333333333,0.0,7.0,23.0,0.451,1.0,0.0,5.999
CUST_04956,35,Education,North America,SMB,3,1,Basic,29.0,19.5,7,0.0,0.0,7.0,23.0,0.59,1.0,0.0,0.0
CUST_04957,19,Finance,Latin America,SMB,4,0,Basic,29.0,26.6,5,0.0,0.0,7.0,23.0,0.846,1.0,0.0,0.0
CUST_04958,141,Finance,Asia-Pacific,Mid-market,10,1,Pro,199.0,36.72727272727273,39,0.2727272727272727,0.18181818181818182,7.0,23.0,0.722,1.0,0.0,1.833
CUST_04959,398,Finance,North America,Mid-market,14,1,Pro,199.0,40.705882352941174,44,0.6470588235294118,0.29411764705882354,7.0,23.0,0.491,1.0,1.7,1.545
CUST_04960,45,Technology,North America,SMB,9,0,Basic,29.0,20.4,13,0.2,0.0,5.0,19.0,0.417,1.0,0.0,0.0
CUST_04961,4682,Healthcare,North America,Enterprise,22,1,Pro,299.0,72.56,191,0.36,0.36,7.0,23.0,0.317,1.0,1.389,1.389
CUST_04962,485,Technology,North America,Mid-market,4,0,Enterprise,499.0,36.0,16,0.2,0.0,8.0,33.0,0.736,1.0,0.0,0.0
CUST_04963,3342,E-commerce,Latin America,Enterprise,8,0,Basic,99.0,51.333333333333336,59,0.1111111111111111,0.1111111111111111,7.0,23.0,0.955,1.0,0.0,0.0
CUST_04964,20,Finance,Latin America,SMB,3,0,Basic,29.0,12.25,5,0.0,0.0,7.0,23.0,0.857,1.0,0.0,0.0
CUST_04965,143,Retail,North America,Mid-market,7,0,Pro,199.0,36.125,28,0.25,0.0,7.0,23.0,0.526,1.0,0.0,0.0
CUST_04966,28,Education,Europe,SMB,8,0,Basic,29.0,25.11111111111111,13,0.3333333333333333,0.2222222222222222,7.0,27.0,0.637,1.0,0.0,1.5
CUST_04967,126,E-commerce,Europe,Mid-market,11,0,Enterprise,499.0,30.916666666666668,38,0.3333333333333333,0.16666666666666666,7.0,23.0,0.501,1.0,0.0,0.0
CUST_04968,48,Technology,Europe,SMB,0,0,Basic,29.0,5.0,0,0.0,0.0,7.0,23.0,1.0,1.0,0.0,0.0
CUST_04969,27,Retail,North America,SMB,21,0,Pro,99.0,28.0,44,0.45454545454545453,0.11363636363636363,7.0,2.0,0.607,1.0,0.0,0.0
CUST_04970,29,Finance,Europe,SMB,3,0,Basic,29.0,13.5,6,0.25,0.0,7.0,23.0,0.593,1.0,0.0,2.0
CUST_04971,44,E-commerce,Latin America,SMB,3,0,Pro,99.0,18.25,3,0.25,0.25,7.0,23.0,0.685,1.0,2.0,2.0
CUST_04972,14,Education,North America,SMB,18,0,Basic,29.0,26.105263157894736,23,0.15789473684210525,0.10526315789473684,6.0,20.0,0.69,1.0,4.75,6.333
CUST_04973,90,E-commerce,North America,Mid-market,2,0,Basic,49.0,20.0,3,0.0,0.0,7.0,23.0,1.225,1.0,0.0,0.0
CUST_04974,36,Technology,Asia-Pacific,SMB,8,1,Pro,99.0,25.88888888888889,17,0.2222222222222222,0.2222222222222222,7.0,27.0,0.599,1.0,2.25,2.25
CUST_04975,43,Education,North America,SMB,10,0,Basic,29.0,25.90909090909091,16,0.36363636363636365,0.045454545454545456,7.0,23.0,0.579,1.0,0.0,0.0
CUST_04976,30,Retail,Europe,SMB,5,0,Basic,29.0,17.666666666666668,9,0.0,0.0,7.0,23.0,0.594,1.0,0.0,0.0
CUST_04977,3,Education,Asia-Pacific,SMB,19,1,Pro,99.0,27.727272727272727,55,0.18181818181818182,0.09090909090909091,7.0,23.0,0.451,1.0,0.0,0.0
CUST_04978,130,Technology,North America,Mid-market,0,0,Pro,199.0,35.0,2,0.0,0.0,7.0,23.0,1.0,1.0,0.0,0.0
CUST_04979,1092,Healthcare,Asia-Pacific,Enterprise,10,0,Enterprise,999.0,79.27272727272727,59,0.45454545454545453,0.36363636363636365,7.0,23.0,0.87,1.0,0.0,0.0
CUST_04980,526,Retail,Asia-Pacific,Enterprise,7,0,Basic,99.0,59.25,52,0.625,0.375,7.0,23.0,1.224,1.0,1.333,0.8
CUST_04981,31,Technology,Latin America,SMB,1,0,Basic,29.0,21.5,3,0.5,0.0,7.0,23.0,1.0,1.0,0.0,1.0
CUST_04982,32,Technology,North America,SMB,8,1,Pro,99.0,24.0,18,0.4444444444444444,0.2222222222222222,7.0,23.0,0.875,1.0,0.0,1.125
CUST_04983,22,Education,Latin America,SMB,1,0,Basic,29.0,11.5,2,0.5,0.0,7.0,23.0,1.0,1.0,0.0,1.0
CUST_04984,33,Healthcare,Latin America,SMB,12,0,Basic,29.0,24.153846153846153,25,0.07692307692307693,0.0,8.0,37.0,0.248,1.0,0.0,0.0
CUST_04985,16,Technology,Europe,SMB,4,0,Pro,99.0,18.0,4,0.0,0.0,7.0,23.0,0.806,1.0,0.0,0.0
CUST_04986,17,Healthcare,Europe,SMB,19,0,Basic,29.0,22.35,46,0.2,0.1,8.0,10.0,1.007,1.0,0.0,2.5
CUST_04987,23,Retail,North America,SMB,11,0,Basic,29.0,27.666666666666668,21,0.16666666666666666,0.08333333333333333,7.0,23.0,0.849,1.0,0.0,0.0
CUST_04988,46,Finance,Asia-Pacific,SMB,22,1,Basic,29.0,25.4,54,0.24,0.04,7.0,10.0,0.295,1.0,0.0,2.083
CUST_04989,46,E-commerce,North America,SMB,11,1,Basic,29.0,23.833333333333332,19,0.16666666666666666,0.0,7.0,23.0,0.734,1.0,0.0,0.0
CUST_04990,87,Technology,Europe,Mid-market,0,0,Pro,199.0,27.0,2,0.0,0.0,7.0,23.0,1.0,1.0,0.0,0.0
CUST_04991,128,E-commerce,North America,Mid-market,18,1,Pro,199.0,43.0,78,0.2857142857142857,0.07142857142857142,6.0,19.0,0.628,1.0,0.0,0.0
CUST_04992,23,Retail,Europe,SMB,6,0,Basic,29.0,15.285714285714286,9,0.0,0.0,7.0,23.0,0.458,1.0,0.0,0.0
CUST_04993,36,Finance,Asia-Pacific,SMB,1,1,Basic,29.0,13.5,1,0.5,0.0,7.0,23.0,1.0,1.0,0.0,1.0
CUST_04994,399,Education,North America,Mid-market,1,1,Basic,49.0,22.0,1,0.0,0.0,7.0,23.0,1.0,1.0,0.0,0.0
CUST_04995,2653,E-commerce,Latin America,Enterprise,4,0,Pro,299.0,51.6,31,0.4,0.2,7.0,23.0,0.872,1.0,0.0,1.25
CUST_04996,451,Education,North America,Mid-market,5,0,Basic,49.0,34.0,22,0.16666666666666666,0.0,7.0,23.0,0.647,1.0,0.0,0.0
CUST_04997,46,Retail,Latin America,SMB,2,1,Basic,29.0,14.666666666666666,1,0.3333333333333333,0.3333333333333333,7.0,23.0,0.818,1.0,1.5,1.5
CUST_04998,39,Education,North America,SMB,14,0,Basic,29.0,24.333333333333332,27,0.2,0.1,5.0,-4.0,0.493,1.0,5.0,2.5
CUST_04999,24,Retail,Europe,SMB,12,0,Pro,99.0,26.266666666666666,31,0.4,0.26666666666666666,7.0,23.0,0.495,1.0,0.0,1.25
CUST_05000,4,Healthcare,Europe,SMB,9,1,Basic,29.0,22.916666666666668,22,0.0,0.0,7.0,23.0,0.48,1.0,0.0,0.0
